artist_name_ko_orig,artist_name_ko,platform,entity_id_raw,raw_name,n_works,median_krw,min_krw,max_krw,동명이인 메모,profile_url,cv_url,sample_artwork_url_1,sample_artwork_url_2,sample_artwork_url_3,sample_image_url_1,sample_image_url_2,sample_image_url_3
김수영,김수영_A,saatchi,2543711,soo young kim,48,836280,270480,12351000,o,https://www.saatchiart.com/account/artist/2543711,https://www.saatchiart.com/account/artist/2543711,https://www.saatchiart.com/art/Mixed-Media-ants-5/2543711/13218607/view,https://www.saatchiart.com/art/Mixed-Media-Butterfly-Queen-00/2543711/13283847/view,https://www.saatchiart.com/art/Mixed-Media-Butterfly-Queen-0/2543711/13283835/view,https://images.saatchiart.com/saatchi/2543711/art/13218607/12280743-UDRMVFNH-7.jpg,https://images.saatchiart.com/saatchi/2543711/art/13283847/12345981-BWHHNTAR-7.jpg,https://images.saatchiart.com/saatchi/2543711/art/13283835/12345969-CEEIMBRL-7.jpg
김수영,김수영_B,artsy,kim-soo-young,Kim Soo Young,25,2760000,828000,12006000,김수영_A 와 같은작가,https://www.artsy.net/artist/kim-soo-young,https://www.artsy.net/artist/kim-soo-young/cv,https://www.artsy.net/artwork/kim-soo-young-queen-32-1,https://www.artsy.net/artwork/kim-soo-young-queen-31-1,https://www.artsy.net/artwork/kim-soo-young-queen-10236-1,https://d32dm0rphc51dk.cloudfront.net/GkzX13fHLYgMH6yWJfKsSw/large.jpg,https://d32dm0rphc51dk.cloudfront.net/sTkij0X40TEl09aWY9XCaA/large.jpg,https://d32dm0rphc51dk.cloudfront.net/20sB0w57NdRcl-UgScnHrA/large.jpg
김수현,김수현_A,saatchi,817800,su hyun kim,95,10764000,234600,57201000,o,https://www.saatchiart.com/kimsu,https://www.saatchiart.com/kimsu,https://www.saatchiart.com/art/Drawing-Tension-I/817800/3321913/view,https://www.saatchiart.com/art/Drawing-Walking-Road-IV/817800/3326138/view,https://www.saatchiart.com/art/Drawing-Walking-Road-V/817800/3326271/view,https://images.saatchiart.com/saatchi/817800/art/3512782/2582669-HSC00002-7.jpg,https://images.saatchiart.com/saatchi/817800/art/3517008/2586895-HSC00001-7.jpg,https://images.saatchiart.com/saatchi/817800/art/3517141/2587028-HSC00923-7.jpg
김수현,김수현_B,artsy,suhyun-kim-gimsuhyeon,Suhyun KIM  김수현,5,1656000,1656000,2208000,o,https://www.artsy.net/artist/suhyun-kim-gimsuhyeon,https://www.artsy.net/artist/suhyun-kim-gimsuhyeon/cv,https://www.artsy.net/artwork/suhyun-kim-gimsuhyeon-dasi-dareun-badaro,https://www.artsy.net/artwork/suhyun-kim-gimsuhyeon-mannaneun-mulgyeol,https://www.artsy.net/artwork/suhyun-kim-gimsuhyeon-dasi-heureunda,https://d32dm0rphc51dk.cloudfront.net/G2JzreGe33kJp0VQoZ3yFQ/large.jpg,https://d32dm0rphc51dk.cloudfront.net/rUXVeHgoLlsjlBeR2kULcg/large.jpg,https://d32dm0rphc51dk.cloudfront.net/eXBohck9zUQ5p0439EOelQ/large.jpg
김시영,김시영_A,saatchi,1094175,siyeong kim,17,2980800,1545600,21886800,o,https://www.saatchiart.com/kimsiyeong,https://www.saatchiart.com/kimsiyeong,https://www.saatchiart.com/art/Painting-congratulations-1-10p/1094175/4352983/view,https://www.saatchiart.com/art/Painting-Sunrise-1/1094175/4352963/view,https://www.saatchiart.com/art/Painting-sail-1-20m/1094175/4352976/view,https://images.saatchiart.com/saatchi/1094175/art/4871099/3940927-HSC00001-7.jpg,https://images.saatchiart.com/saatchi/1094175/art/4871059/3940887-HSC00001-7.jpg,https://images.saatchiart.com/saatchi/1094175/art/4871085/3940913-HSC00001-7.jpg
김시영,김시영_B,artsy,kim-syyoung,Kim Syyoung,6,33120000,33120000,96600000,o,https://www.artsy.net/artist/kim-syyoung,https://www.artsy.net/artist/kim-syyoung/cv,https://www.artsy.net/artwork/kim-syyoung-planet-ts-51,https://www.artsy.net/artwork/kim-syyoung-planet-ts-37-2,https://www.artsy.net/artwork/kim-syyoung-planet-ts-37-1,https://d32dm0rphc51dk.cloudfront.net/kZfiRnvjyVOZJmkQgSEnsA/large.jpg,https://d32dm0rphc51dk.cloudfront.net/Psskv4kiRUBss7AzERc-Iw/large.jpg,https://d32dm0rphc51dk.cloudfront.net/jX6jwj_631jIx-LFld0QGw/large.jpg
김우진,김우진_A,saatchi,718522,woojin kim,10,10432800,4387020,25254000,o,https://www.saatchiart.com/account/artist/718522,https://www.saatchiart.com/account/artist/718522,https://www.saatchiart.com/art/Sculpture-horse/718522/6675033/view,https://www.saatchiart.com/art/Sculpture-HORSE/718522/13540977/view,https://www.saatchiart.com/art/Sculpture-DEER/718522/13540927/view,https://images.saatchiart.com/saatchi/718522/art/6675033/5744699-HSC00001-7.jpg,https://images.saatchiart.com/saatchi/718522/art/13540977/12603107-UIMDLGWH-7.jpg,https://images.saatchiart.com/saatchi/718522/art/13540927/12603057-JNBENHAI-7.jpg
김우진,김우진_B,saatchi,1788011,woojin kim,7,634800,634800,883200,o,https://www.saatchiart.com/woojinkim,https://www.saatchiart.com/woojinkim,https://www.saatchiart.com/art/Photography-Isolation-Limited-Edition-of-1/1788011/8436417/view,https://www.saatchiart.com/art/Photography-follow-me-Limited-Edition-of-1/1788011/8436471/view,https://www.saatchiart.com/art/Photography-island-Limited-Edition-of-1/1788011/8498136/view,https://images.saatchiart.com/saatchi/1788011/art/8436417/7500599-HSC00002-7.jpg,https://images.saatchiart.com/saatchi/1788011/art/8436471/7500652-HSC00002-7.jpg,https://images.saatchiart.com/saatchi/1788011/art/8498136/7562259-HSC00002-7.jpg
김우진,김우진_C,artsy,woojin-kim,Woojin Kim,2,5500000,5500000,5500000,김우진_A와 같은작가,https://www.artsy.net/artist/woojin-kim,https://www.artsy.net/artist/woojin-kim/cv,https://www.artsy.net/artwork/woojin-kim-deer-27,https://www.artsy.net/artwork/woojin-kim-deer-28,,https://d32dm0rphc51dk.cloudfront.net/Vg1p7SkdoUYY0frbqikVuA/large.jpg,https://d32dm0rphc51dk.cloudfront.net/yx0P5AYOI1QMhyFU4QSeNg/large.jpg,
김윤섭,김윤섭_A,artsy,yunseob-kim,Yunseob Kim,8,11730000,4830000,20700000,o,https://www.artsy.net/artist/yunseob-kim,https://www.artsy.net/artist/yunseob-kim/cv,https://www.artsy.net/artwork/yunseob-kim-folded-time-1,https://www.artsy.net/artwork/yunseob-kim-the-runner-p,https://www.artsy.net/artwork/yunseob-kim-running-crew,https://d32dm0rphc51dk.cloudfront.net/9n5KuVp5Atiu564XpyW6yw/large.jpg,https://d32dm0rphc51dk.cloudfront.net/ks9Q3C0aYpGs5HnUZgbHHQ/large.jpg,https://d32dm0rphc51dk.cloudfront.net/TiAvo9trYVFMqvsz3dcWbg/large.jpg
김윤섭,김윤섭_B,saatchi,706952,yunseob kim,7,5078400,3298200,35990400,김윤섭_A와 같은작가,https://www.saatchiart.com/kkiparang,https://www.saatchiart.com/kkiparang,https://www.saatchiart.com/art/Photography-Untitle-8/706952/2027863/view,https://www.saatchiart.com/art/Photography-Untitle-7/706952/2025937/view,https://www.saatchiart.com/art/Photography-Untitle-1/706952/2025888/view,https://images.saatchiart.com/saatchi/706952/art/2217714/1292976-HSC00001-7.jpg,https://images.saatchiart.com/saatchi/706952/art/2215788/1291058-HSC00001-7.jpg,https://images.saatchiart.com/saatchi/706952/art/2215739/1291009-HSC00001-7.jpg
김윤섭,김윤섭_C,saatchi,1193739,yunseob kim,5,14062200,1749840,64446000,김윤섭_A와 같은작가,https://www.saatchiart.com/account/artist/1193739,https://www.saatchiart.com/account/artist/1193739,https://www.saatchiart.com/art/Painting-John-Cage-with-an-Old-Man-and-the-Saint/1193739/4779766/view,https://www.saatchiart.com/art/Painting-Pilgrim-Series-Darth-Vader/1193739/4779747/view,https://www.saatchiart.com/art/Painting-The-Ghost/1193739/4779773/view,https://images.saatchiart.com/saatchi/1193739/art/5725679/4795481-HSC00002-7.jpg,https://images.saatchiart.com/saatchi/1193739/art/5725641/4795443-HSC00002-7.jpg,https://images.saatchiart.com/saatchi/1193739/art/5725693/4795495-HSC00001-7.jpg
김윤섭,김윤섭_D,artue,yunseob-kim-1,Yunseob Kim,1,19706400,19706400,19706400,김윤섭_A와 같은작가,https://artue.io/work/yunseob-kim-11,https://artue.io/work/yunseob-kim-11,https://artue.io/work/yunseob-kim-1,,,,,
김윤섭,김윤섭_E,artue,yunseob-kim-11,Yunseob Kim,1,5865000,5865000,5865000,김윤섭_A와 같은작가,https://artue.io/work/yunseob-kim-11,https://artue.io/work/yunseob-kim-11,https://artue.io/work/yunseob-kim-11,,,,,
김윤섭,김윤섭_F,artue,yunseob-kim-14,Yunseob Kim,1,14904000,14904000,14904000,김윤섭_A와 같은작가,https://artue.io/work/yunseob-kim-11,https://artue.io/work/yunseob-kim-11,https://artue.io/work/yunseob-kim-14,,,,,
김윤섭,김윤섭_G,artue,yunseob-kim-16,Yunseob Kim,1,29670000,29670000,29670000,김윤섭_A와 같은작가,https://artue.io/work/yunseob-kim-11,https://artue.io/work/yunseob-kim-11,https://artue.io/work/yunseob-kim-16,,,,,
김윤섭,김윤섭_H,artue,yunseob-kim-2,Yunseob Kim,1,8832000,8832000,8832000,김윤섭_A와 같은작가,https://artue.io/work/yunseob-kim-11,https://artue.io/work/yunseob-kim-11,https://artue.io/work/yunseob-kim-2,,,,,
김윤섭,김윤섭_I,artue,yunseob-kim-3,Yunseob Kim,1,6900000,6900000,6900000,김윤섭_A와 같은작가,https://artue.io/work/yunseob-kim-11,https://artue.io/work/yunseob-kim-11,https://artue.io/work/yunseob-kim-3,,,,,
김은주,김은주_A,artsy,eunju-kim-1,Eunju Kim,22,1276500,552000,11040000,o,https://www.artsy.net/artist/eunju-kim-1,https://www.artsy.net/artist/eunju-kim-1/cv,https://www.artsy.net/artwork/eunju-kim-time-of-light,https://www.artsy.net/artwork/eunju-kim-kobus-magnolia-4,https://www.artsy.net/artwork/eunju-kim-kobus-magnolia,https://d32dm0rphc51dk.cloudfront.net/34H-OsyeJ2YAYgvjqmnpvg/large.jpg,https://d32dm0rphc51dk.cloudfront.net/qvklX5WwRkvC2fMuAcQyuw/large.jpg,https://d32dm0rphc51dk.cloudfront.net/tTbuf-DJYs0a-jDROhy6Lw/large.jpg
김은주,김은주_B,artsy,eunju-kim,Eunju Kim,8,2208000,2070000,2484000,o,https://www.artsy.net/artist/eunju-kim,https://www.artsy.net/artist/eunju-kim/cv,https://www.artsy.net/artwork/eunju-kim-try-to-draw-240825,https://www.artsy.net/artwork/eunju-kim-try-to-draw-241224,https://www.artsy.net/artwork/eunju-kim-try-to-draw-240816,https://d32dm0rphc51dk.cloudfront.net/YH9X34tTwIyWRgBFzBjoVQ/large.jpg,https://d32dm0rphc51dk.cloudfront.net/qeqTOsokJfd5IcAfZRhinw/large.jpg,https://d32dm0rphc51dk.cloudfront.net/DUIEmJ1uWhRFsq5qFS55Zw/large.jpg
김은주,김은주_Y,artue,eunju-kim-11,Eunju Kim,1,866640,866640,866640,김은주_A와 같은작가,https://artue.io/work/eunju-kim-43,https://artue.io/work/eunju-kim-43,https://artue.io/work/eunju-kim-11,,,,,
김은주,김은주_O,artue,eunju-kim-44,Eunju Kim,1,694140,694140,694140,김은주_A와 같은작가,https://artue.io/work/eunju-kim-43,https://artue.io/work/eunju-kim-43,https://artue.io/work/eunju-kim-44,,,,,
김은주,김은주_H,artue,eunju-kim-37,Eunju Kim,1,808680,808680,808680,김은주_A와 같은작가,https://artue.io/work/eunju-kim-43,https://artue.io/work/eunju-kim-43,https://artue.io/work/eunju-kim-37,,,,,
김은주,김은주_I,artue,eunju-kim-38,Eunju Kim,1,481620,481620,481620,김은주_A와 같은작가,https://artue.io/work/eunju-kim-43,https://artue.io/work/eunju-kim-43,https://artue.io/work/eunju-kim-38,,,,,
김은주,김은주_J,artue,eunju-kim-39,Eunju Kim,1,481620,481620,481620,김은주_A와 같은작가,https://artue.io/work/eunju-kim-43,https://artue.io/work/eunju-kim-43,https://artue.io/work/eunju-kim-39,,,,,
김은주,김은주_K,artue,eunju-kim-40,Eunju Kim,1,4620240,4620240,4620240,김은주_A와 같은작가,https://artue.io/work/eunju-kim-43,https://artue.io/work/eunju-kim-43,https://artue.io/work/eunju-kim-40,,,,,
김은주,김은주_L,artue,eunju-kim-42,Eunju Kim,1,578220,578220,578220,김은주_A와 같은작가,https://artue.io/work/eunju-kim-43,https://artue.io/work/eunju-kim-43,https://artue.io/work/eunju-kim-42,,,,,
김은주,김은주_M,artue,eunju-kim-50,Eunju Kim,1,963240,963240,963240,김은주_A와 같은작가,https://artue.io/work/eunju-kim-43,https://artue.io/work/eunju-kim-43,https://artue.io/work/eunju-kim-50,,,,,
김은주,김은주_N,artue,eunju-kim-33,Eunju Kim,1,578220,578220,578220,김은주_A와 같은작가,https://artue.io/work/eunju-kim-43,https://artue.io/work/eunju-kim-43,https://artue.io/work/eunju-kim-33,,,,,
김은주,김은주_P,artue,eunju-kim-45,Eunju Kim,1,578220,578220,578220,김은주_A와 같은작가,https://artue.io/work/eunju-kim-43,https://artue.io/work/eunju-kim-43,https://artue.io/work/eunju-kim-45,,,,,
김은주,김은주_X,artue,eunju-kim-18,Eunju Kim,1,914940,914940,914940,김은주_A와 같은작가,https://artue.io/work/eunju-kim-43,https://artue.io/work/eunju-kim-43,https://artue.io/work/eunju-kim-18,,,,,
김은주,김은주_G,artue,eunju-kim-36,Eunju Kim,1,578220,578220,578220,김은주_A와 같은작가,https://artue.io/work/eunju-kim-43,https://artue.io/work/eunju-kim-43,https://artue.io/work/eunju-kim-36,,,,,
김은주,김은주_R,artue,eunju-kim-47,Eunju Kim,1,808680,808680,808680,김은주_A와 같은작가,https://artue.io/work/eunju-kim-43,https://artue.io/work/eunju-kim-43,https://artue.io/work/eunju-kim-47,,,,,
김은주,김은주_S,artue,eunju-kim-48,Eunju Kim,1,462300,462300,462300,김은주_A와 같은작가,https://artue.io/work/eunju-kim-43,https://artue.io/work/eunju-kim-43,https://artue.io/work/eunju-kim-48,,,,,
김은주,김은주_T,artue,eunju-kim-49,Eunju Kim,1,694140,694140,694140,김은주_A와 같은작가,https://artue.io/work/eunju-kim-43,https://artue.io/work/eunju-kim-43,https://artue.io/work/eunju-kim-49,,,,,
김은주,김은주_U,artue,eunju-kim-43,Eunju Kim,1,1155060,1155060,1155060,김은주_A와 같은작가,https://artue.io/work/eunju-kim-43,https://artue.io/work/eunju-kim-43,https://artue.io/work/eunju-kim-43,,,,,
김은주,김은주_V,artue,eunju-kim-32,Eunju Kim,1,578220,578220,578220,김은주_A와 같은작가,https://artue.io/work/eunju-kim-43,https://artue.io/work/eunju-kim-43,https://artue.io/work/eunju-kim-32,,,,,
김은주,김은주_W,artue,eunju-kim-31,Eunju Kim,1,481620,481620,481620,김은주_A와 같은작가,https://artue.io/work/eunju-kim-43,https://artue.io/work/eunju-kim-43,https://artue.io/work/eunju-kim-31,,,,,
김은주,김은주_Q,artue,eunju-kim-46,Eunju Kim,1,578220,578220,578220,김은주_A와 같은작가,https://artue.io/work/eunju-kim-43,https://artue.io/work/eunju-kim-43,https://artue.io/work/eunju-kim-46,,,,,
김은주,김은주_F,artue,eunju-kim-35,Eunju Kim,1,770040,770040,770040,김은주_A와 같은작가,https://artue.io/work/eunju-kim-43,https://artue.io/work/eunju-kim-43,https://artue.io/work/eunju-kim-35,,,,,
김은주,김은주_E,artue,eunju-kim-34,Eunju Kim,1,770040,770040,770040,김은주_A와 같은작가,https://artue.io/work/eunju-kim-43,https://artue.io/work/eunju-kim-43,https://artue.io/work/eunju-kim-34,,,,,
김은주,김은주_AH,artue,eunju-kim-20,Eunju Kim,1,481620,481620,481620,김은주_A와 같은작가,https://artue.io/work/eunju-kim-43,https://artue.io/work/eunju-kim-43,https://artue.io/work/eunju-kim-20,,,,,
김은주,김은주_AA,artue,eunju-kim-13,Eunju Kim,1,433320,433320,433320,김은주_A와 같은작가,https://artue.io/work/eunju-kim-43,https://artue.io/work/eunju-kim-43,https://artue.io/work/eunju-kim-13,,,,,
김은주,김은주_AB,artue,eunju-kim-14,Eunju Kim,1,433320,433320,433320,김은주_A와 같은작가,https://artue.io/work/eunju-kim-43,https://artue.io/work/eunju-kim-43,https://artue.io/work/eunju-kim-14,,,,,
김은주,김은주_AC,artue,eunju-kim-15,Eunju Kim,1,578220,578220,578220,김은주_A와 같은작가,https://artue.io/work/eunju-kim-43,https://artue.io/work/eunju-kim-43,https://artue.io/work/eunju-kim-15,,,,,
김은주,김은주_AD,artue,eunju-kim-16,Eunju Kim,1,578220,578220,578220,김은주_A와 같은작가,https://artue.io/work/eunju-kim-43,https://artue.io/work/eunju-kim-43,https://artue.io/work/eunju-kim-16,,,,,
김은주,김은주_AE,artue,eunju-kim-17,Eunju Kim,1,914940,914940,914940,김은주_A와 같은작가,https://artue.io/work/eunju-kim-43,https://artue.io/work/eunju-kim-43,https://artue.io/work/eunju-kim-17,,,,,
김은주,김은주_AF,artue,eunju-kim-19,Eunju Kim,1,963240,963240,963240,김은주_A와 같은작가,https://artue.io/work/eunju-kim-43,https://artue.io/work/eunju-kim-43,https://artue.io/work/eunju-kim-19,,,,,
김은주,김은주_AG,artue,eunju-kim-30,Eunju Kim,1,578220,578220,578220,김은주_A와 같은작가,https://artue.io/work/eunju-kim-43,https://artue.io/work/eunju-kim-43,https://artue.io/work/eunju-kim-30,,,,,
김은주,김은주_AI,artue,eunju-kim-21,Eunju Kim,1,3850200,3850200,3850200,김은주_A와 같은작가,https://artue.io/work/eunju-kim-43,https://artue.io/work/eunju-kim-43,https://artue.io/work/eunju-kim-21,,,,,
김은주,김은주_D,artue,eunju-kim-41,Eunju Kim,1,721740,721740,721740,김은주_A와 같은작가,https://artue.io/work/eunju-kim-43,https://artue.io/work/eunju-kim-43,https://artue.io/work/eunju-kim-41,,,,,
김은주,김은주_AJ,artue,eunju-kim-25,Eunju Kim,1,963240,963240,963240,김은주_A와 같은작가,https://artue.io/work/eunju-kim-43,https://artue.io/work/eunju-kim-43,https://artue.io/work/eunju-kim-25,,,,,
김은주,김은주_AK,artue,eunju-kim-26,Eunju Kim,1,3850200,3850200,3850200,김은주_A와 같은작가,https://artue.io/work/eunju-kim-43,https://artue.io/work/eunju-kim-43,https://artue.io/work/eunju-kim-26,,,,,
김은주,김은주_AL,artue,eunju-kim-27,Eunju Kim,1,2310120,2310120,2310120,김은주_A와 같은작가,https://artue.io/work/eunju-kim-43,https://artue.io/work/eunju-kim-43,https://artue.io/work/eunju-kim-27,,,,,
김은주,김은주_AM,artue,eunju-kim-28,Eunju Kim,1,481620,481620,481620,김은주_A와 같은작가,https://artue.io/work/eunju-kim-43,https://artue.io/work/eunju-kim-43,https://artue.io/work/eunju-kim-28,,,,,
김은주,김은주_AN,artue,eunju-kim-29,Eunju Kim,1,578220,578220,578220,김은주_A와 같은작가,https://artue.io/work/eunju-kim-43,https://artue.io/work/eunju-kim-43,https://artue.io/work/eunju-kim-29,,,,,
김은주,김은주_AO,artue,eunju-kim-54,Eunju Kim,1,1348260,1348260,1348260,김은주_A와 같은작가,https://artue.io/work/eunju-kim-43,https://artue.io/work/eunju-kim-43,https://artue.io/work/eunju-kim-54,,,,,
김은주,김은주_C,artue,eunju-kim-51,Eunju Kim,1,481620,481620,481620,김은주_A와 같은작가,https://artue.io/work/eunju-kim-43,https://artue.io/work/eunju-kim-43,https://artue.io/work/eunju-kim-51,,,,,
김은주,김은주_Z,artue,eunju-kim-12,Eunju Kim,1,433320,433320,433320,김은주_A와 같은작가,https://artue.io/work/eunju-kim-43,https://artue.io/work/eunju-kim-43,https://artue.io/work/eunju-kim-12,,,,,
김일정,김일정_A,saatchi,991532,iljung kim,9,4360800,1504200,18533400,o,https://www.saatchiart.com/account/artist/991532,https://www.saatchiart.com/account/artist/991532,https://www.saatchiart.com/art/Collage-Believing/991532/3623789/view,https://www.saatchiart.com/art/Collage-believing/991532/3775225/view,https://www.saatchiart.com/art/Collage-believing/991532/3775228/view,https://images.saatchiart.com/saatchi/991532/art/3814795/2884679-HSC00001-7.jpg,https://images.saatchiart.com/saatchi/991532/art/3966358/3036212-EEHCUXVS-7.jpg,https://images.saatchiart.com/saatchi/991532/art/3966361/3036215-UXGLEFZD-7.jpg
김일정,김일정_B,artsy,iljung-kim,Iljung kim,3,20700000,11040000,20700000,o,https://www.artsy.net/artist/iljung-kim,https://www.artsy.net/artist/iljung-kim/cv,https://www.artsy.net/artwork/iljung-kim-the-wind-of-light-23100350,https://www.artsy.net/artwork/iljung-kim-the-wind-of-light-2401100,https://www.artsy.net/artwork/iljung-kim-the-wind-of-light-2402100,https://d32dm0rphc51dk.cloudfront.net/ZrYJSOERjzoTxXRbi72r8A/large.jpg,https://d32dm0rphc51dk.cloudfront.net/rcbOOze8wVF6ZC56HSWCqA/large.jpg,https://d32dm0rphc51dk.cloudfront.net/6NZ-QYjYN5TUhEYTPwNmjg/large.jpg
김정연,김정연_A,artsy,jeong-yeon-kim,Jeong Yeon Kim,7,4374600,1462800,43732200,o,https://www.artsy.net/artist/jeong-yeon-kim,https://www.artsy.net/artist/jeong-yeon-kim/cv,https://www.artsy.net/artwork/jeong-yeon-kim-composition-pattern-no02,https://www.artsy.net/artwork/jeong-yeon-kim-no01,https://www.artsy.net/artwork/jeong-yeon-kim-no-tears-left-5cm-2,https://d32dm0rphc51dk.cloudfront.net/pDDZ-ZbrDn-u-_t35Dyo2A/large.jpg,https://d32dm0rphc51dk.cloudfront.net/uL6mJ41i6RxY1hXkAq61ww/large.jpg,https://d32dm0rphc51dk.cloudfront.net/c4PXNGqzze3oamOLfwvbmQ/large.jpg
김정연,김정연_B,saatchi,2476805,jeongyeon kim,4,4616100,4595400,7144260,김정연_A와 같은작가,https://www.saatchiart.com/jeongyeonkim,https://www.saatchiart.com/jeongyeonkim,https://www.saatchiart.com/art/Painting-Square-N-1/2476805/12974721/view,https://www.saatchiart.com/art/Painting-Square-N-2/2476805/12974763/view,https://www.saatchiart.com/art/Painting-Composition-N015/2476805/12974705/view,https://images.saatchiart.com/saatchi/2476805/art/12974721/12036869-DZBJLKGR-7.jpg,https://images.saatchiart.com/saatchi/2476805/art/12974763/12036911-NSCSMPNE-7.jpg,https://images.saatchiart.com/saatchi/2476805/art/12974705/12036853-XMAFKZLJ-7.jpg
김정연,김정연_C,artue,kim-jeongyeon-1,Kim Jeongyeon,1,4330440,4330440,4330440,김정연_A와 같은작가,https://artue.io/work/kim-jeongyeon-5,https://artue.io/work/kim-jeongyeon-5,https://artue.io/work/kim-jeongyeon-1,,,,,
김정연,김정연_D,artue,kim-jeongyeon-2,Kim Jeongyeon,1,4330440,4330440,4330440,김정연_A와 같은작가,https://artue.io/work/kim-jeongyeon-5,https://artue.io/work/kim-jeongyeon-5,https://artue.io/work/kim-jeongyeon-2,,,,,
김정연,김정연_E,artue,kim-jeongyeon-3,Kim Jeongyeon,1,4330440,4330440,4330440,김정연_A와 같은작가,https://artue.io/work/kim-jeongyeon-5,https://artue.io/work/kim-jeongyeon-5,https://artue.io/work/kim-jeongyeon-3,,,,,
김정연,김정연_F,artue,kim-jeongyeon-4,Kim Jeongyeon,1,4330440,4330440,4330440,김정연_A와 같은작가,https://artue.io/work/kim-jeongyeon-5,https://artue.io/work/kim-jeongyeon-5,https://artue.io/work/kim-jeongyeon-4,,,,,
김정연,김정연_G,artue,kim-jeongyeon-5,Kim Jeongyeon,1,1443480,1443480,1443480,김정연_A와 같은작가,https://artue.io/work/kim-jeongyeon-5,https://artue.io/work/kim-jeongyeon-5,https://artue.io/work/kim-jeongyeon-5,,,,,
김정연,김정연_H,artue,kim-jeongyeon-6,Kim Jeongyeon,1,1443480,1443480,1443480,김정연_A와 같은작가,https://artue.io/work/kim-jeongyeon-5,https://artue.io/work/kim-jeongyeon-5,https://artue.io/work/kim-jeongyeon-6,,,,,
김정연,김정연_I,artue,kim-jeongyeon-7,Kim Jeongyeon,1,14434800,14434800,14434800,김정연_A와 같은작가,https://artue.io/work/kim-jeongyeon-5,https://artue.io/work/kim-jeongyeon-5,https://artue.io/work/kim-jeongyeon-7,,,,,
김주현,김주현_A,artsy,joohyun-kim-2,Joohyun Kim,7,3036000,966000,6762000,o,https://www.artsy.net/artist/joohyun-kim-2,https://www.artsy.net/artist/joohyun-kim-2/cv,https://www.artsy.net/artwork/joohyun-kim-trail,https://www.artsy.net/artwork/joohyun-kim-snowscape-1,https://www.artsy.net/artwork/joohyun-kim-ember-flow,https://d32dm0rphc51dk.cloudfront.net/SJvTLVyDeYhgboG_EMXn8w/large.jpg,https://d32dm0rphc51dk.cloudfront.net/7GFG3-hJIcR-sAnXLhGDDA/large.jpg,https://d32dm0rphc51dk.cloudfront.net/2IKbQuZG-AIcxu4Dsp63aw/large.jpg
김주현,김주현_B,artsy,joohyun-kim,Joohyun Kim,3,500000,500000,1000000,o,https://www.artsy.net/artist/joohyun-kim,https://www.artsy.net/artist/joohyun-kim/cv,https://www.artsy.net/artwork/joohyun-kim-foliage-number-4,https://www.artsy.net/artwork/joohyun-kim-fall-leaves-number-2,https://www.artsy.net/artwork/joohyun-kim-snowscape,https://d32dm0rphc51dk.cloudfront.net/xBNwaKR4zwKy2hgf8wNGbQ/large.jpg,https://d32dm0rphc51dk.cloudfront.net/w1BkGHl88l915hqWna6R-g/large.jpg,https://d32dm0rphc51dk.cloudfront.net/OB8gKOiLsODQh6pVpmka2w/large.jpg
김주현,김주현_A,artue,joohyun-kim-2,Joohyun Kim,1,2886960,2886960,2886960,김주현_A와 같은작가,https://artue.io/work/joohyun-kim-2,https://artue.io/work/joohyun-kim-2,https://artue.io/work/joohyun-kim-2,,,,,
김주현,김주현_C,artue,joohyun-kim-3,Joohyun Kim,1,3368580,3368580,3368580,김주현_A와 같은작가,https://artue.io/work/joohyun-kim-2,https://artue.io/work/joohyun-kim-2,https://artue.io/work/joohyun-kim-3,,,,,
김주현,김주현_D,artue,joohyun-kim-4,Joohyun Kim,1,2406720,2406720,2406720,김주현_A와 같은작가,https://artue.io/work/joohyun-kim-2,https://artue.io/work/joohyun-kim-2,https://artue.io/work/joohyun-kim-4,,,,,
김주현,김주현_E,artue,joohyun-kim-5,Joohyun Kim,1,963240,963240,963240,김주현_A와 같은작가,https://artue.io/work/joohyun-kim-2,https://artue.io/work/joohyun-kim-2,https://artue.io/work/joohyun-kim-5,,,,,
김주현,김주현_F,artue,joohyun-kim-6,Joohyun Kim,1,963240,963240,963240,김주현_A와 같은작가,https://artue.io/work/joohyun-kim-2,https://artue.io/work/joohyun-kim-2,https://artue.io/work/joohyun-kim-6,,,,,
김주현,김주현_G,artue,joohyun-kim-7,Joohyun Kim,1,6737160,6737160,6737160,김주현_A와 같은작가,https://artue.io/work/joohyun-kim-2,https://artue.io/work/joohyun-kim-2,https://artue.io/work/joohyun-kim-7,,,,,
김주현,김주현_H,artue,joohyun-kim-8,Joohyun Kim,1,6737160,6737160,6737160,김주현_A와 같은작가,https://artue.io/work/joohyun-kim-2,https://artue.io/work/joohyun-kim-2,https://artue.io/work/joohyun-kim-8,,,,,
김지윤,김지윤_A,artsy,jiyoon-kim-1,Jiyoon Kim,19,910800,565800,9494400,o,https://www.artsy.net/artist/jiyoon-kim-1,https://www.artsy.net/artist/jiyoon-kim-1/cv,https://www.artsy.net/artwork/jiyoon-kim-autumn-light-of-the-wind-1,https://www.artsy.net/artwork/jiyoon-kim-window-of-winter,https://www.artsy.net/artwork/jiyoon-kim-shadows-of-verdure,https://d32dm0rphc51dk.cloudfront.net/nbmPgJjJrfjWMgVLZQJuTw/large.jpg,https://d32dm0rphc51dk.cloudfront.net/Z0t8uDnJwUv_ZVOTFMV-4g/large.jpg,https://d32dm0rphc51dk.cloudfront.net/ezpzB6Z1OHqC54_xF1Ckjg/large.jpg
김지윤,김지윤_B,artsy,jiyoon-kim-2,Jiyoon Kim,4,2967000,634800,6762000,김지윤_A와 같은작가,https://www.artsy.net/artist/jiyoon-kim-2,https://www.artsy.net/artist/jiyoon-kim-2/cv,https://www.artsy.net/artwork/jiyoon-kim-forest-edge,https://www.artsy.net/artwork/jiyoon-kim-forest-beyond-the-window-1,https://www.artsy.net/artwork/jiyoon-kim-forest-beyond-the-window,https://d32dm0rphc51dk.cloudfront.net/k-WWrdCZc2kKbLKdtPG5uw/large.jpg,https://d32dm0rphc51dk.cloudfront.net/DE8apLrc_uCkarYJkdlqDg/large.jpg,https://d32dm0rphc51dk.cloudfront.net/uTwCx6FrYb8McEh1lPIgng/large.jpg
김지윤,김지윤_M,artue,jiyoon-kim-20,Jiyoon Kim,1,6334200,6334200,6334200,김지윤_A와 같은작가,https://artue.io/work/jiyoon-kim-18,https://artue.io/work/jiyoon-kim-18,https://artue.io/work/jiyoon-kim-20,,,,,
김지윤,김지윤_W,artue,jiyoon-kim-11,Jiyoon Kim,1,910800,910800,910800,김지윤_A와 같은작가,https://artue.io/work/jiyoon-kim-18,https://artue.io/work/jiyoon-kim-18,https://artue.io/work/jiyoon-kim-11,,,,,
김지윤,김지윤_V,artue,jiyoon-kim-12,Jiyoon Kim,1,910800,910800,910800,김지윤_A와 같은작가,https://artue.io/work/jiyoon-kim-18,https://artue.io/work/jiyoon-kim-18,https://artue.io/work/jiyoon-kim-12,,,,,
김지윤,김지윤_U,artue,jiyoon-kim-13,Jiyoon Kim,1,910800,910800,910800,김지윤_A와 같은작가,https://artue.io/work/jiyoon-kim-18,https://artue.io/work/jiyoon-kim-18,https://artue.io/work/jiyoon-kim-13,,,,,
김지윤,김지윤_T,artue,jiyoon-kim-14,Jiyoon Kim,1,910800,910800,910800,김지윤_A와 같은작가,https://artue.io/work/jiyoon-kim-18,https://artue.io/work/jiyoon-kim-18,https://artue.io/work/jiyoon-kim-14,,,,,
김지윤,김지윤_S,artue,jiyoon-kim-15,Jiyoon Kim,1,910800,910800,910800,김지윤_A와 같은작가,https://artue.io/work/jiyoon-kim-18,https://artue.io/work/jiyoon-kim-18,https://artue.io/work/jiyoon-kim-15,,,,,
김지윤,김지윤_R,artue,jiyoon-kim-16,Jiyoon Kim,1,1090200,1090200,1090200,김지윤_A와 같은작가,https://artue.io/work/jiyoon-kim-18,https://artue.io/work/jiyoon-kim-18,https://artue.io/work/jiyoon-kim-16,,,,,
김지윤,김지윤_Q,artue,jiyoon-kim-17,Jiyoon Kim,1,1807800,1807800,1807800,김지윤_A와 같은작가,https://artue.io/work/jiyoon-kim-18,https://artue.io/work/jiyoon-kim-18,https://artue.io/work/jiyoon-kim-17,,,,,
김지윤,김지윤_P,artue,jiyoon-kim-18,Jiyoon Kim,1,2263200,2263200,2263200,김지윤_A와 같은작가,https://artue.io/work/jiyoon-kim-18,https://artue.io/work/jiyoon-kim-18,https://artue.io/work/jiyoon-kim-18,,,,,
김지윤,김지윤_O,artue,jiyoon-kim-19,Jiyoon Kim,1,4526400,4526400,4526400,김지윤_A와 같은작가,https://artue.io/work/jiyoon-kim-18,https://artue.io/work/jiyoon-kim-18,https://artue.io/work/jiyoon-kim-19,,,,,
김지윤,김지윤_N,artue,jiyoon-kim-10,Jiyoon Kim,1,910800,910800,910800,김지윤_A와 같은작가,https://artue.io/work/jiyoon-kim-18,https://artue.io/work/jiyoon-kim-18,https://artue.io/work/jiyoon-kim-10,,,,,
김지윤,김지윤_L,artue,jiyoon-kim-22,Jiyoon Kim,1,9494400,9494400,9494400,김지윤_A와 같은작가,https://artue.io/work/jiyoon-kim-18,https://artue.io/work/jiyoon-kim-18,https://artue.io/work/jiyoon-kim-22,,,,,
김지윤,김지윤_K,artue,jiyoon-kim-23,Jiyoon Kim,1,616860,616860,616860,김지윤_A와 같은작가,https://artue.io/work/jiyoon-kim-18,https://artue.io/work/jiyoon-kim-18,https://artue.io/work/jiyoon-kim-23,,,,,
김지윤,김지윤_J,artue,jiyoon-kim-24,Jiyoon Kim,1,6737160,6737160,6737160,김지윤_A와 같은작가,https://artue.io/work/jiyoon-kim-18,https://artue.io/work/jiyoon-kim-18,https://artue.io/work/jiyoon-kim-24,,,,,
김지윤,김지윤_I,artue,jiyoon-kim-25,Jiyoon Kim,1,1925100,1925100,1925100,김지윤_A와 같은작가,https://artue.io/work/jiyoon-kim-18,https://artue.io/work/jiyoon-kim-18,https://artue.io/work/jiyoon-kim-25,,,,,
김지윤,김지윤_H,artue,jiyoon-kim-26,Jiyoon Kim,1,3850200,3850200,3850200,김지윤_A와 같은작가,https://artue.io/work/jiyoon-kim-18,https://artue.io/work/jiyoon-kim-18,https://artue.io/work/jiyoon-kim-26,,,,,
김지윤,김지윤_G,artue,jiyoon-kim-3,Jiyoon Kim,1,565800,565800,565800,김지윤_A와 같은작가,https://artue.io/work/jiyoon-kim-18,https://artue.io/work/jiyoon-kim-18,https://artue.io/work/jiyoon-kim-3,,,,,
김지윤,김지윤_F,artue,jiyoon-kim-4,Jiyoon Kim,1,565800,565800,565800,김지윤_A와 같은작가,https://artue.io/work/jiyoon-kim-18,https://artue.io/work/jiyoon-kim-18,https://artue.io/work/jiyoon-kim-4,,,,,
김지윤,김지윤_E,artue,jiyoon-kim-5,Jiyoon Kim,1,565800,565800,565800,김지윤_A와 같은작가,https://artue.io/work/jiyoon-kim-18,https://artue.io/work/jiyoon-kim-18,https://artue.io/work/jiyoon-kim-5,,,,,
김지윤,김지윤_D,artue,jiyoon-kim-7,Jiyoon Kim,1,565800,565800,565800,김지윤_A와 같은작가,https://artue.io/work/jiyoon-kim-18,https://artue.io/work/jiyoon-kim-18,https://artue.io/work/jiyoon-kim-7,,,,,
김지윤,김지윤_C,artue,jiyoon-kim-21,Jiyoon Kim,1,6334200,6334200,6334200,김지윤_A와 같은작가,https://artue.io/work/jiyoon-kim-18,https://artue.io/work/jiyoon-kim-18,https://artue.io/work/jiyoon-kim-21,,,,,
김지윤,김지윤_A,artue,jiyoon-kim-1,Jiyoon Kim,1,565800,565800,565800,김지윤_A와 같은작가,https://artue.io/work/jiyoon-kim-18,https://artue.io/work/jiyoon-kim-18,https://artue.io/work/jiyoon-kim-1,,,,,
김지윤,김지윤_X,artue,jiyoon-kim-9,Jiyoon Kim,1,731400,731400,731400,김지윤_A와 같은작가,https://artue.io/work/jiyoon-kim-18,https://artue.io/work/jiyoon-kim-18,https://artue.io/work/jiyoon-kim-9,,,,,
김지은,김지은_A,saatchi,1053984,jieun kim,16,3698400,828000,6699900,o,https://www.saatchiart.com/jieunkimkart,https://www.saatchiart.com/jieunkimkart,https://www.saatchiart.com/art/Painting-Just-being-there/1053984/6757679/view,https://www.saatchiart.com/art/Drawing-Here-and-Now/1053984/9666797/view,https://www.saatchiart.com/art/Drawing-A-sonnet/1053984/6762855/view,https://images.saatchiart.com/saatchi/1053984/art/6757679/5827321-HSC00001-7.jpg,https://images.saatchiart.com/saatchi/1053984/art/9666797/8729897-YUXOOCTT-7.jpg,https://images.saatchiart.com/saatchi/1053984/art/6762855/5832497-XFBDAPTX-7.jpg
김지은,김지은_B,saatchi,2657541,jieun kim,6,1687050,1384140,15042000,o,https://www.saatchiart.com/account/artist/2657541,https://www.saatchiart.com/account/artist/2657541,https://www.saatchiart.com/art/Painting-Chiangmai-Thailand-5/2657541/12424053/view,https://www.saatchiart.com/art/Painting-Chiangmai-Thailand-7/2657541/13539149/view,https://www.saatchiart.com/art/Painting-Jeju-10/2657541/13539217/view,https://images.saatchiart.com/saatchi/2657541/art/12424053/11486243-MXQKBYFZ-7.jpg,https://images.saatchiart.com/saatchi/2657541/art/13539149/12601279-KAMZHSYL-7.jpg,https://images.saatchiart.com/saatchi/2657541/art/13539217/12601347-KXTYRVXS-7.jpg
김지은,김지은_C,artue,jieun-kim-1,Jieun Kim,1,1173000,1173000,1173000,o,https://artue.io/work/jieun-kim-1,https://artue.io/work/jieun-kim-1,https://artue.io/work/jieun-kim-1,,,,,
김지은,김지은_D,artue,jieun-kim-10,Jieun Kim,1,7176000,7176000,7176000,김지은_C와 같은작가,https://artue.io/work/jieun-kim-1,https://artue.io/work/jieun-kim-1,https://artue.io/work/jieun-kim-10,,,,,
김지은,김지은_E,artue,jieun-kim-4,Jieun Kim,1,1173000,1173000,1173000,김지은_C와 같은작가,https://artue.io/work/jieun-kim-1,https://artue.io/work/jieun-kim-1,https://artue.io/work/jieun-kim-4,,,,,
김지은,김지은_F,artue,jieun-kim-5,Jieun Kim,1,1173000,1173000,1173000,김지은_C와 같은작가,https://artue.io/work/jieun-kim-1,https://artue.io/work/jieun-kim-1,https://artue.io/work/jieun-kim-5,,,,,
김지은,김지은_G,artue,jieun-kim-6,Jieun Kim,1,1173000,1173000,1173000,김지은_C와 같은작가,https://artue.io/work/jieun-kim-1,https://artue.io/work/jieun-kim-1,https://artue.io/work/jieun-kim-6,,,,,
김현아,김현아_A,saatchi,1159804,hyun ah kim,10,1480050,720360,4291800,o,https://www.saatchiart.com/account/artist/1159804,https://www.saatchiart.com/account/artist/1159804,https://www.saatchiart.com/art/Painting-A-night-of-comfort/1159804/4641381/view,https://www.saatchiart.com/art/Painting-A-night-of-comfort/1159804/4641405/view,https://www.saatchiart.com/art/Painting-A-night-of-comfort/1159804/4648856/view,https://images.saatchiart.com/saatchi/1159804/art/5448425/4518237-HSC00001-7.jpg,https://images.saatchiart.com/saatchi/1159804/art/5448473/4518285-HSC00001-7.jpg,https://images.saatchiart.com/saatchi/1159804/art/5463387/4533199-HSC00001-7.jpg
김현아,김현아_B,artsy,hyuna-kim-gimhyeona,Hyuna KIM 김현아,10,3588000,2208000,5520000,o,https://www.artsy.net/artist/hyuna-kim-gimhyeona,https://www.artsy.net/artist/hyuna-kim-gimhyeona/cv,https://www.artsy.net/artwork/hyuna-kim-gimhyeona-yoyogi-tokyo,https://www.artsy.net/artwork/hyuna-kim-gimhyeona-crossroad,https://www.artsy.net/artwork/hyuna-kim-gimhyeona-day-after-day,https://d32dm0rphc51dk.cloudfront.net/quIwN4NZ9bxjDcNFI-6Z_A/square.jpg,https://d32dm0rphc51dk.cloudfront.net/X2jiuezdfYR4mGVZbiCX7A/large.jpg,https://d32dm0rphc51dk.cloudfront.net/mIKwGoF1-EF5iddGkw6WFw/large.jpg
김혜윤,김혜윤_A,artsy,hye-youn-kim,HYE YOUN KIM,8,14283000,1421400,17125800,o,https://www.artsy.net/artist/hye-youn-kim,https://www.artsy.net/artist/hye-youn-kim/cv,https://www.artsy.net/artwork/hye-youn-kim-lets-sing,https://www.artsy.net/artwork/hye-youn-kim-salt-and-sugar,https://www.artsy.net/artwork/hye-youn-kim-propose,https://d32dm0rphc51dk.cloudfront.net/Z3FW3J0ocgtRJsAsn80U5g/large.jpg,https://d32dm0rphc51dk.cloudfront.net/e6-qfh-_XYmJBbY-p-S7HA/large.jpg,https://d32dm0rphc51dk.cloudfront.net/VGAK79CgD3a-49LjSAoAAw/large.jpg
김혜윤,김혜윤_B,saatchi,734187,hyeyoun kim,7,883200,648600,4236600,o,https://www.saatchiart.com/highkim,https://www.saatchiart.com/highkim,https://www.saatchiart.com/art/Painting-I-ll-take/734187/2339927/view,https://www.saatchiart.com/art/Painting-ice-dalmatian/734187/2261026/view,https://www.saatchiart.com/art/Painting-Wedding/734187/2177952/view,https://images.saatchiart.com/saatchi/734187/art/2529914/1599862-HSC00001-7.jpg,https://images.saatchiart.com/saatchi/734187/art/2450911/1520929-HSC00001-7.jpg,https://images.saatchiart.com/saatchi/734187/art/2367803/1437951-HSC00001-7.jpg
김효진,김효진_A,artsy,hyojin-kim-2,Hyojin Kim,7,924600,828000,12144000,o,https://www.artsy.net/artist/hyojin-kim-2,https://www.artsy.net/artist/hyojin-kim-2/cv,https://www.artsy.net/artwork/hyojin-kim-the-network-of-traces-11,https://www.artsy.net/artwork/hyojin-kim-the-network-of-traces-9,https://www.artsy.net/artwork/hyojin-kim-the-network-of-traces-7,https://d32dm0rphc51dk.cloudfront.net/AE5zYx0V2ay5DbQLLvmQyw/large.jpg,https://d32dm0rphc51dk.cloudfront.net/c2v-iCoypsAcg92Un5QAiA/large.jpg,https://d32dm0rphc51dk.cloudfront.net/j5X4SFnXIo2AQ_5dYP5F4Q/large.jpg
김효진,김효진_B,saatchi,2967283,hyo jin kim,6,13360470,8211000,73347000,o,https://www.saatchiart.com/hyojinkim,https://www.saatchiart.com/hyojinkim,https://www.saatchiart.com/art/Sculpture-The-Afterimage-of-the-Surging-Waves/2967283/13708081/view,https://www.saatchiart.com/art/Sculpture-Atypical-Nomad/2967283/13708011/view,https://www.saatchiart.com/art/Sculpture-The-trajectory-of-the-hand/2967283/13708883/view,https://images.saatchiart.com/saatchi/2967283/art/13708081/12770167-XYRRUZNF-7.jpg,https://images.saatchiart.com/saatchi/2967283/art/13708011/12770097-KACRUITU-7.jpg,https://images.saatchiart.com/saatchi/2967283/art/13708883/12770969-SNOSCRXW-7.jpg
박나흐워에,박나흐워에_A,saatchi,2836301,nahwoe park,6,1072260,848700,3443100,o,https://www.saatchiart.com/account/artist/2836301,https://www.saatchiart.com/account/artist/2836301,https://www.saatchiart.com/art/Painting-Within-an-Illusion/2836301/13106215/view,https://www.saatchiart.com/art/Painting-Dried-Flower-and-Skul/2836301/13106155/view,https://www.saatchiart.com/art/Painting-No-Rebirth/2836301/13106021/view,https://images.saatchiart.com/saatchi/2836301/art/13106215/12168353-FHCOOURR-7.jpg,https://images.saatchiart.com/saatchi/2836301/art/13106155/12168293-LWBYWRIT-7.jpg,https://images.saatchiart.com/saatchi/2836301/art/13106021/12168159-XQJWCHAF-7.jpg
박나흐워에,박나흐워에_B,artsy,nahwoe-park,Nahwoe Park,6,372600,331200,469200,박나흐워에_A와 같은작가,https://www.artsy.net/artist/nahwoe-park,https://www.artsy.net/artist/nahwoe-park/cv,https://www.artsy.net/artwork/nahwoe-park-in-the-midst-of-a-delusion,https://www.artsy.net/artwork/nahwoe-park-dry-flowers-and-skull,https://www.artsy.net/artwork/nahwoe-park-tree-by-the-river,https://d32dm0rphc51dk.cloudfront.net/9-y4Hd4aZsMW4EW6Va_8hQ/large.jpg,https://d32dm0rphc51dk.cloudfront.net/kIDvgWcMK8SjDWKYK8cw5w/large.jpg,https://d32dm0rphc51dk.cloudfront.net/kAPsjrancymW1V-LhgYCOg/large.jpg
박윤주,박윤주_A,saatchi,396410,yunju park,8,1952700,1573200,7396800,o,https://www.saatchiart.com/yunju,https://www.saatchiart.com/yunju,https://www.saatchiart.com/art/Drawing-ex-of-ex/396410/1769853/view,https://www.saatchiart.com/art/Drawing-Actress-L/396410/1769832/view,https://www.saatchiart.com/art/Painting-ants/396410/1769845/view,https://images.saatchiart.com/saatchi/396410/art/1930866/1055499-HSC00001-7.jpg,https://images.saatchiart.com/saatchi/396410/art/1930845/1055660-HSC00001-7.jpg,https://images.saatchiart.com/saatchi/396410/art/1930858/1064609-HSC00001-7.jpg
박윤주,박윤주_B,artsy,yunju-park,Yunju Park,5,276000,276000,469200,o,https://www.artsy.net/artist/yunju-park,https://www.artsy.net/artist/yunju-park/cv,https://www.artsy.net/artwork/yunju-park-you-you-zi-shi-tranquil-rhythm,https://www.artsy.net/artwork/yunju-park-you-you-zi-shi-a-spot-where-the-sunlight-cools,https://www.artsy.net/artwork/yunju-park-you-you-zi-shi-a-gentle-pace,https://d32dm0rphc51dk.cloudfront.net/JcFVSzidtlKLiOx8bMHM6Q/large.jpg,https://d32dm0rphc51dk.cloudfront.net/w_XgaUFrI6zLuFUaTxp2fg/large.jpg,https://d32dm0rphc51dk.cloudfront.net/eKQWiLwtE7cduLDq1PpO-A/large.jpg
박지은,박지은_A,saatchi,417057,jieun park,87,5188800,510600,19568400,o,https://www.saatchiart.com/parkg,https://www.saatchiart.com/parkg,https://www.saatchiart.com/art/Painting-Chinese-ink-gold-leaf-drawing/417057/3840195/view,https://www.saatchiart.com/art/Painting-Chinese-ink-gold-leaf-drawing/417057/3838491/view,https://www.saatchiart.com/art/Painting-A-little-talk/417057/4897642/view,https://images.saatchiart.com/saatchi/417057/art/4031366/3101219-HSC00001-7.jpg,https://images.saatchiart.com/saatchi/417057/art/4029662/3099515-HSC00001-7.jpg,https://images.saatchiart.com/saatchi/417057/art/5961749/5031543-CFPCDGLI-7.jpg
박지은,박지은_B,artsy,ji-eun-park-2,Ji Eun Park,5,2070000,1656000,2346000,o,https://www.artsy.net/artist/ji-eun-park-2,https://www.artsy.net/artist/ji-eun-park-2/cv,https://www.artsy.net/artwork/ji-eun-park-silence-1,https://www.artsy.net/artwork/ji-eun-park-plenty-1,https://www.artsy.net/artwork/ji-eun-park-self-esteem-1,https://d32dm0rphc51dk.cloudfront.net/ujQcls1L7HTcpE7nng__5A/large.jpg,https://d32dm0rphc51dk.cloudfront.net/20lT0vTvlgmlZfmXAOobuQ/large.jpg,https://d32dm0rphc51dk.cloudfront.net/1pHyXuY22kmiI0yRJfuBfg/large.jpg
박형진,박형진_A,artsy,hyungjin-park,HyungJin Park,7,2000000,800000,27000000,o,https://www.artsy.net/artist/hyungjin-park,https://www.artsy.net/artist/hyungjin-park/cv,https://www.artsy.net/artwork/hyungjin-park-hodunamu-yeolmae,https://www.artsy.net/artwork/hyungjin-park-muje,https://www.artsy.net/artwork/hyungjin-park-hodunamu-araeeseo-siweol,https://d32dm0rphc51dk.cloudfront.net/OyjGhNZPVtv_x-52oUnzYA/large.jpg,https://d32dm0rphc51dk.cloudfront.net/09K3uZWADkU1tlIPWs5nZw/large.jpg,https://d32dm0rphc51dk.cloudfront.net/V5xdLwj83JOalWWzkHq_eg/large.jpg
박형진,박형진_B,saatchi,1057,hyungjin park,3,5947800,2870400,5947800,o,https://www.saatchiart.com/jini,https://www.saatchiart.com/jini,https://www.saatchiart.com/art/Painting-The-puppy-with-a-pearl-earring/1057/7928909/view,https://www.saatchiart.com/art/Painting-Baby-dog-BAEKSEORGI/1057/8326359/view,https://www.saatchiart.com/art/Painting-Baby-dog-INJEOLMI/1057/8326891/view,https://images.saatchiart.com/saatchi/1057/art/7928909/6996525-UIKXKEKP-7.jpg,https://images.saatchiart.com/saatchi/1057/art/8326359/7391184-PIHGEAMO-7.jpg,https://images.saatchiart.com/saatchi/1057/art/8326891/7391715-UCLDMOWR-7.jpg
백정원,백정원_A,artsy,bac-jungwon,Bac Jungwon,9,1794000,1380000,2346000,o,https://www.artsy.net/artist/bac-jungwon,https://www.artsy.net/artist/bac-jungwon/cv,https://www.artsy.net/artwork/bac-jungwon-lonely-flowers-6,https://www.artsy.net/artwork/bac-jungwon-anna,https://www.artsy.net/artwork/bac-jungwon-anna-1,https://d32dm0rphc51dk.cloudfront.net/7PZXyW7r6PENkw_ffjO6QA/large.jpg,https://d32dm0rphc51dk.cloudfront.net/ZkWnjtun6l1nenXAlNV-3g/large.jpg,https://d32dm0rphc51dk.cloudfront.net/60r-ie8k9mkV8mKh12pHEA/large.jpg
백정원,백정원_B,artsy,jungwon-bac,Jungwon Bac,6,3864000,3864000,3864000,o,https://www.artsy.net/artist/jungwon-bac,https://www.artsy.net/artist/jungwon-bac/cv,https://www.artsy.net/artwork/jungwon-bac-black-wave,https://www.artsy.net/artwork/jungwon-bac-a-rainforest-4,https://www.artsy.net/artwork/jungwon-bac-a-rainforest,https://d32dm0rphc51dk.cloudfront.net/4W7IUc1eHyDBJBlKo9mZiw/large.jpg,https://d32dm0rphc51dk.cloudfront.net/Cm28k0Ov8tEfiatZuVLfCg/large.jpg,https://d32dm0rphc51dk.cloudfront.net/GIOLIWV2tbcHzLysUfwzKw/large.jpg
백정원,백정원_Q,artue,bac-jungwon-93,Bac Jungwon,1,3850200,3850200,3850200,백정원_A와 같은작가,https://artue.io/work/bac-jungwon-35,https://artue.io/work/bac-jungwon-35,https://artue.io/work/bac-jungwon-93,,,,,
백정원,백정원_J,artue,bac-jungwon-41,Bac Jungwon,1,770040,770040,770040,백정원_A와 같은작가,https://artue.io/work/bac-jungwon-35,https://artue.io/work/bac-jungwon-35,https://artue.io/work/bac-jungwon-41,,,,,
백정원,백정원_K,artue,bac-jungwon-42,Bac Jungwon,1,770040,770040,770040,백정원_A와 같은작가,https://artue.io/work/bac-jungwon-35,https://artue.io/work/bac-jungwon-35,https://artue.io/work/bac-jungwon-42,,,,,
백정원,백정원_L,artue,bac-jungwon-5,Bac Jungwon,1,770040,770040,770040,백정원_A와 같은작가,https://artue.io/work/bac-jungwon-35,https://artue.io/work/bac-jungwon-35,https://artue.io/work/bac-jungwon-5,,,,,
백정원,백정원_M,artue,bac-jungwon-54,Bac Jungwon,1,770040,770040,770040,백정원_A와 같은작가,https://artue.io/work/bac-jungwon-35,https://artue.io/work/bac-jungwon-35,https://artue.io/work/bac-jungwon-54,,,,,
백정원,백정원_N,artue,bac-jungwon-90,Bac Jungwon,1,3850200,3850200,3850200,백정원_A와 같은작가,https://artue.io/work/bac-jungwon-35,https://artue.io/work/bac-jungwon-35,https://artue.io/work/bac-jungwon-90,,,,,
백정원,백정원_O,artue,bac-jungwon-91,Bac Jungwon,1,3850200,3850200,3850200,백정원_A와 같은작가,https://artue.io/work/bac-jungwon-35,https://artue.io/work/bac-jungwon-35,https://artue.io/work/bac-jungwon-91,,,,,
백정원,백정원_P,artue,bac-jungwon-92,Bac Jungwon,1,3850200,3850200,3850200,백정원_A와 같은작가,https://artue.io/work/bac-jungwon-35,https://artue.io/work/bac-jungwon-35,https://artue.io/work/bac-jungwon-92,,,,,
백정원,백정원_R,artue,bac-jungwon-94,Bac Jungwon,1,3850200,3850200,3850200,백정원_A와 같은작가,https://artue.io/work/bac-jungwon-35,https://artue.io/work/bac-jungwon-35,https://artue.io/work/bac-jungwon-94,,,,,
백정원,백정원_S,artue,bac-jungwon-95,Bac Jungwon,1,3850200,3850200,3850200,백정원_A와 같은작가,https://artue.io/work/bac-jungwon-35,https://artue.io/work/bac-jungwon-35,https://artue.io/work/bac-jungwon-95,,,,,
백정원,백정원_T,artue,bac-jungwon-35,Bac Jungwon,1,770040,770040,770040,백정원_A와 같은작가,https://artue.io/work/bac-jungwon-35,https://artue.io/work/bac-jungwon-35,https://artue.io/work/bac-jungwon-35,,,,,
백정원,백정원_U,artue,bac-jungwon-34,Bac Jungwon,1,770040,770040,770040,백정원_A와 같은작가,https://artue.io/work/bac-jungwon-35,https://artue.io/work/bac-jungwon-35,https://artue.io/work/bac-jungwon-34,,,,,
백정원,백정원_V,artue,bac-jungwon-1,Bac Jungwon,1,5773920,5773920,5773920,백정원_A와 같은작가,https://artue.io/work/bac-jungwon-35,https://artue.io/work/bac-jungwon-35,https://artue.io/work/bac-jungwon-1,,,,,
백정원,백정원_W,artue,bac-jungwon-24,Bac Jungwon,1,770040,770040,770040,백정원_A와 같은작가,https://artue.io/work/bac-jungwon-35,https://artue.io/work/bac-jungwon-35,https://artue.io/work/bac-jungwon-24,,,,,
백정원,백정원_X,artue,bac-jungwon-13,Bac Jungwon,1,770040,770040,770040,백정원_A와 같은작가,https://artue.io/work/bac-jungwon-35,https://artue.io/work/bac-jungwon-35,https://artue.io/work/bac-jungwon-13,,,,,
백정원,백정원_Y,artue,bac-jungwon-14,Bac Jungwon,1,2406720,2406720,2406720,백정원_A와 같은작가,https://artue.io/work/bac-jungwon-35,https://artue.io/work/bac-jungwon-35,https://artue.io/work/bac-jungwon-14,,,,,
백정원,백정원_I,artue,bac-jungwon-40,Bac Jungwon,1,770040,770040,770040,백정원_A와 같은작가,https://artue.io/work/bac-jungwon-35,https://artue.io/work/bac-jungwon-35,https://artue.io/work/bac-jungwon-40,,,,,
백정원,백정원_H,artue,bac-jungwon-39,Bac Jungwon,1,770040,770040,770040,백정원_A와 같은작가,https://artue.io/work/bac-jungwon-35,https://artue.io/work/bac-jungwon-35,https://artue.io/work/bac-jungwon-39,,,,,
백정원,백정원_G,artue,bac-jungwon-38,Bac Jungwon,1,770040,770040,770040,백정원_A와 같은작가,https://artue.io/work/bac-jungwon-35,https://artue.io/work/bac-jungwon-35,https://artue.io/work/bac-jungwon-38,,,,,
백정원,백정원_F,artue,bac-jungwon-37,Bac Jungwon,1,770040,770040,770040,백정원_A와 같은작가,https://artue.io/work/bac-jungwon-35,https://artue.io/work/bac-jungwon-35,https://artue.io/work/bac-jungwon-37,,,,,
백정원,백정원_AA,artue,bac-jungwon-17,Bac Jungwon,1,770040,770040,770040,백정원_A와 같은작가,https://artue.io/work/bac-jungwon-35,https://artue.io/work/bac-jungwon-35,https://artue.io/work/bac-jungwon-17,,,,,
백정원,백정원_AB,artue,bac-jungwon-18,Bac Jungwon,1,1925100,1925100,1925100,백정원_A와 같은작가,https://artue.io/work/bac-jungwon-35,https://artue.io/work/bac-jungwon-35,https://artue.io/work/bac-jungwon-18,,,,,
백정원,백정원_AC,artue,bac-jungwon-23,Bac Jungwon,1,770040,770040,770040,백정원_A와 같은작가,https://artue.io/work/bac-jungwon-35,https://artue.io/work/bac-jungwon-35,https://artue.io/work/bac-jungwon-23,,,,,
백정원,백정원_AD,artue,bac-jungwon-25,Bac Jungwon,1,770040,770040,770040,백정원_A와 같은작가,https://artue.io/work/bac-jungwon-35,https://artue.io/work/bac-jungwon-35,https://artue.io/work/bac-jungwon-25,,,,,
백정원,백정원_AE,artue,bac-jungwon-32,Bac Jungwon,1,770040,770040,770040,백정원_A와 같은작가,https://artue.io/work/bac-jungwon-35,https://artue.io/work/bac-jungwon-35,https://artue.io/work/bac-jungwon-32,,,,,
백정원,백정원_AF,artue,bac-jungwon-26,Bac Jungwon,1,770040,770040,770040,백정원_A와 같은작가,https://artue.io/work/bac-jungwon-35,https://artue.io/work/bac-jungwon-35,https://artue.io/work/bac-jungwon-26,,,,,
백정원,백정원_AG,artue,bac-jungwon-27,Bac Jungwon,1,1925100,1925100,1925100,백정원_A와 같은작가,https://artue.io/work/bac-jungwon-35,https://artue.io/work/bac-jungwon-35,https://artue.io/work/bac-jungwon-27,,,,,
백정원,백정원_AH,artue,bac-jungwon-28,Bac Jungwon,1,770040,770040,770040,백정원_A와 같은작가,https://artue.io/work/bac-jungwon-35,https://artue.io/work/bac-jungwon-35,https://artue.io/work/bac-jungwon-28,,,,,
백정원,백정원_AI,artue,bac-jungwon-29,Bac Jungwon,1,770040,770040,770040,백정원_A와 같은작가,https://artue.io/work/bac-jungwon-35,https://artue.io/work/bac-jungwon-35,https://artue.io/work/bac-jungwon-29,,,,,
백정원,백정원_AJ,artue,bac-jungwon-30,Bac Jungwon,1,770040,770040,770040,백정원_A와 같은작가,https://artue.io/work/bac-jungwon-35,https://artue.io/work/bac-jungwon-35,https://artue.io/work/bac-jungwon-30,,,,,
백정원,백정원_AK,artue,bac-jungwon-31,Bac Jungwon,1,770040,770040,770040,백정원_A와 같은작가,https://artue.io/work/bac-jungwon-35,https://artue.io/work/bac-jungwon-35,https://artue.io/work/bac-jungwon-31,,,,,
백정원,백정원_AL,artue,bac-jungwon-33,Bac Jungwon,1,770040,770040,770040,백정원_A와 같은작가,https://artue.io/work/bac-jungwon-35,https://artue.io/work/bac-jungwon-35,https://artue.io/work/bac-jungwon-33,,,,,
백정원,백정원_C,artue,bac-jungwon-11,Bac Jungwon,1,2406720,2406720,2406720,백정원_A와 같은작가,https://artue.io/work/bac-jungwon-35,https://artue.io/work/bac-jungwon-35,https://artue.io/work/bac-jungwon-11,,,,,
백정원,백정원_D,artue,bac-jungwon-12,Bac Jungwon,1,2406720,2406720,2406720,백정원_A와 같은작가,https://artue.io/work/bac-jungwon-35,https://artue.io/work/bac-jungwon-35,https://artue.io/work/bac-jungwon-12,,,,,
백정원,백정원_E,artue,bac-jungwon-36,Bac Jungwon,1,770040,770040,770040,백정원_A와 같은작가,https://artue.io/work/bac-jungwon-35,https://artue.io/work/bac-jungwon-35,https://artue.io/work/bac-jungwon-36,,,,,
백정원,백정원_Z,artue,bac-jungwon-15,Bac Jungwon,1,770040,770040,770040,백정원_A와 같은작가,https://artue.io/work/bac-jungwon-35,https://artue.io/work/bac-jungwon-35,https://artue.io/work/bac-jungwon-15,,,,,
서소영,서소영_A,artsy,soyoung-seo,Soyoung Seo,10,2346000,165600,4416000,o,https://www.artsy.net/artist/soyoung-seo,https://www.artsy.net/artist/soyoung-seo/cv,https://www.artsy.net/artwork/soyoung-seo-portrait-of-a-lady,https://www.artsy.net/artwork/soyoung-seo-black-rabbit,https://www.artsy.net/artwork/soyoung-seo-swallow,https://d32dm0rphc51dk.cloudfront.net/NOb9oDssQhGCLntG7kzmAg/large.jpg,https://d32dm0rphc51dk.cloudfront.net/qcPEnCkTTz4fgBV0tufZyg/large.jpg,https://d32dm0rphc51dk.cloudfront.net/O186gu_gWkJxdo13WOlzOg/large.jpg
서소영,서소영_B,saatchi,2644611,soyoung seo,7,6044400,6044400,8424900,서소영_A와 같은작가,https://www.saatchiart.com/account/artist/2644611,https://www.saatchiart.com/account/artist/2644611,https://www.saatchiart.com/art/Painting-Black-Rabbit/2644611/12370619/view,https://www.saatchiart.com/art/Painting-Conversation/2644611/12370993/view,https://www.saatchiart.com/art/Painting-Swallow/2644611/12371001/view,https://images.saatchiart.com/saatchi/2644611/art/12370619/11432809-NVLWNIDV-7.jpg,https://images.saatchiart.com/saatchi/2644611/art/12370993/11433183-IOGLTLCN-7.jpg,https://images.saatchiart.com/saatchi/2644611/art/12371001/11433191-NSVFWUDU-7.jpg
서소영,서소영_C,artue,soyoung-seo-1,Soyoung Seo,1,2406720,2406720,2406720,서소영_A와 같은작가,https://artue.io/work/soyoung-seo-5,https://artue.io/work/soyoung-seo-5,https://artue.io/work/soyoung-seo-1,,,,,
서소영,서소영_D,artue,soyoung-seo-2,Soyoung Seo,1,1733280,1733280,1733280,서소영_A와 같은작가,https://artue.io/work/soyoung-seo-5,https://artue.io/work/soyoung-seo-5,https://artue.io/work/soyoung-seo-2,,,,,
서소영,서소영_E,artue,soyoung-seo-5,Soyoung Seo,1,2886960,2886960,2886960,서소영_A와 같은작가,https://artue.io/work/soyoung-seo-5,https://artue.io/work/soyoung-seo-5,https://artue.io/work/soyoung-seo-5,,,,,
서지니,서지니_A,artsy,jinny-suh-2,Jinny Suh,16,3864000,2346000,27600000,o,https://www.artsy.net/artist/jinny-suh-2,https://www.artsy.net/artist/jinny-suh-2/cv,https://www.artsy.net/artwork/jinny-suh-a-quiet-morning,https://www.artsy.net/artwork/jinny-suh-a-yellow-parrot,https://www.artsy.net/artwork/jinny-suh-forest-2-1,https://d32dm0rphc51dk.cloudfront.net/KxU_rocD4IdXAl6xnsxiMw/large.jpg,https://d32dm0rphc51dk.cloudfront.net/GscflM9MS0Ed5DYxq8aR6Q/large.jpg,https://d32dm0rphc51dk.cloudfront.net/A-jBZYatQCidVtTNUOqriQ/large.jpg
서지니,서지니_B,saatchi,1127714,jinny suh,4,13179000,4333200,44850000,서지니_A와 같은작가,https://www.saatchiart.com/account/artist/1127714,https://www.saatchiart.com/account/artist/1127714,https://www.saatchiart.com/art/Collage-Fighting/1127714/4469917/view,https://www.saatchiart.com/art/Collage-A-Summer-Day/1127714/8397386/view,https://www.saatchiart.com/art/Collage-An-Afternoon-Walk/1127714/8400607/view,https://images.saatchiart.com/saatchi/1127714/art/5105105/4174927-HSC00001-7.jpg,https://images.saatchiart.com/saatchi/1127714/art/8397386/7461738-HSC00002-7.jpg,https://images.saatchiart.com/saatchi/1127714/art/8400607/7464938-HSC00001-7.jpg
유수즈이,유수즈이_A,artsy,suzy-yoo,Suzy Yoo,19,1090200,648600,9811800,o_한글명 유수지_A로 변경,https://www.artsy.net/artist/suzy-yoo,https://www.artsy.net/artist/suzy-yoo/cv,https://www.artsy.net/artwork/suzy-yoo-day,https://www.artsy.net/artwork/suzy-yoo-night,https://www.artsy.net/artwork/suzy-yoo-crow-and-star-ggamagwiwa-byeol,https://d32dm0rphc51dk.cloudfront.net/FCI8dcWwbSdPumkSexpE1g/large.jpg,https://d32dm0rphc51dk.cloudfront.net/u7j1VkMhuwYxppawu8n1Jg/large.jpg,https://d32dm0rphc51dk.cloudfront.net/lnD8cQsMVrP0u2uQwmboCg/large.jpg
유수즈이,유수즈이_B,artsy,yoo-suzy-1,Yoo Suzy,12,1932000,966000,9384000,유수지_A와 같은작가,https://www.artsy.net/artist/yoo-suzy-1,https://www.artsy.net/artist/yoo-suzy-1/cv,https://www.artsy.net/artwork/yoo-suzy-grateful-shade,https://www.artsy.net/artwork/yoo-suzy-we-under-the-sun,https://www.artsy.net/artwork/yoo-suzy-adventure,https://d32dm0rphc51dk.cloudfront.net/b_V7L1IPlH9QzzZJFflnow/large.jpg,https://d32dm0rphc51dk.cloudfront.net/7ZYy6NYhF3IVELgfZRIHXQ/large.jpg,https://d32dm0rphc51dk.cloudfront.net/09rdZ2lwiyh9e_amJ2KiKg/large.jpg
유수즈이,유수즈이_Y,artue,yoo-suzy-11,Yoo Suzy,1,5451000,5451000,5451000,유수지_A와 같은작가,https://artue.io/work/yoo-suzy-31,https://artue.io/work/yoo-suzy-31,https://artue.io/work/yoo-suzy-11,,,,,
유수즈이,유수즈이_X,artue,yoo-suzy-12,Yoo Suzy,1,3270600,3270600,3270600,유수지_A와 같은작가,https://artue.io/work/yoo-suzy-31,https://artue.io/work/yoo-suzy-31,https://artue.io/work/yoo-suzy-12,,,,,
유수즈이,유수즈이_W,artue,yoo-suzy-14,Yoo Suzy,1,3270600,3270600,3270600,유수지_A와 같은작가,https://artue.io/work/yoo-suzy-31,https://artue.io/work/yoo-suzy-31,https://artue.io/work/yoo-suzy-14,,,,,
유수즈이,유수즈이_V,artue,yoo-suzy-15,Yoo Suzy,1,3270600,3270600,3270600,유수지_A와 같은작가,https://artue.io/work/yoo-suzy-31,https://artue.io/work/yoo-suzy-31,https://artue.io/work/yoo-suzy-15,,,,,
유수즈이,유수즈이_U,artue,yoo-suzy-17,Yoo Suzy,1,3270600,3270600,3270600,유수지_A와 같은작가,https://artue.io/work/yoo-suzy-31,https://artue.io/work/yoo-suzy-31,https://artue.io/work/yoo-suzy-17,,,,,
유수즈이,유수즈이_T,artue,yoo-suzy-19,Yoo Suzy,1,2180400,2180400,2180400,유수지_A와 같은작가,https://artue.io/work/yoo-suzy-31,https://artue.io/work/yoo-suzy-31,https://artue.io/work/yoo-suzy-19,,,,,
유수즈이,유수즈이_S,artue,yoo-suzy-20,Yoo Suzy,1,2180400,2180400,2180400,유수지_A와 같은작가,https://artue.io/work/yoo-suzy-31,https://artue.io/work/yoo-suzy-31,https://artue.io/work/yoo-suzy-20,,,,,
유수즈이,유수즈이_R,artue,yoo-suzy-21,Yoo Suzy,1,1642200,1642200,1642200,유수지_A와 같은작가,https://artue.io/work/yoo-suzy-31,https://artue.io/work/yoo-suzy-31,https://artue.io/work/yoo-suzy-21,,,,,
유수즈이,유수즈이_Q,artue,yoo-suzy-22,Yoo Suzy,1,1090200,1090200,1090200,유수지_A와 같은작가,https://artue.io/work/yoo-suzy-31,https://artue.io/work/yoo-suzy-31,https://artue.io/work/yoo-suzy-22,,,,,
유수즈이,유수즈이_P,artue,yoo-suzy-23,Yoo Suzy,1,1090200,1090200,1090200,유수지_A와 같은작가,https://artue.io/work/yoo-suzy-31,https://artue.io/work/yoo-suzy-31,https://artue.io/work/yoo-suzy-23,,,,,
유수즈이,유수즈이_O,artue,yoo-suzy-24,Yoo Suzy,1,1090200,1090200,1090200,유수지_A와 같은작가,https://artue.io/work/yoo-suzy-31,https://artue.io/work/yoo-suzy-31,https://artue.io/work/yoo-suzy-24,,,,,
유수즈이,유수즈이_N,artue,yoo-suzy-26,Yoo Suzy,1,1090200,1090200,1090200,유수지_A와 같은작가,https://artue.io/work/yoo-suzy-31,https://artue.io/work/yoo-suzy-31,https://artue.io/work/yoo-suzy-26,,,,,
유수즈이,유수즈이_M,artue,yoo-suzy-27,Yoo Suzy,1,1090200,1090200,1090200,유수지_A와 같은작가,https://artue.io/work/yoo-suzy-31,https://artue.io/work/yoo-suzy-31,https://artue.io/work/yoo-suzy-27,,,,,
유수즈이,유수즈이_L,artue,yoo-suzy-29,Yoo Suzy,1,1090200,1090200,1090200,유수지_A와 같은작가,https://artue.io/work/yoo-suzy-31,https://artue.io/work/yoo-suzy-31,https://artue.io/work/yoo-suzy-29,,,,,
유수즈이,유수즈이_K,artue,yoo-suzy-3,Yoo Suzy,1,770040,770040,770040,유수지_A와 같은작가,https://artue.io/work/yoo-suzy-31,https://artue.io/work/yoo-suzy-31,https://artue.io/work/yoo-suzy-3,,,,,
유수즈이,유수즈이_J,artue,yoo-suzy-30,Yoo Suzy,1,1090200,1090200,1090200,유수지_A와 같은작가,https://artue.io/work/yoo-suzy-31,https://artue.io/work/yoo-suzy-31,https://artue.io/work/yoo-suzy-30,,,,,
유수즈이,유수즈이_I,artue,yoo-suzy-31,Yoo Suzy,1,648600,648600,648600,유수지_A와 같은작가,https://artue.io/work/yoo-suzy-31,https://artue.io/work/yoo-suzy-31,https://artue.io/work/yoo-suzy-31,,,,,
유수즈이,유수즈이_H,artue,yoo-suzy-36,Yoo Suzy,1,648600,648600,648600,유수지_A와 같은작가,https://artue.io/work/yoo-suzy-31,https://artue.io/work/yoo-suzy-31,https://artue.io/work/yoo-suzy-36,,,,,
유수즈이,유수즈이_G,artue,yoo-suzy-37,Yoo Suzy,1,648600,648600,648600,유수지_A와 같은작가,https://artue.io/work/yoo-suzy-31,https://artue.io/work/yoo-suzy-31,https://artue.io/work/yoo-suzy-37,,,,,
유수즈이,유수즈이_F,artue,yoo-suzy-4,Yoo Suzy,1,1155060,1155060,1155060,유수지_A와 같은작가,https://artue.io/work/yoo-suzy-31,https://artue.io/work/yoo-suzy-31,https://artue.io/work/yoo-suzy-4,,,,,
유수즈이,유수즈이_E,artue,yoo-suzy-5,Yoo Suzy,1,1155060,1155060,1155060,유수지_A와 같은작가,https://artue.io/work/yoo-suzy-31,https://artue.io/work/yoo-suzy-31,https://artue.io/work/yoo-suzy-5,,,,,
유수즈이,유수즈이_D,artue,yoo-suzy-8,Yoo Suzy,1,462300,462300,462300,유수지_A와 같은작가,https://artue.io/work/yoo-suzy-31,https://artue.io/work/yoo-suzy-31,https://artue.io/work/yoo-suzy-8,,,,,
유수즈이,유수즈이_C,artue,yoo-suzy-25,Yoo Suzy,1,1090200,1090200,1090200,유수지_A와 같은작가,https://artue.io/work/yoo-suzy-31,https://artue.io/work/yoo-suzy-31,https://artue.io/work/yoo-suzy-25,,,,,
유수즈이,유수즈이_B,artue,yoo-suzy-1,Yoo Suzy,1,3080160,3080160,3080160,유수지_A와 같은작가,https://artue.io/work/yoo-suzy-31,https://artue.io/work/yoo-suzy-31,https://artue.io/work/yoo-suzy-1,,,,,
유수즈이,유수즈이_AA,artue,yoo-suzy-9,Yoo Suzy,1,770040,770040,770040,유수지_A와 같은작가,https://artue.io/work/yoo-suzy-31,https://artue.io/work/yoo-suzy-31,https://artue.io/work/yoo-suzy-9,,,,,
유수즈이,유수즈이_Z,artue,yoo-suzy-10,Yoo Suzy,1,9811800,9811800,9811800,유수지_A와 같은작가,https://artue.io/work/yoo-suzy-31,https://artue.io/work/yoo-suzy-31,https://artue.io/work/yoo-suzy-10,,,,,
이상선,이상선_A,artsy,lee-sang-sun,LEE SANG SUN,55,2760000,828000,27600000,o,https://www.artsy.net/artist/lee-sang-sun,https://www.artsy.net/artist/lee-sang-sun/cv,https://www.artsy.net/artwork/lee-sang-sun-abstract-impression-135,https://www.artsy.net/artwork/lee-sang-sun-abstract-impression-121,https://www.artsy.net/artwork/lee-sang-sun-abstract-impression-128,https://d32dm0rphc51dk.cloudfront.net/T9hwo0eP0wPHzZTkM4tZMw/large.jpg,https://d32dm0rphc51dk.cloudfront.net/eZJI31UBDj73n8p8IR9DTg/large.jpg,https://d32dm0rphc51dk.cloudfront.net/NRXig0uwAKeV23YitwhpRQ/large.jpg
이상선,이상선_B,saatchi,1672169,sangsun lee,8,10688100,5048040,24812400,o,https://www.saatchiart.com/leesangsun,https://www.saatchiart.com/leesangsun,https://www.saatchiart.com/art/Painting-abstract-impression/1672169/8042030/view,https://www.saatchiart.com/art/Painting-Abstract-impression/1672169/8208127/view,https://www.saatchiart.com/art/Painting-abstract-impression/1672169/7975720/view,https://images.saatchiart.com/saatchi/1672169/art/8042030/7109090-HSC00002-7.jpg,https://images.saatchiart.com/saatchi/1672169/art/8208127/7273788-HSC00002-7.jpg,https://images.saatchiart.com/saatchi/1672169/art/7975720/7043143-HSC00002-7.jpg
이주연,이주연_A,saatchi,912279,jooyeon lee,28,1821600,538200,7245000,o,https://www.saatchiart.com/joolee,https://www.saatchiart.com/joolee,https://www.saatchiart.com/art/Painting-Grid-No-008-Controlled-and-Uncontrolled/912279/3451610/view,https://www.saatchiart.com/art/Painting-Grid-No-003-Controlled-and-Uncontrolled/912279/3451769/view,https://www.saatchiart.com/art/Painting-Grid-No-005-Controlled-and-Uncontrolled/912279/3451510/view,https://images.saatchiart.com/saatchi/912279/art/3642526/2712411-HSC00001-7.jpg,https://images.saatchiart.com/saatchi/912279/art/3642685/2712570-HSC00001-7.jpg,https://images.saatchiart.com/saatchi/912279/art/3642426/2712311-HSC00001-7.jpg
이주연,이주연_B,artsy,jooyeon-lee-1,Jooyeon Lee,16,23460000,4140000,27600000,o,https://www.artsy.net/artist/jooyeon-lee-1,https://www.artsy.net/artist/jooyeon-lee-1/cv,https://www.artsy.net/artwork/jooyeon-lee-mind-scape-250028,https://www.artsy.net/artwork/jooyeon-lee-mind-scape-250027,https://www.artsy.net/artwork/jooyeon-lee-mind-scape-250024-1,https://d32dm0rphc51dk.cloudfront.net/LRxR0ZW3dHi7P3wm0Rs7rA/large.jpg,https://d32dm0rphc51dk.cloudfront.net/y-rKDHo29qQMLntqrpqAdA/large.jpg,https://d32dm0rphc51dk.cloudfront.net/bLmVKp4i1jy8ZW237oPoWA/large.jpg
이준희,이준희_A,saatchi,2477237,jun hee lee,114,324300,241500,1319280,o,https://www.saatchiart.com/account/artist/2477237,https://www.saatchiart.com/account/artist/2477237,https://www.saatchiart.com/art/Painting-griffis-s-mind/2477237/13479487/view,https://www.saatchiart.com/art/Painting-mother-is-ailen/2477237/13479515/view,https://www.saatchiart.com/art/Painting-scarlet-yhohansen/2477237/12448985/view,https://images.saatchiart.com/saatchi/2477237/art/13479487/12541621-HHXBYDGP-7.jpg,https://images.saatchiart.com/saatchi/2477237/art/13479515/12541649-HVAKKULK-7.jpg,https://images.saatchiart.com/saatchi/2477237/art/12448985/11511175-JAPOHSXO-7.jpg
이준희,이준희_B,artsy,joonhee-lee,Joonhee Lee,7,5520000,414000,5520000,o,https://www.artsy.net/artist/joonhee-lee,https://www.artsy.net/artist/joonhee-lee/cv,https://www.artsy.net/artwork/joonhee-lee-a-burning-portrait-of-fuck-u,https://www.artsy.net/artwork/joonhee-lee-two-pinwheels,https://www.artsy.net/artwork/joonhee-lee-star-fall,https://d32dm0rphc51dk.cloudfront.net/j0vObJX6YBR1zcHyyQay1A/large.jpg,https://d32dm0rphc51dk.cloudfront.net/09wtEHlhiiLPxCwW3IsWlQ/large.jpg,https://d32dm0rphc51dk.cloudfront.net/Lmo2VUQ__wA8HDET3UySbw/large.jpg
이준희,이준희_C,saatchi,2819773,joon hee lee,1,1407600,1407600,1407600,o,https://www.saatchiart.com/account/artist/2819773,https://www.saatchiart.com/account/artist/2819773,https://www.saatchiart.com/art/Photography-Mist-of-Blossom/2819773/13640303/view,,,https://images.saatchiart.com/saatchi/2819773/art/13640303/12702389-DBPPZTFL-7.jpg,,
이지연,이지연_A,artsy,jiyeon-lee-ijiyeon,Jiyeon Lee 이지연,16,2070000,1242000,10350000,o,https://www.artsy.net/artist/jiyeon-lee-ijiyeon,https://www.artsy.net/artist/jiyeon-lee-ijiyeon/cv,https://www.artsy.net/artwork/jiyeon-lee-ijiyeon-waterlight-24,https://www.artsy.net/artwork/jiyeon-lee-ijiyeon-waterlight-34,https://www.artsy.net/artwork/jiyeon-lee-ijiyeon-waterlight-25,https://d32dm0rphc51dk.cloudfront.net/fw4UQAeT8r20q3mf2TkFZQ/large.jpg,https://d32dm0rphc51dk.cloudfront.net/i8oDQnqpijs7phf0M8JIWg/large.jpg,https://d32dm0rphc51dk.cloudfront.net/pyGKJ4ZswpMeZf9hVNLbnA/large.jpg
이지연,이지연_B,saatchi,852529,ji yeonlee,8,14531400,7286400,28814400,o,https://www.saatchiart.com/moienmoi,https://www.saatchiart.com/moienmoi,https://www.saatchiart.com/art/Drawing-2pm/852529/2818526/view,https://www.saatchiart.com/art/Drawing-april/852529/2818548/view,https://www.saatchiart.com/art/Drawing-four-seasons/852529/2818564/view,https://images.saatchiart.com/saatchi/852529/art/3009029/2078922-HSC00002-7.jpg,https://images.saatchiart.com/saatchi/852529/art/3009051/2078944-HSC00001-7.jpg,https://images.saatchiart.com/saatchi/852529/art/3009067/2078960-HSC00001-7.jpg
이진우,이진우_A,artsy,jin-woo-lee,Jin Woo Lee,6,20700000,20700000,151800000,o,https://www.artsy.net/artist/jin-woo-lee,https://www.artsy.net/artist/jin-woo-lee/cv,https://www.artsy.net/artwork/jin-woo-lee-untitled-p24-d0009,https://www.artsy.net/artwork/jin-woo-lee-untitled-p24-d0007,https://www.artsy.net/artwork/jin-woo-lee-untitled-p24-d0008,https://d32dm0rphc51dk.cloudfront.net/IE7w_TSbOJkba1t7pBvctA/large.jpg,https://d32dm0rphc51dk.cloudfront.net/os4W8NTmLqtDz3vFMWF8Qw/large.jpg,https://d32dm0rphc51dk.cloudfront.net/oi2DYMOrLO8CQEQ09FPd3A/large.jpg
이진우,이진우_B,saatchi,2755419,woojin lee,3,3436200,3146400,3436200,이우진 인데 작가 이름이 잘못 기입됨,https://www.saatchiart.com/simyulart,https://www.saatchiart.com/simyulart,https://www.saatchiart.com/art/Painting-Layers-stars/2755419/12766197/view,https://www.saatchiart.com/art/Painting-Layers-flower/2755419/12748185/view,https://www.saatchiart.com/art/Painting-Layers-sprout/2755419/12748193/view,https://images.saatchiart.com/saatchi/2755419/art/12766197/11828375-EZYGGHZM-7.jpg,https://images.saatchiart.com/saatchi/2755419/art/12748185/11810363-GALIGRAO-7.jpg,https://images.saatchiart.com/saatchi/2755419/art/12748193/11810371-IBHVHEKM-7.jpg
이효윤,이효윤_A,artsy,lee-hyo-youn,Lee Hyo Youn,121,3036000,1104000,35880000,o_이효연_A 인데 작가 이름 잘못 기입됨,https://www.artsy.net/artist/lee-hyo-youn,https://www.artsy.net/artist/lee-hyo-youn/cv,https://www.artsy.net/artwork/lee-hyo-youn-from-rubens,https://www.artsy.net/artwork/lee-hyo-youn-a-girl-in-red,https://www.artsy.net/artwork/lee-hyo-youn-geometrical-figure-landscape-2,https://d32dm0rphc51dk.cloudfront.net/7b3u1KCZsyxpQhv1zqucpA/large.jpg,https://d32dm0rphc51dk.cloudfront.net/lZUTRRGuvOSMjRjaCT7MLQ/large.jpg,https://d32dm0rphc51dk.cloudfront.net/5Fb-K3PGLgQ8YPpeB9zaYQ/large.jpg
이효윤,이효윤_B,artsy,hyoyoun-lee,Hyoyoun Lee,32,5520000,2208000,27600000,o_이효연_B 인데 작가 이름 잘못 기입됨,https://www.artsy.net/artist/hyoyoun-lee,https://www.artsy.net/artist/hyoyoun-lee/cv,https://www.artsy.net/artwork/hyoyoun-lee-mask-2,https://www.artsy.net/artwork/hyoyoun-lee-bookbook,https://www.artsy.net/artwork/hyoyoun-lee-a-girl-with-a-gun,https://d32dm0rphc51dk.cloudfront.net/CaFxpAZQw7ApHw7vJaWS1g/large.jpg,https://d32dm0rphc51dk.cloudfront.net/VHvhhA8sFSI8DLn76jqOwg/large.jpg,https://d32dm0rphc51dk.cloudfront.net/ODhUSNuwDNN_X-h7KJcGSA/large.jpg
이효윤,이효윤_C,saatchi,175807,hyoyoun lee,5,9287400,6058200,10080900,o_이효연_C 인데 작가 이름 잘못 기입됨,https://www.saatchiart.com/account/artist/175807,https://www.saatchiart.com/account/artist/175807,https://www.saatchiart.com/art/Painting-Differnt-similarity/175807/3769334/view,https://www.saatchiart.com/art/Painting-Old-eternity/175807/3144936/view,https://www.saatchiart.com/art/Painting-Mindscape-1/175807/2600558/view,https://images.saatchiart.com/saatchi/175807/art/3960464/3030319-DVOMINVV-7.jpg,https://images.saatchiart.com/saatchi/175807/art/3335738/2405625-ILVEWHHU-7.jpg,https://images.saatchiart.com/saatchi/175807/art/2790787/1860680-HSC00001-7.jpg
이희정,이희정_A,artsy,lee-heejung,Lee HeeJung,12,2846250,572700,5699400,o,https://www.artsy.net/artist/lee-heejung,https://www.artsy.net/artist/lee-heejung/cv,https://www.artsy.net/artwork/lee-heejung-the-one-who-crosses-over-15,https://www.artsy.net/artwork/lee-heejung-the-one-who-crosses-over-19,https://www.artsy.net/artwork/lee-heejung-the-one-who-crosses-over-9,https://d32dm0rphc51dk.cloudfront.net/f1iVa6hXJ1igCHrw7Y7zRw/large.jpg,https://d32dm0rphc51dk.cloudfront.net/AYPRvAW6-shPrKMEO1Jw8Q/large.jpg,https://d32dm0rphc51dk.cloudfront.net/t7I9OYkf-x_MfTKMGkJbbA/large.jpg
이희정,이희정_B,saatchi,1875822,hee jung lee,5,1338600,483000,2318400,이희정_A와 같은작가,https://www.saatchiart.com/account/artist/1875822,https://www.saatchiart.com/account/artist/1875822,https://www.saatchiart.com/art/Painting-the-sound-of-the-wind/1875822/11462691/view,https://www.saatchiart.com/art/Painting-silent/1875822/11303289/view,https://www.saatchiart.com/art/Painting-Flow/1875822/11972215/view,https://images.saatchiart.com/saatchi/1875822/art/11462691/10524945-LGUBASXX-7.jpg,https://images.saatchiart.com/saatchi/1875822/art/11303289/10365555-ACJHJSAB-7.jpg,https://images.saatchiart.com/saatchi/1875822/art/11972215/11034443-CMPXIBUA-7.jpg
정은하,정은하_A,artsy,eunha-jung-jeongeunha,EunHa Jung 정은하,28,10350000,1104000,55200000,o,https://www.artsy.net/artist/eunha-jung-jeongeunha,https://www.artsy.net/artist/eunha-jung-jeongeunha/cv,https://www.artsy.net/artwork/eunha-jung-jeongeunha-dreaming-bridge-porto-1,https://www.artsy.net/artwork/eunha-jung-jeongeunha-dreaming-bridge-porto-2,https://www.artsy.net/artwork/eunha-jung-jeongeunha-porto-a-time-to-love,https://d32dm0rphc51dk.cloudfront.net/9dXg7ZthKAjUE79YqTtEzA/large.jpg,https://d32dm0rphc51dk.cloudfront.net/l1L1z2sLH_C4HEPRdv8R8A/large.jpg,https://d32dm0rphc51dk.cloudfront.net/ZR-DPbD09hU--P7z7JDCpg/large.jpg
정은하,정은하_B,saatchi,979459,eunha chung,6,779700,614100,1145400,o,https://www.saatchiart.com/eunhachung,https://www.saatchiart.com/eunhachung,https://www.saatchiart.com/art/Photography-Hope-What-is-your-wish-Limited-Edition-1-of-30/979459/3601990/view,https://www.saatchiart.com/art/Photography-Sein-is-Time-Limited-Edition-1-of-10/979459/3536731/view,https://www.saatchiart.com/art/Photography-Sein-is-Time-Limited-Edition-1-of-10/979459/3537604/view,https://images.saatchiart.com/saatchi/979459/art/3792987/2862871-DZGNOQKN-7.jpg,https://images.saatchiart.com/saatchi/979459/art/3727711/2797595-HSC00001-7.jpg,https://images.saatchiart.com/saatchi/979459/art/3728584/2798468-HSC00001-7.jpg
채정완,채정완_A,saatchi,1777462,jungwan chae,43,2635800,745200,7907400,o,https://www.saatchiart.com/cjungwan,https://www.saatchiart.com/cjungwan,https://www.saatchiart.com/art/Painting-How-to-grieve/1777462/8500687/view,https://www.saatchiart.com/art/Painting-Praying-for-panties/1777462/8385100/view,https://www.saatchiart.com/art/Painting-Sharp-convergence/1777462/8500694/view,https://images.saatchiart.com/saatchi/1777462/art/8500687/7564806-HSC00001-7.jpg,https://images.saatchiart.com/saatchi/1777462/art/8385100/7449534-HSC00001-7.jpg,https://images.saatchiart.com/saatchi/1777462/art/8500694/7564813-HSC00001-7.jpg
채정완,채정완_B,artsy,chae-jungwan,Chae Jungwan,20,5520000,897000,10350000,채정완_A와 같은작가,https://www.artsy.net/artist/chae-jungwan,https://www.artsy.net/artist/chae-jungwan/cv,https://www.artsy.net/artwork/chae-jungwan-the-badge,https://www.artsy.net/artwork/chae-jungwan-sight-unseen,https://www.artsy.net/artwork/chae-jungwan-peek,https://d32dm0rphc51dk.cloudfront.net/ahKof3uilS7RHPl5LmMxDg/large.jpg,https://d32dm0rphc51dk.cloudfront.net/jzaLW9Z_KYj9CbIAeJwwnQ/large.jpg,https://d32dm0rphc51dk.cloudfront.net/N1reoxjecOz6Rs_Y2adAQQ/large.jpg
채정완,채정완_C,artsy,jungwan-chae,Jungwan Chae,7,1932000,993600,6624000,채정완_A와 같은작가,https://www.artsy.net/artist/jungwan-chae,https://www.artsy.net/artist/jungwan-chae/cv,https://www.artsy.net/artwork/jungwan-chae-where-is-the-middle,https://www.artsy.net/artwork/jungwan-chae-always-just-different,https://www.artsy.net/artwork/jungwan-chae-how-to-make-love,https://d32dm0rphc51dk.cloudfront.net/z491TZwa1RjnfRCp61GhXg/large.jpg,https://d32dm0rphc51dk.cloudfront.net/7srY5fJl_98ZayeNcQUhWw/large.jpg,https://d32dm0rphc51dk.cloudfront.net/9BX-zEbN0jPLbrQwF7yo4w/large.jpg