experiment_id,setting,split,artist_key,actual_price_krw,pred_log_price,pred_price_krw,ape
T5-E019,warm_oof_extended_huber_max_iter_3000,val_warm,injung kwon,513360.0,13.512565354414857,738639.5700882652,0.43883350882083766
T5-E019,warm_oof_extended_huber_max_iter_3000,val_warm,injung kwon,356040.0,13.160105330220658,519231.6128949933,0.45835190679416155
T5-E019,warm_oof_extended_huber_max_iter_3000,val_warm,injung kwon,513360.0,13.584200439812546,793493.3511833965,0.5456859731638548
T5-E019,warm_oof_extended_huber_max_iter_3000,val_warm,ari kwon,690000.0,13.496954137876495,727198.0482204269,0.053910214812212885
T5-E019,warm_oof_extended_huber_max_iter_3000,val_warm,ari kwon,966000.0,14.238390992032093,1526351.7853815942,0.580074311989228
T5-E019,warm_oof_extended_huber_max_iter_3000,val_warm,ari kwon,862500.0,13.49369230294402,724829.91255739,0.159617492687084
T5-E019,warm_oof_extended_huber_max_iter_3000,val_warm,panmook kim,1515240.0,14.596977108784445,2184673.8525095535,0.44180054150468145
T5-E019,warm_oof_extended_huber_max_iter_3000,val_warm,panmook kim,5464800.0,15.399590697981816,4874805.177285708,0.10796274753225964
T5-E019,warm_oof_extended_huber_max_iter_3000,val_warm,panmook kim,5464800.0,15.399590697981816,4874805.177285708,0.10796274753225964
T5-E019,warm_oof_extended_huber_max_iter_3000,val_warm,miae kim,3063600.0,14.95117225217236,3113232.869665972,0.016200832245062004
T5-E019,warm_oof_extended_huber_max_iter_3000,val_warm,miae kim,717600.0,13.830135448256247,1014732.357258413,0.41406404300224775
T5-E019,warm_oof_extended_huber_max_iter_3000,val_warm,miae kim,4416000.0,15.2278229246505,4105437.713959374,0.07032660462876494
T5-E019,warm_oof_extended_huber_max_iter_3000,val_warm,eunha jang,17844780.0,16.696722262990974,17835871.90697154,0.0004991988149172866
T5-E019,warm_oof_extended_huber_max_iter_3000,val_warm,eunha jang,10631520.0,16.12121076696631,10031199.730239423,0.056466081027038185
T5-E019,warm_oof_extended_huber_max_iter_3000,val_warm,eunha jang,10603920.0,15.996210542205452,8852500.701447835,0.1651671550287219
T5-E019,warm_oof_extended_huber_max_iter_3000,val_warm,jinhui lee,1807800.0,15.038599767187076,3397667.644191259,0.8794488572802628
T5-E019,warm_oof_extended_huber_max_iter_3000,val_warm,jinhui lee,862500.0,13.94838933680867,1142111.5418582046,0.32418729490806336
T5-E019,warm_oof_extended_huber_max_iter_3000,val_warm,laila lee,23584200.0,16.958282706094803,23168003.056490097,0.01764727841138995
T5-E019,warm_oof_extended_huber_max_iter_3000,val_warm,laila lee,23582820.0,16.958282706094803,23168003.056490097,0.017589793905474528
T5-E019,warm_oof_extended_huber_max_iter_3000,val_warm,laila lee,23708400.0,17.104384269696517,26812647.872525208,0.13093451572122994
T5-E019,warm_oof_extended_huber_max_iter_3000,val_warm,jennifer lee,2746200.0,14.413040659838689,1817623.9058317072,0.33813127017999156
T5-E019,warm_oof_extended_huber_max_iter_3000,val_warm,jennifer lee,8100600.0,15.97129597726044,8634669.352298785,0.0659296042637317
T5-E019,warm_oof_extended_huber_max_iter_3000,val_warm,jennifer lee,7120800.0,15.71712981244078,6696729.376674964,0.05955378936707054
T5-E019,warm_oof_extended_huber_max_iter_3000,val_warm,hyera lee,124157220.0,19.062772563818516,190045212.78042224,0.5306819271599529
T5-E019,warm_oof_extended_huber_max_iter_3000,val_warm,hyera lee,124115820.0,18.63260354842903,123605246.36786966,0.004113686975039441
T5-E019,warm_oof_extended_huber_max_iter_3000,val_warm,hyera lee,138207000.0,18.957696060519982,171089276.07169113,0.23792048211516872
T5-E019,warm_oof_extended_huber_max_iter_3000,val_warm,jisup kim,11730000.0,16.02338986366849,9096405.229058674,0.22451788328570557
T5-E019,warm_oof_extended_huber_max_iter_3000,val_warm,jisup kim,12282000.0,16.090312388930155,9725991.431244945,0.20811012609958107
T5-E019,warm_oof_extended_huber_max_iter_3000,val_warm,jisup kim,8901000.0,15.98435840151847,8748198.938252669,0.01716672977725325
T5-E019,warm_oof_extended_huber_max_iter_3000,val_warm,rahee kang,5464800.0,15.48262719875374,5296872.970072028,0.03072885191186718
T5-E019,warm_oof_extended_huber_max_iter_3000,val_warm,rahee kang,13413600.0,16.17416974158767,10576760.447174685,0.21148979787866903
T5-E019,warm_oof_extended_huber_max_iter_3000,val_warm,rahee kang,2649600.0,15.037754001380025,3394795.227941025,0.28124819895117187
T5-E019,warm_oof_extended_huber_max_iter_3000,val_warm,kyoung soo lee,19666380.0,16.682539285746376,17584691.594444945,0.10585010589417343
T5-E019,warm_oof_extended_huber_max_iter_3000,val_warm,kyoung soo lee,19417980.0,16.60555548134881,16281751.216730293,0.1615115878824526
T5-E019,warm_oof_extended_huber_max_iter_3000,val_warm,kyoung soo lee,18327780.0,16.80816034679399,19938445.225080833,0.08788108680270239
T5-E019,warm_oof_extended_huber_max_iter_3000,val_warm,myeonghyeon an,4824480.0,15.183616826831226,3927905.2513987003,0.18583862895095424
T5-E019,warm_oof_extended_huber_max_iter_3000,val_warm,myeonghyeon an,1092960.0,14.022012100355525,1229369.630384562,0.12480752304252861
T5-E019,warm_oof_extended_huber_max_iter_3000,val_warm,myeonghyeon an,2177640.0,14.49148285506048,1965943.5281909113,0.0972137138411715
T5-E019,warm_oof_extended_huber_max_iter_3000,val_warm,eunmee kim,1228200.0,13.688447496364908,880678.1338743464,0.28295217890054847
T5-E019,warm_oof_extended_huber_max_iter_3000,val_warm,eunmee kim,1035000.0,13.773706906380736,959058.0716202132,0.07337384384520462
T5-E019,warm_oof_extended_huber_max_iter_3000,val_warm,eunmee kim,745200.0,13.773706906380736,959058.0716202132,0.2869807724372158
T5-E019,warm_oof_extended_huber_max_iter_3000,val_warm,ho rin,776940.0,13.563080039405396,776910.191803772,3.8366149545650296e-05
T5-E019,warm_oof_extended_huber_max_iter_3000,val_warm,ho rin,1410360.0,14.371571232490155,1743789.5974170696,0.23641453062839957
T5-E019,warm_oof_extended_huber_max_iter_3000,val_warm,h m moon,1104000.0,13.551770682019445,768173.3340326406,0.3041908206226082
T5-E019,warm_oof_extended_huber_max_iter_3000,val_warm,h m moon,528540.0,13.153553317128022,515840.7212829024,0.024027091075599943
T5-E019,warm_oof_extended_huber_max_iter_3000,val_warm,h m moon,276000.0,12.713948551005897,332351.5426181259,0.20417225586277504
T5-E019,warm_oof_extended_huber_max_iter_3000,val_warm,jihee yoo,1920960.0,14.301434563595045,1625676.4492606323,0.15371665768124673
T5-E019,warm_oof_extended_huber_max_iter_3000,val_warm,jihee yoo,1846440.0,14.301434563595045,1625676.4492606323,0.11956172458318046
T5-E019,warm_oof_extended_huber_max_iter_3000,val_warm,jihee yoo,2290800.0,14.64795695897023,2298935.9857533067,0.0035515914760374774
T5-E019,warm_oof_extended_huber_max_iter_3000,val_warm,hyoung jun lee,2339100.0,14.577087616122189,2141651.0669193002,0.08441235222123883
T5-E019,warm_oof_extended_huber_max_iter_3000,val_warm,hyoung jun lee,3884700.0,15.496552722184044,5371150.676368692,0.38264233438069656
T5-E019,warm_oof_extended_huber_max_iter_3000,val_warm,hyoung jun lee,10695000.0,16.139842105780712,10219846.323433205,0.044427646242804535
T5-E019,warm_oof_extended_huber_max_iter_3000,val_warm,nakjin sung,4926600.0,15.5786667238277,5830811.391328507,0.1835365954874573
T5-E019,warm_oof_extended_huber_max_iter_3000,val_warm,nakjin sung,1411740.0,14.530793982272904,2044766.1365675258,0.4484013604258049
T5-E019,warm_oof_extended_huber_max_iter_3000,val_warm,nakjin sung,2290800.0,14.866863260752922,2861519.286350732,0.2491353615988878
T5-E019,warm_oof_extended_huber_max_iter_3000,val_warm,kyungmin lee,676200.0,13.415986391307994,670639.0825625961,0.008223776157059935
T5-E019,warm_oof_extended_huber_max_iter_3000,val_warm,leo,4207620.0,15.44894257990612,5121421.421671041,0.21717774458507216
T5-E019,warm_oof_extended_huber_max_iter_3000,val_warm,leo,73767900.0,17.186727978896656,29113949.422909442,0.6053303750966282
T5-E019,warm_oof_extended_huber_max_iter_3000,val_warm,leo,73767900.0,17.217021925387524,30009421.05179349,0.5931913331978613
T5-E019,warm_oof_extended_huber_max_iter_3000,val_warm,jinyoup chris park,241500.0,12.386073787050758,239443.7459541709,0.008514509506538674
T5-E019,warm_oof_extended_huber_max_iter_3000,val_warm,jinyoup chris park,241500.0,12.386073787050757,239443.7459541705,0.00851450950654036
T5-E019,warm_oof_extended_huber_max_iter_3000,val_warm,nah su,6113400.0,15.756922736458097,6968584.911107223,0.1398869550671022
T5-E019,warm_oof_extended_huber_max_iter_3000,val_warm,nah su,4485000.0,15.280187080055033,4326143.60204948,0.03541948672252392
T5-E019,warm_oof_extended_huber_max_iter_3000,val_warm,nah su,4002000.0,15.478620594486554,5275692.9545310605,0.3182641065794754
T5-E019,warm_oof_extended_huber_max_iter_3000,val_warm,zhanna kan,245640.0,12.282353605727762,215853.1524570426,0.12126220299201027
T5-E019,warm_oof_extended_huber_max_iter_3000,val_warm,zhanna kan,244260.0,12.282353605727762,215853.1524570426,0.11629758266993123
T5-E019,warm_oof_extended_huber_max_iter_3000,val_warm,zhanna kan,255300.0,12.282353605727762,215853.1524570426,0.15451174125717745
T5-E019,warm_oof_extended_huber_max_iter_3000,val_warm,seungeun suh,2180400.0,14.539877847861073,2063425.1369307141,0.05364835033447343
T5-E019,warm_oof_extended_huber_max_iter_3000,val_warm,seungeun suh,28110600.0,16.440989724892276,13811190.466497,0.508683896234979
T5-E019,warm_oof_extended_huber_max_iter_3000,val_warm,seungeun suh,36597600.0,16.882625471267925,21479841.986462165,0.4130805848891139
T5-E019,warm_oof_extended_huber_max_iter_3000,val_warm,tommy seo,6292800.0,15.592300399198509,5910851.159300082,0.06069616715928007
T5-E019,warm_oof_extended_huber_max_iter_3000,val_warm,tommy seo,4554000.0,15.073688288547899,3519003.069428597,0.22727205326556937
T5-E019,warm_oof_extended_huber_max_iter_3000,val_warm,tommy seo,1628400.0,14.273445615576328,1580806.3383893166,0.02922725473512861
T5-E019,warm_oof_extended_huber_max_iter_3000,val_warm,kai jun,31878000.0,17.156467639982623,28246147.65272064,0.11392974299765853
T5-E019,warm_oof_extended_huber_max_iter_3000,val_warm,kai jun,27199800.0,17.096501380386314,26602117.620761905,0.021973778455653906
T5-E019,warm_oof_extended_huber_max_iter_3000,val_warm,kai jun,22880400.0,17.001984975387145,24202947.35856488,0.057802632758381836
T5-E019,warm_oof_extended_huber_max_iter_3000,val_warm,semi yh,420900.0,13.529489400358838,751246.7211970265,0.7848579738584618
T5-E019,warm_oof_extended_huber_max_iter_3000,val_warm,semi yh,420900.0,13.529489400358838,751246.7211970265,0.7848579738584618
T5-E019,warm_oof_extended_huber_max_iter_3000,val_warm,semi yh,393300.0,12.533298750493374,277423.0150657959,0.29462747249988325
T5-E019,warm_oof_extended_huber_max_iter_3000,val_warm,yoojin kim,993600.0,13.907243573369072,1096072.1486339897,0.10313219467994136
T5-E019,warm_oof_extended_huber_max_iter_3000,val_warm,yoojin kim,966000.0,13.659185539675246,855281.1631712115,0.1146157731146879
T5-E019,warm_oof_extended_huber_max_iter_3000,val_warm,yoojin kim,1269600.0,13.92159747211171,1111918.5137565392,0.12419776799264398
T5-E019,warm_oof_extended_huber_max_iter_3000,val_warm,cheolmin im,5934000.0,15.083299821502994,3552989.1509304587,0.4012488791825988
T5-E019,warm_oof_extended_huber_max_iter_3000,val_warm,cheolmin im,5934000.0,15.125542376370742,3706291.63862792,0.3754142840195619
T5-E019,warm_oof_extended_huber_max_iter_3000,val_warm,cheolmin im,5934000.0,15.083299821502994,3552989.1509304587,0.4012488791825988
T5-E019,warm_oof_extended_huber_max_iter_3000,val_warm,kyunghee jee,496800.0,14.084686791994708,1308885.790940004,1.6346332345813284
T5-E019,warm_oof_extended_huber_max_iter_3000,val_warm,kyunghee jee,7120800.0,15.293638238186976,4384728.3769506775,0.38423654969235516
T5-E019,warm_oof_extended_huber_max_iter_3000,val_warm,jung hoon lee,7990200.0,15.279432845746314,4322881.906316407,0.4589770085459179
T5-E019,warm_oof_extended_huber_max_iter_3000,val_warm,jung hoon lee,4071000.0,14.798597174981621,2672693.1033865837,0.34347995495293937
T5-E019,warm_oof_extended_huber_max_iter_3000,val_warm,jung hoon lee,10363800.0,14.983813865369154,3216530.542536429,0.6896379182793542
T5-E019,warm_oof_extended_huber_max_iter_3000,val_warm,huieun oh,510600.0,11.97933353812677,159425.74402917144,0.6877678338637457
T5-E019,warm_oof_extended_huber_max_iter_3000,val_warm,huieun oh,400200.0,12.760313889889211,348123.95570507745,0.13012504821319978
T5-E019,warm_oof_extended_huber_max_iter_3000,val_warm,youngran kim,1295820.0,14.274434288613785,1582370.0118470448,0.2211341172748104
T5-E019,warm_oof_extended_huber_max_iter_3000,val_warm,youngran kim,3726000.0,15.019149591750427,3332220.9505180228,0.10568412492806689
T5-E019,warm_oof_extended_huber_max_iter_3000,val_warm,sunghee kim,10101600.0,16.198008445317168,10831926.030506542,0.07229805481374653
T5-E019,warm_oof_extended_huber_max_iter_3000,val_warm,sunghee kim,7176000.0,15.90086291772431,8047426.571478219,0.12143625578013083
T5-E019,warm_oof_extended_huber_max_iter_3000,val_warm,sunghee kim,7148400.0,15.648629128267924,6253357.817643085,0.12520874354497727
T5-E019,warm_oof_extended_huber_max_iter_3000,val_warm,hobong kim,2760000.0,15.088451533740864,3571340.358102664,0.29396389786328403
T5-E019,warm_oof_extended_huber_max_iter_3000,val_warm,hobong kim,10350000.0,16.17386747902345,10573563.97155259,0.021600383724887914
T5-E019,warm_oof_extended_huber_max_iter_3000,val_warm,hobong kim,8970000.0,15.937230679309575,8345480.387338322,0.06962314522426738
T5-E019,warm_oof_extended_huber_max_iter_3000,val_warm,jaeyeon yoo,1500000.0,14.169509545237123,1424753.7435923575,0.050164170938428336
T5-E019,warm_oof_extended_huber_max_iter_3000,val_warm,jaeyeon yoo,3000000.0,14.902543829739491,2965463.285790978,0.011512238069674
T5-E019,warm_oof_extended_huber_max_iter_3000,val_warm,jaeyeon yoo,1200000.0,13.866284118950695,1052084.6333019778,0.12326280558168519
T5-E019,warm_oof_extended_huber_max_iter_3000,val_warm,song yu jeong,6900000.0,15.769535617489687,7057035.479204109,0.022758765102044772
T5-E019,warm_oof_extended_huber_max_iter_3000,val_warm,song yu jeong,4830000.0,14.948730016910407,3105638.899478417,0.35701057981813317
T5-E019,warm_oof_extended_huber_max_iter_3000,val_warm,byeongseok hwang,938400.0,14.066911662922944,1285825.7319869518,0.3702320247090279
T5-E019,warm_oof_extended_huber_max_iter_3000,val_warm,byeongseok hwang,565800.0,13.131959951761976,504821.3845648099,0.10777415241284923
T5-E019,warm_oof_extended_huber_max_iter_3000,val_warm,seo jiin,690000.0,13.266384598673799,577454.3084459179,0.1631096979044668
T5-E019,warm_oof_extended_huber_max_iter_3000,val_warm,seo jiin,690000.0,13.266384598673799,577454.3084459179,0.1631096979044668
T5-E019,warm_oof_extended_huber_max_iter_3000,val_warm,seo jiin,828000.0,13.499221413134313,728848.6768703465,0.11974797479426746
T5-E019,warm_oof_extended_huber_max_iter_3000,val_warm,hyunmin wang,3174000.0,15.896585755544843,8013079.928347914,1.524599851401359
T5-E019,warm_oof_extended_huber_max_iter_3000,val_warm,hyunmin wang,3174000.0,16.059043200234427,9426573.248013465,1.9699348607477836
T5-E019,warm_oof_extended_huber_max_iter_3000,val_warm,yongju jang,5520000.0,15.135667445631304,3744008.719979661,0.3217375507283223
T5-E019,warm_oof_extended_huber_max_iter_3000,val_warm,yongju jang,2760000.0,14.51182222256796,2006338.9926181093,0.273065582384743
T5-E019,warm_oof_extended_huber_max_iter_3000,val_warm,beomsik won,12420000.0,15.798328104054303,7263178.522855529,0.4152030174834518
T5-E019,warm_oof_extended_huber_max_iter_3000,val_warm,beomsik won,44160000.0,16.681302181109864,17562950.94144584,0.6022882486085634
T5-E019,warm_oof_extended_huber_max_iter_3000,val_warm,beomsik won,27600000.0,15.798328104054303,7263178.522855529,0.7368413578675533
T5-E019,warm_oof_extended_huber_max_iter_3000,val_warm,joy,455400.0,13.019996323811684,451349.0761260332,0.008895309341165553
T5-E019,warm_oof_extended_huber_max_iter_3000,val_warm,joy,455400.0,13.019996323811684,451349.0761260332,0.008895309341165553
T5-E019,warm_oof_extended_huber_max_iter_3000,val_warm,lee ufan,20010000.0,16.523194855876653,14994512.456168657,0.2506490526652345
T5-E019,warm_oof_extended_huber_max_iter_3000,val_warm,lee ufan,48300000.0,17.89335198430684,59017937.69000715,0.22190347184279813
T5-E019,warm_oof_extended_huber_max_iter_3000,val_warm,lee ufan,26220000.0,17.270824702928017,31668235.536520395,0.20778930345234156
T5-E019,warm_oof_extended_huber_max_iter_3000,val_warm,eun jeong lee,124200.0,11.837728068237803,138375.74698165865,0.11413644912768642
T5-E019,warm_oof_extended_huber_max_iter_3000,val_warm,eun jeong lee,1932000.0,13.291541475397745,592165.5235626408,0.6934961058164385
T5-E019,warm_oof_extended_huber_max_iter_3000,val_warm,eun jeong lee,124200.0,11.837728068237803,138375.74698165865,0.11413644912768642
T5-E019,warm_oof_extended_huber_max_iter_3000,val_warm,sujin park,2070000.0,14.540469200043225,2064645.7087464794,0.0025866141321355756
T5-E019,warm_oof_extended_huber_max_iter_3000,val_warm,sujin park,2070000.0,14.540469200043226,2064645.708746483,0.002586614132133776
T5-E019,warm_oof_extended_huber_max_iter_3000,val_warm,ellie you,1173000.0,13.96794670491306,1164668.0921089323,0.007103075780961361
T5-E019,warm_oof_extended_huber_max_iter_3000,val_warm,a jihye,2000000.0,14.113837395997606,1347602.163550724,0.326198918224638
T5-E019,warm_oof_extended_huber_max_iter_3000,val_warm,a jihye,2300000.0,14.58465347590967,2157915.949931039,0.06177567394302652
T5-E019,warm_oof_extended_huber_max_iter_3000,val_warm,hyuna kim 김현아,4084800.0,15.283203181873013,4339211.388613544,0.062282459022117216
T5-E019,warm_oof_extended_huber_max_iter_3000,val_warm,hyuna kim 김현아,5299200.0,15.759736016968771,6988217.097700259,0.31873058154065875
T5-E019,warm_oof_extended_huber_max_iter_3000,val_warm,jooyeon oh 오주연,3312000.0,15.228976138131788,4110174.8910409394,0.24099483425149135
T5-E019,warm_oof_extended_huber_max_iter_3000,val_warm,manwook,10350000.0,16.0129150008652,9001618.935673375,0.1302783637030556
T5-E019,warm_oof_extended_huber_max_iter_3000,val_warm,manwook,11730000.0,16.174000785636622,10574973.59150854,0.09846772450907593
T5-E019,warm_oof_extended_huber_max_iter_3000,val_warm,manwook,670000.0,14.090856032064707,1316985.5806927795,0.9656501204369843
T5-E019,warm_oof_extended_huber_max_iter_3000,val_warm,gabby chu,2346000.0,14.28917121287078,1605861.9531807695,0.3154893635205586
T5-E019,warm_oof_extended_huber_max_iter_3000,val_warm,gabby chu,1228200.0,14.042288747806232,1254551.564795329,0.021455434615965642
T5-E019,warm_oof_extended_huber_max_iter_3000,val_warm,hyunjung park,2300000.0,14.094254820136909,1321469.3509518518,0.42544810828180357
T5-E019,warm_oof_extended_huber_max_iter_3000,val_warm,hyunjung park,1400000.0,13.836744990299474,1021461.4871724708,0.2703846520196637
T5-E019,warm_oof_extended_huber_max_iter_3000,val_warm,hyunjung park,2300000.0,14.094254820136909,1321469.3509518518,0.42544810828180357
T5-E019,warm_oof_extended_huber_max_iter_3000,val_warm,wheedong kim,2346000.0,14.544173180677321,2072307.2968956016,0.11666355631048528
T5-E019,warm_oof_extended_huber_max_iter_3000,val_warm,wheedong kim,1283400.0,14.331660347502995,1675563.9405510426,0.30556641775833143
T5-E019,warm_oof_extended_huber_max_iter_3000,val_warm,kim myoungjin,25764600.0,17.07122488315319,25938136.18199991,0.006735450268970239
T5-E019,warm_oof_extended_huber_max_iter_3000,val_warm,kim myoungjin,14766000.0,16.465496120327355,14153834.295980068,0.041457788434236226
T5-E019,warm_oof_extended_huber_max_iter_3000,val_warm,kim myoungjin,25764600.0,17.05191400092793,25442053.205120042,0.012518990975212425
T5-E019,warm_oof_extended_huber_max_iter_3000,val_warm,jung boram,2622000.0,14.477073920714094,1937819.4823148604,0.26093841254200595
T5-E019,warm_oof_extended_huber_max_iter_3000,val_warm,jung boram,1242000.0,14.089288852657678,1314923.2444589017,0.05871436751924452
T5-E019,warm_oof_extended_huber_max_iter_3000,val_warm,jung boram,2070000.0,14.506465176067513,1995619.6789051816,0.03593252226802822
T5-E019,warm_oof_extended_huber_max_iter_3000,val_warm,kong mi sook 공미숙,1656000.0,14.878456341072141,2894886.147918817,0.7481196545403485
T5-E019,warm_oof_extended_huber_max_iter_3000,val_warm,kong mi sook 공미숙,20700000.0,16.782261940119824,19428700.54108248,0.06141543279794787
T5-E019,warm_oof_extended_huber_max_iter_3000,val_warm,kong mi sook 공미숙,20700000.0,16.711584071096247,18102924.741245463,0.12546257288669257
T5-E019,warm_oof_extended_huber_max_iter_3000,val_warm,hyewook jeong 정혜욱,2208000.0,14.840301887860036,2786513.937740898,0.2620081239768561
T5-E019,warm_oof_extended_huber_max_iter_3000,val_warm,hyewook jeong 정혜욱,2208000.0,14.840301887860036,2786513.937740898,0.2620081239768561
T5-E019,warm_oof_extended_huber_max_iter_3000,val_warm,hyewook jeong 정혜욱,2208000.0,14.840301887860036,2786513.937740898,0.2620081239768561
T5-E019,warm_oof_extended_huber_max_iter_3000,val_warm,minzo king,731400.0,13.278093240939548,584255.2515771874,0.20118231941866632
T5-E019,warm_oof_extended_huber_max_iter_3000,val_warm,minzo king,3767400.0,15.694526342730242,6547057.975951716,0.7378186483919191
T5-E019,warm_oof_extended_huber_max_iter_3000,val_warm,minzo king,5754600.0,16.081426389518807,9639949.129199462,0.6751727538316238
T5-E019,warm_oof_extended_huber_max_iter_3000,val_warm,jang bae park,41400000.0,16.001153317500076,8896364.939442541,0.7851119579844796
T5-E019,warm_oof_extended_huber_max_iter_3000,val_warm,jang bae park,2070000.0,14.366116680452588,1734303.8999489213,0.16217202901018296
T5-E019,warm_oof_extended_huber_max_iter_3000,val_warm,jang bae park,6210000.0,15.801860817359666,7288882.626143895,0.17373311210046619
T5-E019,warm_oof_extended_huber_max_iter_3000,val_warm,junghwabaek,1656000.0,14.169040299712167,1424085.3411087147,0.1400450838715491
T5-E019,warm_oof_extended_huber_max_iter_3000,val_warm,junghwabaek,1104000.0,13.522530707768475,746037.1730487348,0.3242416910790446
T5-E019,warm_oof_extended_huber_max_iter_3000,val_warm,junghwabaek,1104000.0,13.5417101185946,760483.8227499862,0.311155957653998
T5-E019,warm_oof_extended_huber_max_iter_3000,val_warm,mi young um,3588000.0,14.75666973105546,2562950.600468885,0.2856882384423397
T5-E019,warm_oof_extended_huber_max_iter_3000,val_warm,mi young um,372600.0,14.148884820445877,1395669.5474829406,2.745758313158724
T5-E019,warm_oof_extended_huber_max_iter_3000,val_warm,jea hyun nam,2070000.0,15.053028623160616,3447047.4919267446,0.6652403342641278
T5-E019,warm_oof_extended_huber_max_iter_3000,val_warm,jea hyun nam,2070000.0,14.99820797604059,3263164.4608621425,0.5764079521073152
T5-E019,warm_oof_extended_huber_max_iter_3000,val_warm,minseok jang,3726000.0,14.788581093614777,2646056.8101180308,0.2898398255185103
T5-E019,warm_oof_extended_huber_max_iter_3000,val_warm,minseok jang,2070000.0,14.397716789845896,1789983.1956107153,0.13527381854554815
T5-E019,warm_oof_extended_huber_max_iter_3000,val_warm,min kim,20700000.0,16.244480987355313,11347193.327091983,0.4518264093192279
T5-E019,warm_oof_extended_huber_max_iter_3000,val_warm,min kim,7728000.0,16.07739832968177,9601196.93775108,0.24239090809408395
T5-E019,warm_oof_extended_huber_max_iter_3000,val_warm,min kim,11592000.0,16.66631336074568,17301666.092325848,0.49255228539732987
T5-E019,warm_oof_extended_huber_max_iter_3000,val_warm,seungyeon kim,3312000.0,15.08287991794848,3551497.551342735,0.07231206260348282
T5-E019,warm_oof_extended_huber_max_iter_3000,val_warm,seungyeon kim,3726000.0,15.139704810308729,3759155.2039029016,0.008898337064654219
T5-E019,warm_oof_extended_huber_max_iter_3000,val_warm,ttodoa,13938000.0,16.288525458345994,11858144.136010809,0.14922197330959902
T5-E019,warm_oof_extended_huber_max_iter_3000,val_warm,ttodoa,4140000.0,15.326654122103708,4531910.362339167,0.09466433872926737
T5-E019,warm_oof_extended_huber_max_iter_3000,val_warm,ttodoa,13938000.0,16.288525458345994,11858144.136010809,0.14922197330959902
T5-E019,warm_oof_extended_huber_max_iter_3000,val_warm,suzy yoo,3270600.0,14.599060297619058,2189229.6843678323,0.33063361940688796
T5-E019,warm_oof_extended_huber_max_iter_3000,val_warm,suzy yoo,1090200.0,14.030565451640985,1239929.9594122823,0.13734173492229163
T5-E019,warm_oof_extended_huber_max_iter_3000,val_warm,suzy yoo,3270600.0,14.791664762403574,2654228.966552882,0.18845809131263927
T5-E019,warm_oof_extended_huber_max_iter_3000,val_warm,lee kyoungmi,26000000.0,17.038080695069297,25092528.615483362,0.03490274555833222
T5-E019,warm_oof_extended_huber_max_iter_3000,val_warm,lee kyoungmi,6500000.0,15.634260152814555,6164145.949174667,0.05166985397312819
T5-E019,warm_oof_extended_huber_max_iter_3000,val_warm,sejin hong,1680000.0,14.652884677445915,2310292.4528408735,0.3751740790719485
T5-E019,warm_oof_extended_huber_max_iter_3000,val_warm,sejin hong,1680000.0,14.63208084739883,2262726.018845055,0.3468607255030088
T5-E019,warm_oof_extended_huber_max_iter_3000,val_warm,sejin hong,1120000.0,14.244384165522279,1535526.943131681,0.3710061992247152
T5-E019,warm_oof_extended_huber_max_iter_3000,val_warm,mikyung lee 이미경,8280000.0,15.97000987175041,8623571.394569533,0.0414941297789291
T5-E019,warm_oof_extended_huber_max_iter_3000,val_warm,mikyung lee 이미경,1656000.0,14.728673067107067,2492191.662648347,0.5049466561886155
T5-E019,warm_oof_extended_huber_max_iter_3000,val_warm,mikyung lee 이미경,4140000.0,15.556562720338068,5703341.107767892,0.3776186250647082
T5-E019,warm_oof_extended_huber_max_iter_3000,val_warm,yeju kwon,2346000.0,14.483177152198298,1949682.6080667854,0.168933244643314
T5-E019,warm_oof_extended_huber_max_iter_3000,val_warm,yeju kwon,414000.0,13.076152587374708,477420.33504157246,0.15318921507626196
T5-E019,warm_oof_extended_huber_max_iter_3000,val_warm,yeju kwon,5658000.0,15.335699464601941,4573089.000417135,0.19174814414684788
T5-E019,warm_oof_extended_huber_max_iter_3000,val_warm,soyeong kim,9000000.0,15.624507327433157,6104320.318775352,0.32174218680273864
T5-E019,warm_oof_extended_huber_max_iter_3000,val_warm,soyeong kim,1100000.0,13.98078759904162,1179719.9043160398,0.07247264028730888
T5-E019,warm_oof_extended_huber_max_iter_3000,val_warm,soyeong kim,400000.0,12.868092186795788,387740.7351179671,0.03064816220508219
T5-E019,warm_oof_extended_huber_max_iter_3000,val_warm,hee seon kim,565800.0,13.189721756094997,534839.3797819223,0.054720078151427494
T5-E019,warm_oof_extended_huber_max_iter_3000,val_warm,hee seon kim,662400.0,13.673209048889433,867359.7002363313,0.30941983731330214
T5-E019,warm_oof_extended_huber_max_iter_3000,val_warm,noma,2111400.0,14.536973196539265,2057440.30251571,0.02555635951704556
T5-E019,warm_oof_extended_huber_max_iter_3000,val_warm,noma,2111400.0,14.536973196539265,2057440.30251571,0.02555635951704556
T5-E019,warm_oof_extended_huber_max_iter_3000,val_warm,shin sun mi,5520000.0,15.531600300668103,5562734.159542266,0.007741695569251137
T5-E019,warm_oof_extended_huber_max_iter_3000,val_warm,shin sun mi,5520000.0,15.215767998255556,4056244.073097088,0.26517317516357103
T5-E019,warm_oof_extended_huber_max_iter_3000,val_warm,lee minwoo,12000000.0,16.29928521345383,11986423.75398496,0.0011313538345866837
T5-E019,warm_oof_extended_huber_max_iter_3000,val_warm,lee minwoo,7500000.0,15.71370642104532,6673843.047731485,0.11015426030246864
T5-E019,warm_oof_extended_huber_max_iter_3000,val_warm,lee minwoo,3000000.0,15.025413696817544,3353159.845910863,0.11771994863695434
T5-E019,warm_oof_extended_huber_max_iter_3000,val_warm,michelle sakhai,12178600.0,16.690562963520044,17726353.05650445,0.4555329066152473
T5-E019,warm_oof_extended_huber_max_iter_3000,val_warm,michelle sakhai,21312500.0,16.73763451756007,18580710.256558865,0.12817781787407084
T5-E019,warm_oof_extended_huber_max_iter_3000,val_warm,michelle sakhai,22834800.0,16.812586026415808,20026881.947756745,0.12296661465146422
T5-E019,warm_oof_extended_huber_max_iter_3000,val_warm,ahhyeon lee,433900.0,13.438556260862434,685947.4229648579,0.5808882760194927
T5-E019,warm_oof_extended_huber_max_iter_3000,val_warm,ahhyeon lee,3273000.0,15.187725599297522,3944077.32127216,0.20503431752892146
T5-E019,warm_oof_extended_huber_max_iter_3000,val_warm,ahhyeon lee,4338700.0,15.193561436723126,3967161.607869861,0.08563357506399125
T5-E019,warm_oof_extended_huber_max_iter_3000,val_warm,faozee,2989000.0,14.744360814408116,2531596.8165778588,0.15302883353032493
T5-E019,warm_oof_extended_huber_max_iter_3000,val_warm,faozee,3653200.0,15.123952061083342,3700402.1506880596,0.012920768282070411
T5-E019,warm_oof_extended_huber_max_iter_3000,val_warm,faozee,1281000.0,13.605219601669702,810348.4356884479,0.36740949594968936
T5-E019,warm_oof_extended_huber_max_iter_3000,val_warm,nonsenso,502400.0,13.479515507614868,714626.6429594916,0.4224256428333829
T5-E019,warm_oof_extended_huber_max_iter_3000,val_warm,nonsenso,319700.0,12.681503292900251,321741.3667402509,0.0063852572419483946
T5-E019,warm_oof_extended_huber_max_iter_3000,val_warm,hey sook yoo,22000000.0,17.12469557744261,27362816.220097885,0.24376437364081294
T5-E019,warm_oof_extended_huber_max_iter_3000,val_warm,hey sook yoo,4500000.0,15.397198942416189,4863159.766910584,0.08070217042457416
T5-E019,warm_oof_extended_huber_max_iter_3000,val_warm,edgar plans,10320360.0,16.24499276097321,11353002.007511895,0.10005871960977089
T5-E019,warm_oof_extended_huber_max_iter_3000,val_warm,kohei nawa,5547200.0,15.42350001602092,4992762.9706314495,0.09994898856514106
T5-E019,warm_oof_extended_huber_max_iter_3000,val_warm,엠버 토플리세크,3300000.0,15.005110657916667,3285766.9662518576,0.004313040529740127
T5-E019,warm_oof_extended_huber_max_iter_3000,val_warm,엠버 토플리세크,3300000.0,15.089755734922457,3576001.1430575526,0.08363671001744019
T5-E019,warm_oof_extended_huber_max_iter_3000,test_warm,jooha sim,834900.0,13.586315667746804,795173.5468574206,0.047582289067648116
T5-E019,warm_oof_extended_huber_max_iter_3000,test_warm,jooha sim,618240.0,13.282039285364064,586565.3035414696,0.05123365757396865
T5-E019,warm_oof_extended_huber_max_iter_3000,test_warm,jooha sim,10833000.0,16.107584223866716,9895436.248976452,0.08654700923322696
T5-E019,warm_oof_extended_huber_max_iter_3000,test_warm,junsung chang,6900000.0,15.73479683321603,6816091.919319639,0.012160591402950872
T5-E019,warm_oof_extended_huber_max_iter_3000,test_warm,junsung chang,5796000.0,15.73479683321603,6816091.919319639,0.175999295948868
T5-E019,warm_oof_extended_huber_max_iter_3000,test_warm,junsung chang,30360000.0,16.814052072416445,20056263.810259975,0.33938524999143693
T5-E019,warm_oof_extended_huber_max_iter_3000,test_warm,nahwoe park,331200.0,13.030092560794186,455929.08488250984,0.3765974785099935
T5-E019,warm_oof_extended_huber_max_iter_3000,test_warm,nahwoe park,372600.0,13.96740491063629,1164037.2525103637,2.1240935386751576
T5-E019,warm_oof_extended_huber_max_iter_3000,test_warm,nahwoe park,3443100.0,15.244411350715112,4174108.459025087,0.2123111321265972
T5-E019,warm_oof_extended_huber_max_iter_3000,test_warm,elle rosenfeld,2387400.0,15.090979765336364,3580380.95718283,0.4996988176186773
T5-E019,warm_oof_extended_huber_max_iter_3000,test_warm,elle rosenfeld,931500.0,14.047963799688965,1261691.450463528,0.3544728400037875
T5-E019,warm_oof_extended_huber_max_iter_3000,test_warm,jong pyo kim,3436200.0,15.1889759713595,3949011.9697953705,0.14923810307763533
T5-E019,warm_oof_extended_huber_max_iter_3000,test_warm,jong pyo kim,3436200.0,15.170597425287236,3877097.735106554,0.1283096836931942
T5-E019,warm_oof_extended_huber_max_iter_3000,test_warm,jong pyo kim,6479100.0,15.638850633980248,6192507.391586646,0.0442333979122646
T5-E019,warm_oof_extended_huber_max_iter_3000,test_warm,hyesoo han,910800.0,13.358986541387145,633481.795146437,0.30447760743693786
T5-E019,warm_oof_extended_huber_max_iter_3000,test_warm,hyesoo han,3864000.0,15.305127728645758,4435397.193855003,0.1478771205628891
T5-E019,warm_oof_extended_huber_max_iter_3000,test_warm,hyesoo han,4450500.0,14.925183810286791,3033367.0868401895,0.3184210567711067
T5-E019,warm_oof_extended_huber_max_iter_3000,test_warm,yuui gim,10957200.0,16.828967779423863,20357659.340820782,0.8579253222375043
T5-E019,warm_oof_extended_huber_max_iter_3000,test_warm,yuui gim,13779300.0,16.584805000014168,15947378.239961462,0.15734313353809426
T5-E019,warm_oof_extended_huber_max_iter_3000,test_warm,yuui gim,14738400.0,17.005263650176573,24282431.181500155,0.647562230737404
T5-E019,warm_oof_extended_huber_max_iter_3000,test_warm,misung kim,1876800.0,14.342110647055948,1693165.8983252833,0.09784425707305876
T5-E019,warm_oof_extended_huber_max_iter_3000,test_warm,misung kim,7534800.0,15.451252091746031,5133263.074036275,0.31872603466100297
T5-E019,warm_oof_extended_huber_max_iter_3000,test_warm,misung kim,14501040.0,16.489814912800362,14502257.904218003,8.398737042330438e-05
T5-E019,warm_oof_extended_huber_max_iter_3000,test_warm,joon hwan kim,310500.0,14.449990052518743,1886040.191735529,5.074203516056454
T5-E019,warm_oof_extended_huber_max_iter_3000,test_warm,joon hwan kim,1628400.0,14.32168705984514,1658936.1142558798,0.018752219513559182
T5-E019,warm_oof_extended_huber_max_iter_3000,test_warm,joon hwan kim,7590000.0,15.720875939268968,6721863.222147547,0.11437902211494773
T5-E019,warm_oof_extended_huber_max_iter_3000,test_warm,woojung son,3422400.0,15.118962155675204,3681983.4858989953,0.07584837713271252
T5-E019,warm_oof_extended_huber_max_iter_3000,test_warm,woojung son,3077400.0,14.988514056954909,3231684.4375346047,0.050134671324691196
T5-E019,warm_oof_extended_huber_max_iter_3000,test_warm,woojung son,3049800.0,15.373663792538911,4750040.928684747,0.5574925990834635
T5-E019,warm_oof_extended_huber_max_iter_3000,test_warm,eury kim,2497800.0,14.82458863057444,2743070.93669307,0.09819478608898631
T5-E019,warm_oof_extended_huber_max_iter_3000,test_warm,eury kim,1599420.0,14.16261201216025,1414960.2717453234,0.11532913697132496
T5-E019,warm_oof_extended_huber_max_iter_3000,test_warm,eury kim,1186800.0,14.30127877763948,1625423.2114275058,0.3695847753854953
T5-E019,warm_oof_extended_huber_max_iter_3000,test_warm,hailey p,3585240.0,15.341477726525936,4599589.997579457,0.282923876108561
T5-E019,warm_oof_extended_huber_max_iter_3000,test_warm,hailey p,1073640.0,14.43614331755119,1860104.6686078806,0.7325217657761266
T5-E019,warm_oof_extended_huber_max_iter_3000,test_warm,hakyoon choi,4127580.0,15.43168196890046,5033781.0973585015,0.21954779734335894
T5-E019,warm_oof_extended_huber_max_iter_3000,test_warm,hakyoon choi,4127580.0,15.451596316195253,5135030.372846926,0.24407773388933118
T5-E019,warm_oof_extended_huber_max_iter_3000,test_warm,hakyoon choi,5423400.0,15.305522291076372,4437147.580248197,0.18185131462768805
T5-E019,warm_oof_extended_huber_max_iter_3000,test_warm,kyunghee cho,1876800.0,14.364579461026844,1731639.9423720315,0.07734444673271978
T5-E019,warm_oof_extended_huber_max_iter_3000,test_warm,kyunghee cho,1370340.0,14.197814973501696,1465658.1863539196,0.06955805592328879
T5-E019,warm_oof_extended_huber_max_iter_3000,test_warm,kyunghee cho,2265960.0,14.906364136021743,2976813.931478013,0.3137098322468238
T5-E019,warm_oof_extended_huber_max_iter_3000,test_warm,minhee jung,2742060.0,14.88545730289688,2915224.245379329,0.06315115109783491
T5-E019,warm_oof_extended_huber_max_iter_3000,test_warm,minhee jung,1776060.0,14.146296947270045,1392062.4011304416,0.21620755991889826
T5-E019,warm_oof_extended_huber_max_iter_3000,test_warm,hyeyoung yoon,776940.0,14.015304664164681,1221151.3047926917,0.5717446711363705
T5-E019,warm_oof_extended_huber_max_iter_3000,test_warm,hyeyoung yoon,587880.0,14.260264579077118,1560106.3953962151,1.6537837575631338
T5-E019,warm_oof_extended_huber_max_iter_3000,test_warm,hyeyoung yoon,847320.0,13.50081990359739,730014.6661924811,0.13844277699985713
T5-E019,warm_oof_extended_huber_max_iter_3000,test_warm,soyeun park,6210000.0,15.687511589609088,6501292.684354891,0.046907034517695824
T5-E019,warm_oof_extended_huber_max_iter_3000,test_warm,soyeun park,2339100.0,14.863164110255878,2850953.6498481818,0.21882503948021964
T5-E019,warm_oof_extended_huber_max_iter_3000,test_warm,soyeun park,15276600.0,16.645604547656546,16947053.5980403,0.10934721063851259
T5-E019,warm_oof_extended_huber_max_iter_3000,test_warm,la kitki,2739300.0,14.708525294429947,2442482.002580462,0.108355418325681
T5-E019,warm_oof_extended_huber_max_iter_3000,test_warm,la kitki,1150920.0,14.06749100173404,1286570.8765625434,0.11786299357257103
T5-E019,warm_oof_extended_huber_max_iter_3000,test_warm,hyunseok cho,1963740.0,14.720007557302976,2470688.8523243996,0.2581547721818569
T5-E019,warm_oof_extended_huber_max_iter_3000,test_warm,hyunseok cho,2410860.0,14.899730764596008,2957132.9667458935,0.22658842352765962
T5-E019,warm_oof_extended_huber_max_iter_3000,test_warm,hyunseok cho,1825740.0,14.562111096667678,2109815.575524832,0.15559475912497514
T5-E019,warm_oof_extended_huber_max_iter_3000,test_warm,jooyeon nam,3077400.0,14.314665357819917,1647328.3599712234,0.4647012543149336
T5-E019,warm_oof_extended_huber_max_iter_3000,test_warm,jooyeon nam,2904900.0,14.737177579067401,2513476.9185164254,0.1347458024316068
T5-E019,warm_oof_extended_huber_max_iter_3000,test_warm,jooyeon nam,703800.0,14.216381130227724,1493124.0043330884,1.1215174827125438
T5-E019,warm_oof_extended_huber_max_iter_3000,test_warm,seirin hyung,394680.0,12.94738134434698,419736.0516904255,0.06348447271314861
T5-E019,warm_oof_extended_huber_max_iter_3000,test_warm,seirin hyung,799020.0,13.72007578260143,908977.6474574412,0.1376156384789382
T5-E019,warm_oof_extended_huber_max_iter_3000,test_warm,jaehee yoo,3884700.0,14.830773749911021,2760089.7351795565,0.28949732664567235
T5-E019,warm_oof_extended_huber_max_iter_3000,test_warm,jaehee yoo,2801400.0,14.886208892177553,2917416.1202645693,0.04141362185499011
T5-E019,warm_oof_extended_huber_max_iter_3000,test_warm,jaehee yoo,5137740.0,15.7917906397354,7215850.623208082,0.40447952274892895
T5-E019,warm_oof_extended_huber_max_iter_3000,test_warm,ryu su,3912300.0,15.325455214564453,4526480.276574336,0.15698700932299056
T5-E019,warm_oof_extended_huber_max_iter_3000,test_warm,ryu su,2442600.0,14.334353417628078,1680082.4333200394,0.3121745544419719
T5-E019,warm_oof_extended_huber_max_iter_3000,test_warm,ryu su,1614600.0,14.609170130533688,2211474.687853627,0.36967341004188464
T5-E019,warm_oof_extended_huber_max_iter_3000,test_warm,minhui jeong,2656500.0,14.732725656317983,2502311.984594792,0.05804179010171574
T5-E019,warm_oof_extended_huber_max_iter_3000,test_warm,minhui jeong,2656500.0,14.732725656317983,2502311.984594792,0.05804179010171574
T5-E019,warm_oof_extended_huber_max_iter_3000,test_warm,minhui jeong,2339100.0,14.441040866262453,1869236.9665134326,0.20087342716710163
T5-E019,warm_oof_extended_huber_max_iter_3000,test_warm,youyeong seo,1513860.0,14.473284782398775,1930490.7099010383,0.27521085827027486
T5-E019,warm_oof_extended_huber_max_iter_3000,test_warm,youyeong seo,12948540.0,16.200781417425194,10862004.34315274,0.16114061174829447
T5-E019,warm_oof_extended_huber_max_iter_3000,test_warm,youyeong seo,1449000.0,14.473284782398775,1930490.7099010383,0.3322917252595157
T5-E019,warm_oof_extended_huber_max_iter_3000,test_warm,young park,2290800.0,15.40880205091364,4919916.17594421,1.14768472845478
T5-E019,warm_oof_extended_huber_max_iter_3000,test_warm,young park,7976400.0,16.300173361367566,11997074.200120859,0.5040712853067623
T5-E019,warm_oof_extended_huber_max_iter_3000,test_warm,young park,5013540.0,15.669507699197084,6385291.493066473,0.2736093644543522
T5-E019,warm_oof_extended_huber_max_iter_3000,test_warm,jaehee lee,4973520.0,15.454297838290852,5148921.526040995,0.035267079662089335
T5-E019,warm_oof_extended_huber_max_iter_3000,test_warm,jaehee lee,4011660.0,15.318870127442016,4496770.936250316,0.12092523699673352
T5-E019,warm_oof_extended_huber_max_iter_3000,test_warm,jaehee lee,2761380.0,14.811425612013661,2707200.4429510706,0.019620464061059828
T5-E019,warm_oof_extended_huber_max_iter_3000,test_warm,su hyun kim,29573400.0,17.022239190681482,24698157.179105062,0.16485229364546986
T5-E019,warm_oof_extended_huber_max_iter_3000,test_warm,su hyun kim,2773800.0,15.171923836052482,3882243.7714048037,0.3996120020927261
T5-E019,warm_oof_extended_huber_max_iter_3000,test_warm,su hyun kim,17705400.0,16.407116196897505,13351191.59523766,0.24592544674293385
T5-E019,warm_oof_extended_huber_max_iter_3000,test_warm,yemi kim,6085800.0,15.512373585041242,5456802.6722970875,0.10335491269889127
T5-E019,warm_oof_extended_huber_max_iter_3000,test_warm,yemi kim,4567800.0,15.18932102153643,3950374.812185224,0.13516905026813256
T5-E019,warm_oof_extended_huber_max_iter_3000,test_warm,byungjin kim,29268420.0,17.462047932540514,38341673.0775019,0.3100014649749423
T5-E019,warm_oof_extended_huber_max_iter_3000,test_warm,byungjin kim,7639680.0,15.872157741279318,7819707.762346865,0.023564830247715177
T5-E019,warm_oof_extended_huber_max_iter_3000,test_warm,byungjin kim,7639680.0,15.872157741279318,7819707.762346865,0.023564830247715177
T5-E019,warm_oof_extended_huber_max_iter_3000,test_warm,yerin kim,1062600.0,13.90774367983693,1096620.4384949852,0.0320162229390036
T5-E019,warm_oof_extended_huber_max_iter_3000,test_warm,yerin kim,1004640.0,12.610477249977924,299682.0175424579,0.7017020847841436
T5-E019,warm_oof_extended_huber_max_iter_3000,test_warm,chaeyoung noh,1784340.0,14.6008709352495,2193197.176777635,0.2291363623399323
T5-E019,warm_oof_extended_huber_max_iter_3000,test_warm,chaeyoung noh,1542840.0,14.498059455893253,1978915.3625695508,0.282644579197811
T5-E019,warm_oof_extended_huber_max_iter_3000,test_warm,chaeyoung noh,2902140.0,14.944849536712237,3093610.8815622795,0.06597575635988599
T5-E019,warm_oof_extended_huber_max_iter_3000,test_warm,heaja kim,4623000.0,15.90418413433978,8074198.2509838715,0.7465278500938507
T5-E019,warm_oof_extended_huber_max_iter_3000,test_warm,heaja kim,3829500.0,15.468356555649995,5221819.987231442,0.3635774871997498
T5-E019,warm_oof_extended_huber_max_iter_3000,test_warm,heaja kim,6003000.0,15.483062040898734,5299176.774535431,0.11724524828661825
T5-E019,warm_oof_extended_huber_max_iter_3000,test_warm,dabin lee,1384140.0,13.699111940953465,890120.3354626251,0.3569145205957308
T5-E019,warm_oof_extended_huber_max_iter_3000,test_warm,dabin lee,7465800.0,16.145273105505183,10275501.30028313,0.37634296395337813
T5-E019,warm_oof_extended_huber_max_iter_3000,test_warm,dabin lee,234600.0,12.612957172736243,300426.1280849973,0.28058878126597314
T5-E019,warm_oof_extended_huber_max_iter_3000,test_warm,jieun park,9356400.0,15.588550599054306,5888728.153119092,0.37062030769108933
T5-E019,warm_oof_extended_huber_max_iter_3000,test_warm,jieun park,14407200.0,16.602438794474608,16231085.092659151,0.12659538929557104
T5-E019,warm_oof_extended_huber_max_iter_3000,test_warm,jieun park,14421000.0,16.712046544714177,18111298.80258762,0.25589756622894533
T5-E019,warm_oof_extended_huber_max_iter_3000,test_warm,teresia huwon yoo,2152800.0,14.484286825917078,1951847.3204570124,0.09334479726077091
T5-E019,warm_oof_extended_huber_max_iter_3000,test_warm,teresia huwon yoo,908040.0,13.970926489609994,1168143.728018438,0.2864452315079049
T5-E019,warm_oof_extended_huber_max_iter_3000,test_warm,seon yoo,5685600.0,14.962967511888337,3150171.683100957,0.44593856706399376
T5-E019,warm_oof_extended_huber_max_iter_3000,test_warm,seon yoo,1834020.0,14.8393333154241,2783816.303786288,0.5178767427761355
T5-E019,warm_oof_extended_huber_max_iter_3000,test_warm,seon yoo,3553500.0,15.340308051519212,4594213.11733236,0.2928698796488982
T5-E019,warm_oof_extended_huber_max_iter_3000,test_warm,soonyong hong,1283400.0,14.381079267379304,1760448.6818244976,0.3717069361263033
T5-E019,warm_oof_extended_huber_max_iter_3000,test_warm,soonyong hong,3601800.0,15.132346334476537,3731595.0758122276,0.036036169640798366
T5-E019,warm_oof_extended_huber_max_iter_3000,test_warm,choong yeul yoo,5961600.0,15.66566020108496,6360771.297053662,0.06695707478758423
T5-E019,warm_oof_extended_huber_max_iter_3000,test_warm,choong yeul yoo,12868500.0,16.08980865087426,9721093.313017583,0.24458225022204744
T5-E019,warm_oof_extended_huber_max_iter_3000,test_warm,byeonghee min,5388900.0,15.29891312725514,4407918.4414711585,0.18203743964980634
T5-E019,warm_oof_extended_huber_max_iter_3000,test_warm,byeonghee min,600300.0,14.297769127920652,1619728.5442993906,1.6981984745950203
T5-E019,warm_oof_extended_huber_max_iter_3000,test_warm,byeonghee min,7493400.0,15.840100776783164,7573007.032951461,0.010623619845659
T5-E019,warm_oof_extended_huber_max_iter_3000,test_warm,namyoung kim,8956200.0,16.771385338371033,19218527.35975773,1.145834992492098
T5-E019,warm_oof_extended_huber_max_iter_3000,test_warm,namyoung kim,87547200.0,17.214689359116385,29939503.66360331,0.6580187183187662
T5-E019,warm_oof_extended_huber_max_iter_3000,test_warm,lookha bark,6320400.0,15.661671071328545,6335447.89774296,0.0023808457918738798
T5-E019,warm_oof_extended_huber_max_iter_3000,test_warm,lookha bark,6265200.0,15.338973413135955,4588085.594088521,0.2676872894578751
T5-E019,warm_oof_extended_huber_max_iter_3000,test_warm,lookha bark,4968000.0,15.3578155013723,4675354.288043906,0.058906141698086556
T5-E019,warm_oof_extended_huber_max_iter_3000,test_warm,joam jeong,22425000.0,16.367394529283203,12831254.741581732,0.4278147272427321
T5-E019,warm_oof_extended_huber_max_iter_3000,test_warm,euri sim,471960.0,13.097329841561157,487638.60236825765,0.03322019316945853
T5-E019,warm_oof_extended_huber_max_iter_3000,test_warm,euri sim,2546100.0,14.658827150552812,2324062.176195495,0.0872070318544068
T5-E019,warm_oof_extended_huber_max_iter_3000,test_warm,cheol jin lee,641700.0,14.093224428019916,1320108.420616137,1.0572049565468866
T5-E019,warm_oof_extended_huber_max_iter_3000,test_warm,cheol jin lee,4625760.0,15.287736263681406,4358926.03912443,0.05768435043659201
T5-E019,warm_oof_extended_huber_max_iter_3000,test_warm,cheol jin lee,7193940.0,15.749692832388911,6918384.401806363,0.03830384993392176
T5-E019,warm_oof_extended_huber_max_iter_3000,test_warm,jungkum jang,3394800.0,15.066011968721128,3492093.491797519,0.028659565157746824
T5-E019,warm_oof_extended_huber_max_iter_3000,test_warm,jungkum jang,3815700.0,15.205720666097095,4015693.6942672357,0.05241336956973444
T5-E019,warm_oof_extended_huber_max_iter_3000,test_warm,saerom jeong,6106500.0,15.61577200537035,6051229.3358292645,0.009051119982106856
T5-E019,warm_oof_extended_huber_max_iter_3000,test_warm,saerom jeong,6396300.0,15.640453726714505,6202442.51652854,0.03030775346238602
T5-E019,warm_oof_extended_huber_max_iter_3000,test_warm,spencer brockley,39813000.0,16.601297282057928,16212567.678429581,0.5927820641893456
T5-E019,warm_oof_extended_huber_max_iter_3000,test_warm,spencer brockley,11253900.0,17.031753227730356,24934257.715248648,1.2156103853107498
T5-E019,warm_oof_extended_huber_max_iter_3000,test_warm,묘빈 김,1017060.0,14.430788789178138,1850171.3033592643,0.8191368290555762
T5-E019,warm_oof_extended_huber_max_iter_3000,test_warm,묘빈 김,862500.0,13.566687063125638,779717.5854179586,0.09597961110961327
T5-E019,warm_oof_extended_huber_max_iter_3000,test_warm,young yong pyo,3670800.0,14.741383172997526,2524069.840940474,0.31239243735957445
T5-E019,warm_oof_extended_huber_max_iter_3000,test_warm,younju jung,2553000.0,14.693221394935481,2405387.0760053215,0.05781939835279222
T5-E019,warm_oof_extended_huber_max_iter_3000,test_warm,younju jung,6679200.0,15.367354969600619,4720168.091816546,0.293303375880862
T5-E019,warm_oof_extended_huber_max_iter_3000,test_warm,younju jung,2415000.0,14.64251723999187,2286464.3718325067,0.05322386259523531
T5-E019,warm_oof_extended_huber_max_iter_3000,test_warm,sang oktabu kim,138193200.0,18.793939808728936,145246057.24700436,0.051036210515454886
T5-E019,warm_oof_extended_huber_max_iter_3000,test_warm,sang oktabu kim,138165600.0,18.62759430620757,122987625.94558749,0.1098534950408243
T5-E019,warm_oof_extended_huber_max_iter_3000,test_warm,sang oktabu kim,4360800.0,19.0628119072611,190052689.96042764,42.58206979463118
T5-E019,warm_oof_extended_huber_max_iter_3000,test_warm,heekyoung jeon,4126200.0,15.118713092490191,3681066.553556617,0.10787975533017864
T5-E019,warm_oof_extended_huber_max_iter_3000,test_warm,heekyoung jeon,7327800.0,15.860767815823639,7731147.180476032,0.055043421009857284
T5-E019,warm_oof_extended_huber_max_iter_3000,test_warm,heekyoung jeon,3174000.0,14.450772911701327,1887517.2737165093,0.405319069402486
T5-E019,warm_oof_extended_huber_max_iter_3000,test_warm,se rin park,3864000.0,15.199885996496533,3992331.6694688755,0.033212129779729684
T5-E019,warm_oof_extended_huber_max_iter_3000,test_warm,se rin park,1987200.0,15.278367892230584,4318280.688508594,1.173047850497481
T5-E019,warm_oof_extended_huber_max_iter_3000,test_warm,se rin park,1890600.0,14.288870178667295,1605378.6065623693,0.15086289719540397
T5-E019,warm_oof_extended_huber_max_iter_3000,test_warm,jeremy yong,262200.0,12.045610346925464,170349.987025523,0.3503051600857246
T5-E019,warm_oof_extended_huber_max_iter_3000,test_warm,jeremy yong,303600.0,12.616448373263966,301476.80894350976,0.006993382926515928
T5-E019,warm_oof_extended_huber_max_iter_3000,test_warm,jeremy yong,262200.0,12.071175910250407,174761.22807517162,0.3334812049001845
T5-E019,warm_oof_extended_huber_max_iter_3000,test_warm,seok young kim,20010000.0,17.222430164400947,30172158.83926135,0.5078540149555897
T5-E019,warm_oof_extended_huber_max_iter_3000,test_warm,seok young kim,49583400.0,17.878227259413187,58132024.10647276,0.17240899386634964
T5-E019,warm_oof_extended_huber_max_iter_3000,test_warm,seok young kim,7189800.0,16.260626557359956,11531887.213203922,0.6039232264046179
T5-E019,warm_oof_extended_huber_max_iter_3000,test_warm,sori choi,4968000.0,15.81444160929975,7381161.797334886,0.48574110252312525
T5-E019,warm_oof_extended_huber_max_iter_3000,test_warm,sori choi,5685600.0,16.009926111187387,8974754.25753208,0.5785060956683693
T5-E019,warm_oof_extended_huber_max_iter_3000,test_warm,sori choi,55641600.0,17.379214931491056,35293696.321344875,0.36569587644235835
T5-E019,warm_oof_extended_huber_max_iter_3000,test_warm,sungmin kwon,717600.0,13.479141313590782,714359.2839654317,0.004516047985741728
T5-E019,warm_oof_extended_huber_max_iter_3000,test_warm,sungmin kwon,717600.0,13.479141313590782,714359.2839654317,0.004516047985741728
T5-E019,warm_oof_extended_huber_max_iter_3000,test_warm,sungmin kwon,717600.0,13.479141313590782,714359.2839654317,0.004516047985741728
T5-E019,warm_oof_extended_huber_max_iter_3000,test_warm,ronnie kim,1697400.0,14.47053457694868,1925188.7578997891,0.13419863196641282
T5-E019,warm_oof_extended_huber_max_iter_3000,test_warm,ronnie kim,1058460.0,14.017733335003939,1224120.6837194096,0.1565110478614304
T5-E019,warm_oof_extended_huber_max_iter_3000,test_warm,shin sangwon,2842800.0,14.74006145962915,2520735.9477998917,0.1132911397917927
T5-E019,warm_oof_extended_huber_max_iter_3000,test_warm,shin sangwon,4623000.0,15.272743824816354,4294062.552851852,0.07115237879042785
T5-E019,warm_oof_extended_huber_max_iter_3000,test_warm,shin sangwon,565800.0,13.782009990698715,967054.3626546132,0.7091805631930245
T5-E019,warm_oof_extended_huber_max_iter_3000,test_warm,si hyunkim,262200.0,12.545699455947275,280884.67531599203,0.07126115681156382
T5-E019,warm_oof_extended_huber_max_iter_3000,test_warm,si hyunkim,234600.0,12.137270054182729,186702.18900553178,0.2041679923037861
T5-E019,warm_oof_extended_huber_max_iter_3000,test_warm,si hyunkim,248400.0,12.228188454756697,204472.4353175508,0.17684204783594693
T5-E019,warm_oof_extended_huber_max_iter_3000,test_warm,sooman moon,5740800.0,15.427323765251721,5011890.590505363,0.12697000583448936
T5-E019,warm_oof_extended_huber_max_iter_3000,test_warm,sooman moon,2967000.0,15.046733264049628,3425415.2528921943,0.15450463528553904
T5-E019,warm_oof_extended_huber_max_iter_3000,test_warm,taehun kwon,3022200.0,14.839138053534096,2783272.7836195044,0.07905738084193488
T5-E019,warm_oof_extended_huber_max_iter_3000,test_warm,taehun kwon,5685600.0,15.392437651063238,4840059.882643295,0.14871607523510352
T5-E019,warm_oof_extended_huber_max_iter_3000,test_warm,taehun kwon,1429680.0,14.534064904902765,2051465.3587422275,0.43491225920641513
T5-E019,warm_oof_extended_huber_max_iter_3000,test_warm,banakido moho,2925600.0,13.813947546603512,998438.2095053357,0.6587236090014575
T5-E019,warm_oof_extended_huber_max_iter_3000,test_warm,banakido moho,993600.0,13.818473534625056,1002967.3706147843,0.009427707945636377
T5-E019,warm_oof_extended_huber_max_iter_3000,test_warm,kim sungheun,2442600.0,14.677847225334327,2368689.070662573,0.030259121156729313
T5-E019,warm_oof_extended_huber_max_iter_3000,test_warm,jaeok lee,993600.0,13.850377718116917,1035482.1463726745,0.0421519186520476
T5-E019,warm_oof_extended_huber_max_iter_3000,test_warm,yuli choi,17250000.0,16.560120115352646,15558538.029894674,0.09805576638291744
T5-E019,warm_oof_extended_huber_max_iter_3000,test_warm,yuli choi,12958200.0,16.254029879543197,11456065.429534253,0.11592154546663481
T5-E019,warm_oof_extended_huber_max_iter_3000,test_warm,seong kuk xon,4443600.0,15.289707719475771,4367527.945474488,0.01711946496658391
T5-E019,warm_oof_extended_huber_max_iter_3000,test_warm,do min,3450000.0,15.306404889235004,4441065.527264182,0.28726537022150217
T5-E019,warm_oof_extended_huber_max_iter_3000,test_warm,do min,13800000.0,16.34426114791173,12537831.453998506,0.09146148884068797
T5-E019,warm_oof_extended_huber_max_iter_3000,test_warm,do min,13800000.0,16.357393573892107,12703569.486813249,0.07945148646280804
T5-E019,warm_oof_extended_huber_max_iter_3000,test_warm,yeon gyeong seo,2014800.0,14.77184868102153,2602150.251537925,0.2915178933581125
T5-E019,warm_oof_extended_huber_max_iter_3000,test_warm,yeon gyeong seo,9190800.0,14.77184868102153,2602150.251537925,0.7168744558103838
T5-E019,warm_oof_extended_huber_max_iter_3000,test_warm,yeon gyeong seo,3712200.0,14.937501733517642,3070962.9458283177,0.17273774424106522
T5-E019,warm_oof_extended_huber_max_iter_3000,test_warm,sua han,4498800.0,15.424503920179621,4997777.742895272,0.11091351980423038
T5-E019,warm_oof_extended_huber_max_iter_3000,test_warm,hanlee chae,3346500.0,14.447601249141899,1881540.1895068015,0.4377587959041382
T5-E019,warm_oof_extended_huber_max_iter_3000,test_warm,park hojung,690000.0,13.166937334005812,522791.1507823368,0.24233166553284527
T5-E019,warm_oof_extended_huber_max_iter_3000,test_warm,park hojung,13110000.0,15.81873379039838,7412911.168770586,0.434560551581191
T5-E019,warm_oof_extended_huber_max_iter_3000,test_warm,park hojung,4692000.0,15.238906633168725,4151194.296807467,0.11526123256447847
T5-E019,warm_oof_extended_huber_max_iter_3000,test_warm,yk jang,9701400.0,16.322532576234472,12268340.7118503,0.2645948741264457
T5-E019,warm_oof_extended_huber_max_iter_3000,test_warm,jimin han,12282000.0,15.236620313623266,4141714.181565649,0.6627817797129418
T5-E019,warm_oof_extended_huber_max_iter_3000,test_warm,hye jeong kang,1021200.0,13.136926942314275,507335.0651585075,0.5031971551522645
T5-E019,warm_oof_extended_huber_max_iter_3000,test_warm,hye jeong kang,1186800.0,13.67520564288817,869093.1953756998,0.26770037464130453
T5-E019,warm_oof_extended_huber_max_iter_3000,test_warm,kim chae yun,3332700.0,14.809277453040187,2701391.1878622184,0.18942863508200009
T5-E019,warm_oof_extended_huber_max_iter_3000,test_warm,kim chae yun,3928860.0,15.075877497327589,3526715.340649706,0.10235657655154273
T5-E019,warm_oof_extended_huber_max_iter_3000,test_warm,kim chae yun,7819080.0,15.74453125397163,6882766.619261428,0.11974725680496583
T5-E019,warm_oof_extended_huber_max_iter_3000,test_warm,sang sam park,510600.0,13.999686798740269,1202227.685966612,1.3545391421202744
T5-E019,warm_oof_extended_huber_max_iter_3000,test_warm,sang sam park,510600.0,13.999686798740269,1202227.685966612,1.3545391421202744
T5-E019,warm_oof_extended_huber_max_iter_3000,test_warm,sang sam park,14296800.0,17.34420294875229,34079375.96093425,1.3837065609740817
T5-E019,warm_oof_extended_huber_max_iter_3000,test_warm,yewon choi,1414292.0,14.522794617215947,2028474.5538184585,0.43426856251640994
T5-E019,warm_oof_extended_huber_max_iter_3000,test_warm,yewon choi,6312934.0,14.705695537096211,2435580.1411232497,0.6141920474500051
T5-E019,warm_oof_extended_huber_max_iter_3000,test_warm,aanggel tim,372600.0,12.827066468837334,372155.2812364615,0.0011935554576986576
T5-E019,warm_oof_extended_huber_max_iter_3000,test_warm,aanggel tim,1207500.0,14.036058690176176,1246759.9326073292,0.032513401745200184
T5-E019,warm_oof_extended_huber_max_iter_3000,test_warm,yun hee lee,4830000.0,14.455285724221437,1896054.5343408003,0.6074421253952794
T5-E019,warm_oof_extended_huber_max_iter_3000,test_warm,yun hee lee,4830000.0,14.455285724221435,1896054.534340797,0.6074421253952801
T5-E019,warm_oof_extended_huber_max_iter_3000,test_warm,yun hee lee,4554000.0,14.908850539473892,2984224.7011774215,0.3447025249939786
T5-E019,warm_oof_extended_huber_max_iter_3000,test_warm,yeji seok,6624000.0,14.936395942268275,3067568.978731086,0.5369008184282781
T5-E019,warm_oof_extended_huber_max_iter_3000,test_warm,yeji seok,6072000.0,14.959879908017802,3140460.201139215,0.4827964095620529
T5-E019,warm_oof_extended_huber_max_iter_3000,test_warm,yeji seok,6072000.0,14.97798386010398,3197832.709729666,0.4733477092013067
T5-E019,warm_oof_extended_huber_max_iter_3000,test_warm,nam june paik,8970000.0,17.304221839451476,32743723.062147357,2.6503593157354914
T5-E019,warm_oof_extended_huber_max_iter_3000,test_warm,nam june paik,16560000.0,16.496120849426678,14593997.1705006,0.11871997762677532
T5-E019,warm_oof_extended_huber_max_iter_3000,test_warm,nam june paik,855600000.0,18.150568154724375,76329355.08671676,0.910788505041238
T5-E019,warm_oof_extended_huber_max_iter_3000,test_warm,lee sang yong,8280000.0,16.38047879239577,13000245.4029257,0.5700779472132488
T5-E019,warm_oof_extended_huber_max_iter_3000,test_warm,lee sang yong,41400000.0,17.454383915573423,38048945.013746046,0.08094335715589263
T5-E019,warm_oof_extended_huber_max_iter_3000,test_warm,lee sang yong,41400000.0,17.454383915573423,38048945.013746046,0.08094335715589263
T5-E019,warm_oof_extended_huber_max_iter_3000,test_warm,daehun kwon,30360000.0,17.41014912700473,36402540.60473742,0.19902966418766216
T5-E019,warm_oof_extended_huber_max_iter_3000,test_warm,daehun kwon,27600000.0,17.41014912700473,36402540.60473742,0.3189326306064284
T5-E019,warm_oof_extended_huber_max_iter_3000,test_warm,daehun kwon,27600000.0,17.41014912700473,36402540.60473742,0.3189326306064284
T5-E019,warm_oof_extended_huber_max_iter_3000,test_warm,jeon byeong sam,7452000.0,15.61759340680576,6062261.097210727,0.18649206961745482
T5-E019,warm_oof_extended_huber_max_iter_3000,test_warm,jeon byeong sam,13110000.0,16.37757860535267,12962596.879919067,0.011243563698011669
T5-E019,warm_oof_extended_huber_max_iter_3000,test_warm,jeon byeong sam,16560000.0,16.65898727538859,17175375.781361535,0.0371603732706241
T5-E019,warm_oof_extended_huber_max_iter_3000,test_warm,nam young hwa,1173000.0,14.516249543335562,2015241.391252709,0.7180233514515849
T5-E019,warm_oof_extended_huber_max_iter_3000,test_warm,nam young hwa,1380000.0,14.136778131216264,1378874.4814666822,0.0008155931400853898
T5-E019,warm_oof_extended_huber_max_iter_3000,test_warm,nam young hwa,700000.0,14.18691460318276,1449768.727185499,1.0710981816935699
T5-E019,warm_oof_extended_huber_max_iter_3000,test_warm,do jun na,662400.0,13.717295695883976,906454.1202109086,0.3684391911396567
T5-E019,warm_oof_extended_huber_max_iter_3000,test_warm,do jun na,855600.0,13.956788299570675,1151744.4909309163,0.34612493096180025
T5-E019,warm_oof_extended_huber_max_iter_3000,test_warm,kim syyoung,96600000.0,17.957330475842326,62917221.49451768,0.3486830073031296
T5-E019,warm_oof_extended_huber_max_iter_3000,test_warm,kim syyoung,33120000.0,17.252683977525898,31098930.19010777,0.061022639187567326
T5-E019,warm_oof_extended_huber_max_iter_3000,test_warm,seungwon yang,13524000.0,16.523736038408543,15002629.420565711,0.10933373414416676
T5-E019,warm_oof_extended_huber_max_iter_3000,test_warm,seungwon yang,13524000.0,16.75603290961615,18925729.616878383,0.3994180432474403
T5-E019,warm_oof_extended_huber_max_iter_3000,test_warm,seungwon yang,8832000.0,15.957327154499064,8514891.710496066,0.03590447118477512
T5-E019,warm_oof_extended_huber_max_iter_3000,test_warm,gilyoung jung 정길영,3864000.0,14.315986421592388,1649506.0238886934,0.5731092070681436
T5-E019,warm_oof_extended_huber_max_iter_3000,test_warm,gilyoung jung 정길영,138000.0,11.812837607904772,134974.02181519245,0.021927378150779355
T5-E019,warm_oof_extended_huber_max_iter_3000,test_warm,jungmin yoon,3450000.0,16.133582593286533,10156074.865025058,1.9437898159492923
T5-E019,warm_oof_extended_huber_max_iter_3000,test_warm,jungmin yoon,2760000.0,14.42350107653229,1836736.7994165935,0.3345156523852922
T5-E019,warm_oof_extended_huber_max_iter_3000,test_warm,geon u cha,4692000.0,15.18644519420322,3939030.5362318084,0.16047942535553955
T5-E019,warm_oof_extended_huber_max_iter_3000,test_warm,geon u cha,4692000.0,16.538104517540667,15219750.502759214,2.243766091807164
T5-E019,warm_oof_extended_huber_max_iter_3000,test_warm,junyoung kang,20000000.0,16.6762949380541,17475228.7836725,0.12623856081637497
T5-E019,warm_oof_extended_huber_max_iter_3000,test_warm,yunsung lee,44160000.0,17.85492310906902,56792970.036524475,0.2860726910444854
T5-E019,warm_oof_extended_huber_max_iter_3000,test_warm,yunsung lee,13938000.0,16.50855443114122,14776585.588620838,0.060165417464545685
T5-E019,warm_oof_extended_huber_max_iter_3000,test_warm,yunsung lee,17664000.0,16.753779791915193,18883135.723022312,0.0690181002616798
T5-E019,warm_oof_extended_huber_max_iter_3000,test_warm,jang jun seok,20700000.0,16.728324513059945,18408526.51982068,0.11069920194103
T5-E019,warm_oof_extended_huber_max_iter_3000,test_warm,jang jun seok,22080000.0,16.942430059920515,22803624.71280068,0.032772858369596085
T5-E019,warm_oof_extended_huber_max_iter_3000,test_warm,jang jun seok,22080000.0,16.942430059920515,22803624.71280068,0.032772858369596085
T5-E019,warm_oof_extended_huber_max_iter_3000,test_warm,choi eun hyea,3450000.0,15.259466492738264,4237425.683662377,0.22823932859779053
T5-E019,warm_oof_extended_huber_max_iter_3000,test_warm,choi eun hyea,6210000.0,15.461794450409455,5187666.038390561,0.1646270469580417
T5-E019,warm_oof_extended_huber_max_iter_3000,test_warm,choi eun hyea,2070000.0,14.814117818139062,2714498.604235456,0.31135198272244247
T5-E019,warm_oof_extended_huber_max_iter_3000,test_warm,hong ji oh,924600.0,13.959876128649896,1155306.3774801535,0.2495202006058333
T5-E019,warm_oof_extended_huber_max_iter_3000,test_warm,hong ji oh,1794000.0,13.97472136936056,1172585.1149322037,0.34638510873344275
T5-E019,warm_oof_extended_huber_max_iter_3000,test_warm,bokyung joung,3450000.0,15.166362446673652,3860713.0280459635,0.11904725450607638
T5-E019,warm_oof_extended_huber_max_iter_3000,test_warm,bokyung joung,9660000.0,15.992800862889649,8822367.913677994,0.08671139609958653
T5-E019,warm_oof_extended_huber_max_iter_3000,test_warm,vanist,2939400.0,14.949741079605456,3108780.483015309,0.05762416922341603
T5-E019,warm_oof_extended_huber_max_iter_3000,test_warm,heya,800400.0,13.653632666179092,850545.0567380014,0.0626499959245395
T5-E019,warm_oof_extended_huber_max_iter_3000,test_warm,heya,538200.0,13.191894259202355,536002.5830703111,0.0040829002781287375
T5-E019,warm_oof_extended_huber_max_iter_3000,test_warm,hwallam moon,10074000.0,16.61290827238126,16401908.736290906,0.6281426182540109
T5-E019,warm_oof_extended_huber_max_iter_3000,test_warm,hwallam moon,6762000.0,14.227068958636249,1509167.841650946,0.7768163499481002
T5-E019,warm_oof_extended_huber_max_iter_3000,test_warm,kim soo young,12006000.0,16.44768935124326,13904030.933041118,0.15809019932043294
T5-E019,warm_oof_extended_huber_max_iter_3000,test_warm,kim soo young,828000.0,13.417753393510509,671825.1508826389,0.18861696753304483
T5-E019,warm_oof_extended_huber_max_iter_3000,test_warm,kim soo young,1104000.0,14.23091323093589,1514980.6596490291,0.37226509026180177
T5-E019,warm_oof_extended_huber_max_iter_3000,test_warm,jin woo lee,20700000.0,17.020068491718852,24644603.060900554,0.19056053434302195
T5-E019,warm_oof_extended_huber_max_iter_3000,test_warm,jin woo lee,151800000.0,18.732864216855475,136640536.8392472,0.09986471120390517
T5-E019,warm_oof_extended_huber_max_iter_3000,test_warm,ho sangun,2566800.0,14.741465557748016,2524277.7943705176,0.016566232518888266
T5-E019,warm_oof_extended_huber_max_iter_3000,test_warm,ho sangun,3657000.0,15.257287650295059,4228203.051712441,0.156194435797769
T5-E019,warm_oof_extended_huber_max_iter_3000,test_warm,ho sangun,6610200.0,15.808537075554689,7337707.89219565,0.11005837829349345
T5-E019,warm_oof_extended_huber_max_iter_3000,test_warm,cha young seok,4140000.0,15.231515863939894,4120626.875256452,0.004679498730325657
T5-E019,warm_oof_extended_huber_max_iter_3000,test_warm,cha young seok,4140000.0,15.231515863939894,4120626.875256452,0.004679498730325657
T5-E019,warm_oof_extended_huber_max_iter_3000,test_warm,cha young seok,4140000.0,15.231515863939894,4120626.875256452,0.004679498730325657
T5-E019,warm_oof_extended_huber_max_iter_3000,test_warm,jeeae yeom,1518000.0,14.310976383307832,1641262.6027290218,0.0812006605593029
T5-E019,warm_oof_extended_huber_max_iter_3000,test_warm,jeeae yeom,4692000.0,15.063653407491012,3483866.880772325,0.257487877073247
T5-E019,warm_oof_extended_huber_max_iter_3000,test_warm,jeeae yeom,4278000.0,15.304584815044702,4432989.80995224,0.03622950209262282
T5-E019,warm_oof_extended_huber_max_iter_3000,test_warm,bac jungwon,1380000.0,13.662782697121198,858363.2842897255,0.37799762007990906
T5-E019,warm_oof_extended_huber_max_iter_3000,test_warm,bac jungwon,800000.0,13.745544391855713,932425.3669509059,0.16553170868863235
T5-E019,warm_oof_extended_huber_max_iter_3000,test_warm,bac jungwon,800000.0,13.34521198293284,624815.6860665835,0.21898039241677064
T5-E019,warm_oof_extended_huber_max_iter_3000,test_warm,jeongeun han,1573200.0,14.362769978026972,1728509.402517907,0.09872196956388704
T5-E019,warm_oof_extended_huber_max_iter_3000,test_warm,jeongeun han,621000.0,13.431232425836477,680942.0089892593,0.09652497421780878
T5-E019,warm_oof_extended_huber_max_iter_3000,test_warm,youngnam cho,27696600.0,16.212587469164422,10991001.704851342,0.6031642257587089
T5-E019,warm_oof_extended_huber_max_iter_3000,test_warm,youngnam cho,21000000.0,16.734240976174284,18517762.715278443,0.11820177546293129
T5-E019,warm_oof_extended_huber_max_iter_3000,test_warm,youngnam cho,13841400.0,18.035610489628326,68040283.32842992,3.915708189087081
T5-E019,warm_oof_extended_huber_max_iter_3000,test_warm,yerin shin 신예린,8280000.0,15.483626333072413,5302167.90237189,0.35964155768455436
T5-E019,warm_oof_extended_huber_max_iter_3000,test_warm,donah lee 이돈아,4968000.0,15.532273673486337,5566481.214961411,0.12046723328530826
T5-E019,warm_oof_extended_huber_max_iter_3000,test_warm,aedam kim donghyung,1656000.0,14.603588194143795,2199164.7653829786,0.3279980467288518
T5-E019,warm_oof_extended_huber_max_iter_3000,test_warm,aedam kim donghyung,4968000.0,15.358230428662315,4677294.622649554,0.058515575151055925
T5-E019,warm_oof_extended_huber_max_iter_3000,test_warm,aedam kim donghyung,8280000.0,15.74000393435144,6851676.565313884,0.17250283027610097
T5-E019,warm_oof_extended_huber_max_iter_3000,test_warm,hyung gil kim,23460000.0,16.57607769074967,15808806.09860844,0.3261378474591458
T5-E019,warm_oof_extended_huber_max_iter_3000,test_warm,hyung gil kim,46920000.0,17.186141646018704,29096883.960665483,0.37986180816995985
T5-E019,warm_oof_extended_huber_max_iter_3000,test_warm,kang yehsine,22080000.0,16.625239074064403,16605409.505461358,0.24794341007874288
T5-E019,warm_oof_extended_huber_max_iter_3000,test_warm,kang yehsine,1656000.0,14.292122736765766,1610608.6947222387,0.02741020850106359
T5-E019,warm_oof_extended_huber_max_iter_3000,test_warm,kang yehsine,1656000.0,14.292122736765766,1610608.6947222387,0.02741020850106359
T5-E019,warm_oof_extended_huber_max_iter_3000,test_warm,artist kun 쿤 작가,5520000.0,15.367875545426632,4722625.936911726,0.14445182302323797
T5-E019,warm_oof_extended_huber_max_iter_3000,test_warm,artist kun 쿤 작가,4195200.0,15.416266870655033,4956779.8826219,0.18153601321078855
T5-E019,warm_oof_extended_huber_max_iter_3000,test_warm,artist kun 쿤 작가,22080000.0,16.708330326050646,18044118.16224667,0.18278450352143702
T5-E019,warm_oof_extended_huber_max_iter_3000,test_warm,du hyun hwang,1932000.0,14.147771981415932,1394117.255823166,0.27840721748283326
T5-E019,warm_oof_extended_huber_max_iter_3000,test_warm,du hyun hwang,3450000.0,14.114012386802294,1347838.0021719157,0.6093223182110389
T5-E019,warm_oof_extended_huber_max_iter_3000,test_warm,sun me,966000.0,14.358803796088207,1721667.3970330134,0.7822643861625398
T5-E019,warm_oof_extended_huber_max_iter_3000,test_warm,sun me,4140000.0,14.923974335788092,3029700.5244572754,0.26818827911660015
T5-E019,warm_oof_extended_huber_max_iter_3000,test_warm,sun me,4140000.0,15.263555158758757,4254786.569315733,0.02772622447239937
T5-E019,warm_oof_extended_huber_max_iter_3000,test_warm,sungeun been 빈성은,1987200.0,14.717274823096073,2463946.333335181,0.2399085815897651
T5-E019,warm_oof_extended_huber_max_iter_3000,test_warm,sungeun been 빈성은,1821600.0,14.589673628089313,2168776.253771196,0.19058863294422274
T5-E019,warm_oof_extended_huber_max_iter_3000,test_warm,g sim seyeon,12420000.0,16.182605487300588,10666360.699905086,0.14119479066786744
T5-E019,warm_oof_extended_huber_max_iter_3000,test_warm,g sim seyeon,4692000.0,15.23433459025917,4132258.17971255,0.1192970631473679
T5-E019,warm_oof_extended_huber_max_iter_3000,test_warm,g sim seyeon,18906000.0,16.382516580717514,13026764.161819397,0.31097195801230315
T5-E019,warm_oof_extended_huber_max_iter_3000,test_warm,maeng eun hee,5520000.0,15.64184741880866,6211092.838170535,0.12519797792944473
T5-E019,warm_oof_extended_huber_max_iter_3000,test_warm,maeng eun hee,22080000.0,16.499066381526177,14637047.629755076,0.3370902341596433
T5-E019,warm_oof_extended_huber_max_iter_3000,test_warm,zikseong jeong,12420000.0,16.227934275878177,11160979.455300173,0.10137041422703923
T5-E019,warm_oof_extended_huber_max_iter_3000,test_warm,zikseong jeong,23460000.0,17.035072176871083,25017150.73122763,0.06637471147602851
T5-E019,warm_oof_extended_huber_max_iter_3000,test_warm,zikseong jeong,23460000.0,17.035072176871083,25017150.73122763,0.06637471147602851
T5-E019,warm_oof_extended_huber_max_iter_3000,test_warm,eunmi han,938400.0,13.910613849497626,1099772.4464418222,0.17196552263621293
T5-E019,warm_oof_extended_huber_max_iter_3000,test_warm,eunmi han,745200.0,13.664392137529093,859745.881149297,0.15371159574516505
T5-E019,warm_oof_extended_huber_max_iter_3000,test_warm,weedong yoon b 1982,2070000.0,14.644142643947113,2290183.822051675,0.1063689961602295
T5-E019,warm_oof_extended_huber_max_iter_3000,test_warm,weedong yoon b 1982,7189800.0,15.980746803925562,8716660.949567838,0.2123648710072377
T5-E019,warm_oof_extended_huber_max_iter_3000,test_warm,weedong yoon b 1982,19513200.0,16.834315291304183,20466813.758159287,0.04887018829096649
T5-E019,warm_oof_extended_huber_max_iter_3000,test_warm,in kyung kwon,10764000.0,16.160943047390578,10437785.983582733,0.030306021592090934
T5-E019,warm_oof_extended_huber_max_iter_3000,test_warm,in kyung kwon,12420000.0,16.19339513276235,10782070.05916866,0.13187841713617882
T5-E019,warm_oof_extended_huber_max_iter_3000,test_warm,in kyung kwon,33120000.0,16.93314154462159,22592793.56576486,0.3178504358162784
T5-E019,warm_oof_extended_huber_max_iter_3000,test_warm,suk chuljoo,12420000.0,16.258006824938033,11501716.291511655,0.0739358863517186
T5-E019,warm_oof_extended_huber_max_iter_3000,test_warm,suk chuljoo,27600000.0,17.17258158785618,28704991.568547744,0.0400359263966574
T5-E019,warm_oof_extended_huber_max_iter_3000,test_warm,yuseong choe,1932000.0,14.328580665081992,1670411.6734834178,0.13539768453239243
T5-E019,warm_oof_extended_huber_max_iter_3000,test_warm,yuseong choe,2131300.0,14.380235321785943,1758963.585675454,0.1746992043938188
T5-E019,warm_oof_extended_huber_max_iter_3000,test_warm,do you hwang,7200000.0,15.845176237363699,7611541.238322481,0.05715850532256675
T5-E019,warm_oof_extended_huber_max_iter_3000,test_warm,do you hwang,6000000.0,15.545050092136776,5638057.177957452,0.06032380367375802
T5-E019,warm_oof_extended_huber_max_iter_3000,test_warm,do you hwang,1700000.0,14.148129503930614,1394615.773240519,0.17963778044675355
T5-E019,warm_oof_extended_huber_max_iter_3000,test_warm,lee kiyoung,5520000.0,16.123451133176367,10053698.484475203,0.8213221892165222
T5-E019,warm_oof_extended_huber_max_iter_3000,test_warm,lee kiyoung,27600000.0,16.96166495375246,23246495.646422785,0.15773566498468172
T5-E019,warm_oof_extended_huber_max_iter_3000,test_warm,lee kiyoung,6900000.0,16.123451133176367,10053698.484475203,0.4570577513732178
T5-E019,warm_oof_extended_huber_max_iter_3000,test_warm,inhee jang,9936000.0,16.24482580390496,11351106.701802602,0.14242217208158234
T5-E019,warm_oof_extended_huber_max_iter_3000,test_warm,inhee jang,3974400.0,15.613685827685726,6038618.5549627915,0.5193786621786411
T5-E019,warm_oof_extended_huber_max_iter_3000,test_warm,inhee jang,9936000.0,16.269302520593715,11632372.716634078,0.1707299433005312
T5-E019,warm_oof_extended_huber_max_iter_3000,test_warm,shin insoo,4140000.0,14.760657763788176,2573192.139578695,0.3784560049326824
T5-E019,warm_oof_extended_huber_max_iter_3000,test_warm,shin insoo,10350000.0,16.001135848227655,8896209.52777732,0.14046284755774688
T5-E019,warm_oof_extended_huber_max_iter_3000,test_warm,miseon jeon 전미선,2898000.0,14.956749522906046,3130644.7224111524,0.08027768199142596
T5-E019,warm_oof_extended_huber_max_iter_3000,test_warm,miseon jeon 전미선,12420000.0,16.142757090162114,10249680.477767901,0.1747439228850321
T5-E019,warm_oof_extended_huber_max_iter_3000,test_warm,jung eun,4140000.0,15.337251991527285,4580194.358424896,0.10632713971615855
T5-E019,warm_oof_extended_huber_max_iter_3000,test_warm,jung eun,690000.0,14.2706697481769,1576424.3143823487,1.2846729193947082
T5-E019,warm_oof_extended_huber_max_iter_3000,test_warm,jung eun,6900000.0,15.370568270419014,4735359.806511989,0.31371597007072627
T5-E019,warm_oof_extended_huber_max_iter_3000,test_warm,yoo suntai,39481800.0,17.412498100890872,36488149.729442745,0.07582355086539252
T5-E019,warm_oof_extended_huber_max_iter_3000,test_warm,yoo suntai,39481800.0,17.412498100890875,36488149.72944288,0.07582355086538912
T5-E019,warm_oof_extended_huber_max_iter_3000,test_warm,yoo suntai,27006600.0,17.028287534204978,24847992.789965533,0.07992887701652437
T5-E019,warm_oof_extended_huber_max_iter_3000,test_warm,sun jeong kim,12420000.0,16.137381681492872,10194732.073845355,0.17916810999634825
T5-E019,warm_oof_extended_huber_max_iter_3000,test_warm,sun jeong kim,10350000.0,16.152174407614364,10346660.903607858,0.0003226180089025754
T5-E019,warm_oof_extended_huber_max_iter_3000,test_warm,tae kyun lim,1380000.0,13.916972998816448,1106788.347584099,0.197979458272392
T5-E019,warm_oof_extended_huber_max_iter_3000,test_warm,tae kyun lim,952200.0,14.066182834752723,1284888.9273977405,0.3493897578216137
T5-E019,warm_oof_extended_huber_max_iter_3000,test_warm,shine l si in yang,8280000.0,15.871175337225178,7812029.421972844,0.056518185752072
T5-E019,warm_oof_extended_huber_max_iter_3000,test_warm,shine l si in yang,8280000.0,15.871175337225178,7812029.421972844,0.056518185752072
T5-E019,warm_oof_extended_huber_max_iter_3000,test_warm,shine l si in yang,11040000.0,16.04815870096651,9324526.091972435,0.15538712935032292
T5-E019,warm_oof_extended_huber_max_iter_3000,test_warm,somin kim,1242000.0,14.513559598006019,2009827.7864991347,0.6182188297094483
T5-E019,warm_oof_extended_huber_max_iter_3000,test_warm,jungdong lee,16560000.0,16.640801970573193,16865859.194052573,0.018469758094962156
T5-E019,warm_oof_extended_huber_max_iter_3000,test_warm,jungdong lee,16560000.0,16.640801970573193,16865859.194052573,0.018469758094962156
T5-E019,warm_oof_extended_huber_max_iter_3000,test_warm,jungdong lee,2484000.0,15.178706012368355,3908663.3229216784,0.5735359593082441
T5-E019,warm_oof_extended_huber_max_iter_3000,test_warm,ryu seung ju,2760000.0,14.626110826247015,2249257.739609801,0.18505154361963724
T5-E019,warm_oof_extended_huber_max_iter_3000,test_warm,ryu seung ju,2070000.0,14.682752045920466,2380335.6043088785,0.14992058179172876
T5-E019,warm_oof_extended_huber_max_iter_3000,test_warm,hye kyung lee 이혜경,966000.0,14.124006217780998,1361375.6009151563,0.4092915123345303
T5-E019,warm_oof_extended_huber_max_iter_3000,test_warm,hye kyung lee 이혜경,1794000.0,14.719517081557338,2469477.3365011676,0.3765202544599597
T5-E019,warm_oof_extended_huber_max_iter_3000,test_warm,yunmi kim 김윤미,4140000.0,15.533259440588418,5571971.174483653,0.34588675712165534
T5-E019,warm_oof_extended_huber_max_iter_3000,test_warm,yunmi kim 김윤미,4830000.0,15.702006216771917,6596212.751542511,0.3656755179177042
T5-E019,warm_oof_extended_huber_max_iter_3000,test_warm,yunmi kim 김윤미,4140000.0,15.533259440588418,5571971.174483653,0.34588675712165534
T5-E019,warm_oof_extended_huber_max_iter_3000,test_warm,yeon do kim,5106000.0,14.95808186026974,3134818.577221204,0.38605198252620365
T5-E019,warm_oof_extended_huber_max_iter_3000,test_warm,yeon do kim,4830000.0,14.864299978334785,2854193.7969349404,0.4090696072598467
T5-E019,warm_oof_extended_huber_max_iter_3000,test_warm,chang youngeun,22080000.0,16.7486648932248,18786796.988312017,0.14914868712354995
T5-E019,warm_oof_extended_huber_max_iter_3000,test_warm,chang youngeun,34500000.0,16.963412006216252,23287143.990972754,0.32501031910223904
T5-E019,warm_oof_extended_huber_max_iter_3000,test_warm,moah son 손모아,2456400.0,14.722308205417129,2476379.5816459213,0.008133684109233569
T5-E019,warm_oof_extended_huber_max_iter_3000,test_warm,moah son 손모아,2070000.0,14.550621376439294,2085713.115245216,0.007590876930056068
T5-E019,warm_oof_extended_huber_max_iter_3000,test_warm,jung kunwoo,414000.0,13.06117733490358,470324.11147425376,0.13604857844022647
T5-E019,warm_oof_extended_huber_max_iter_3000,test_warm,jung kunwoo,1333080.0,14.268838463885158,1573540.0750354552,0.18037932834897769
T5-E019,warm_oof_extended_huber_max_iter_3000,test_warm,jung kunwoo,414000.0,13.06117733490358,470324.11147425376,0.13604857844022647
T5-E019,warm_oof_extended_huber_max_iter_3000,test_warm,eunju kim,1242000.0,13.89686050215426,1084750.4322660866,0.1266099579178047
T5-E019,warm_oof_extended_huber_max_iter_3000,test_warm,eunju kim,4800000.0,15.51972068788978,5497042.002995738,0.14521708395744537
T5-E019,warm_oof_extended_huber_max_iter_3000,test_warm,eunju kim,600000.0,13.473773368924014,710534.9165364893,0.18422486089414877
T5-E019,warm_oof_extended_huber_max_iter_3000,test_warm,ik soo kaay,372600.0,12.81747493023029,368602.8035868437,0.010727848666549343
T5-E019,warm_oof_extended_huber_max_iter_3000,test_warm,ik soo kaay,372600.0,12.81747493023029,368602.8035868437,0.010727848666549343
T5-E019,warm_oof_extended_huber_max_iter_3000,test_warm,pablo daniel,469200.0,13.600176082329305,806271.7168274539,0.7183966684302087
T5-E019,warm_oof_extended_huber_max_iter_3000,test_warm,pablo daniel,1380000.0,13.589139631858512,797422.2620674341,0.42215778111055496
T5-E019,warm_oof_extended_huber_max_iter_3000,test_warm,lee youmee,5616600.0,15.654511233385199,6290249.11855004,0.1199389521329701
T5-E019,warm_oof_extended_huber_max_iter_3000,test_warm,kim greem,1104000.0,13.412377621914148,668223.2624577666,0.39472530574477666
T5-E019,warm_oof_extended_huber_max_iter_3000,test_warm,kim greem,1932000.0,14.74814454502981,2541193.841803896,0.31531772350098125
T5-E019,warm_oof_extended_huber_max_iter_3000,test_warm,yoo suzy,715500.0,13.665270069708415,860501.0111523592,0.20265689888519803
T5-E019,warm_oof_extended_huber_max_iter_3000,test_warm,yoo suzy,6013200.0,15.229358820685071,4111748.084260284,0.3162129840583576
T5-E019,warm_oof_extended_huber_max_iter_3000,test_warm,yoo suzy,1656000.0,14.151942618360462,1399943.7544148394,0.15462333670601483
T5-E019,warm_oof_extended_huber_max_iter_3000,test_warm,seoyoung jo,483000.0,13.142640082951893,510241.8372285617,0.056401319313792324
T5-E019,warm_oof_extended_huber_max_iter_3000,test_warm,seoyoung jo,1587000.0,14.189308652109883,1453243.7024220354,0.08428248114553535
T5-E019,warm_oof_extended_huber_max_iter_3000,test_warm,seoyoung jo,662400.0,12.629140732775152,305327.64740390476,0.5390585033153612
T5-E019,warm_oof_extended_huber_max_iter_3000,test_warm,vanessa su,2673060.0,15.211109177503108,4037390.71035155,0.5104003315868518
T5-E019,warm_oof_extended_huber_max_iter_3000,test_warm,vanessa su,10268580.0,16.28222249388005,11783637.727174921,0.1475430611803113
T5-E019,warm_oof_extended_huber_max_iter_3000,test_warm,dahyun kim,2856600.0,14.910761814744133,2989933.83017021,0.046675708944272906
T5-E019,warm_oof_extended_huber_max_iter_3000,test_warm,dahyun kim,2856600.0,14.98464863210685,3219216.716252374,0.12693996928249457
T5-E019,warm_oof_extended_huber_max_iter_3000,test_warm,yongchul kim b 1982,4719600.0,15.302880236912724,4425439.869023101,0.06232734362592139
T5-E019,warm_oof_extended_huber_max_iter_3000,test_warm,yongchul kim b 1982,4719600.0,15.302880236912724,4425439.869023101,0.06232734362592139
T5-E019,warm_oof_extended_huber_max_iter_3000,test_warm,jiyoon kim,1004800.0,13.953842786089567,1148357.003400348,0.14287122153697043
T5-E019,warm_oof_extended_huber_max_iter_3000,test_warm,jiyoon kim,731400.0,13.718152666315625,907231.2575338682,0.2404036881786549
T5-E019,warm_oof_extended_huber_max_iter_3000,test_warm,jiyoon kim,1807800.0,14.391889533347346,1779582.8366119068,0.015608564768278148
T5-E019,warm_oof_extended_huber_max_iter_3000,test_warm,hyunmo yang,2000000.0,14.602321655624424,2196381.201614643,0.09819060080732149
T5-E019,warm_oof_extended_huber_max_iter_3000,test_warm,hyunmo yang,2000000.0,14.602321655624424,2196381.201614643,0.09819060080732149
T5-E019,warm_oof_extended_huber_max_iter_3000,test_warm,hyunmo yang,14000000.0,16.277599056364117,11729282.565106118,0.16219410249242014
T5-E019,warm_oof_extended_huber_max_iter_3000,test_warm,yang woon chul,13800000.0,16.31287981712699,12150487.095683949,0.11952992060261239
T5-E019,warm_oof_extended_huber_max_iter_3000,test_warm,kim en joong,10710000.0,16.16309376446334,10460258.865842724,0.023318499921314264
T5-E019,warm_oof_extended_huber_max_iter_3000,test_warm,kim en joong,29070000.0,17.71844500548007,49547630.90959448,0.7044248678911071
T5-E019,warm_oof_extended_huber_max_iter_3000,test_warm,kim en joong,5355000.0,15.330798439079675,4550731.007810023,0.1501902879906587
T5-E019,warm_oof_extended_huber_max_iter_3000,test_warm,yoon byungwoon,8970000.0,16.022275771565376,9086276.638964994,0.01296283600501604
T5-E019,warm_oof_extended_huber_max_iter_3000,test_warm,yoon byungwoon,8970000.0,16.112865641905074,9947836.436325097,0.10901186581104766
T5-E019,warm_oof_extended_huber_max_iter_3000,test_warm,yoon byungwoon,4830000.0,15.285159676362714,4347709.342173914,0.0998531382662703
T5-E019,warm_oof_extended_huber_max_iter_3000,test_warm,tae hyun lee,938400.0,14.117280761957083,1352250.4492491805,0.44101710278045664
T5-E019,warm_oof_extended_huber_max_iter_3000,test_warm,tae hyun lee,4692000.0,15.308809288497946,4451756.469440874,0.05120279849938753
T5-E019,warm_oof_extended_huber_max_iter_3000,test_warm,tae hyun lee,2346000.0,14.743627520926342,2529741.093611714,0.07832101176969905
T5-E019,warm_oof_extended_huber_max_iter_3000,test_warm,sangmyun lee 이상면,6900000.0,15.680069880012816,6453091.524160043,0.0647693443246314
T5-E019,warm_oof_extended_huber_max_iter_3000,test_warm,sangmyun lee 이상면,690000.0,14.11598112903616,1350494.161559856,0.9572379153041392
T5-E019,warm_oof_extended_huber_max_iter_3000,test_warm,sangmyun lee 이상면,6900000.0,15.46763096877384,5218032.477428932,0.24376340906827076
T5-E019,warm_oof_extended_huber_max_iter_3000,test_warm,dongseung lim,7314000.0,15.683115540351276,6472775.409073705,0.11501566734020989
T5-E019,warm_oof_extended_huber_max_iter_3000,test_warm,dongseung lim,46644000.0,18.081730992193055,71251825.09782642,0.5275667845344829
T5-E019,warm_oof_extended_huber_max_iter_3000,test_warm,heesung yang,3410000.0,14.842457182812144,2792526.1739086346,0.18107736835523913
T5-E019,warm_oof_extended_huber_max_iter_3000,test_warm,heesung yang,5147400.0,15.299229255108292,4409312.127544816,0.14339042476885114
T5-E019,warm_oof_extended_huber_max_iter_3000,test_warm,heesung yang,572700.0,13.563635407649976,777341.7828880887,0.3573280651092871
T5-E019,warm_oof_extended_huber_max_iter_3000,test_warm,hye hwa lee,2277000.0,14.58056854366571,2149118.9892143114,0.0561620600727662
T5-E019,warm_oof_extended_huber_max_iter_3000,test_warm,hye hwa lee,1711200.0,14.400459330988033,1794899.036034496,0.04891248015106126
T5-E019,warm_oof_extended_huber_max_iter_3000,test_warm,eunjin kim 김은진,83904000.0,18.094164734732562,72143282.53794874,0.14016873405381458
T5-E019,warm_oof_extended_huber_max_iter_3000,test_warm,eunjin kim 김은진,96600000.0,18.16411078634773,77370086.6406839,0.19906742607987676
T5-E019,warm_oof_extended_huber_max_iter_3000,test_warm,hyeseung lee,1518000.0,14.06593766633328,1284573.95182286,0.15377210024844537
T5-E019,warm_oof_extended_huber_max_iter_3000,test_warm,hyeseung lee,2387400.0,14.55284874140608,2090363.937185022,0.12441822183755465
T5-E019,warm_oof_extended_huber_max_iter_3000,test_warm,hyeseung lee,13427400.0,16.588433752350017,16005352.44940811,0.1919919306349785
T5-E019,warm_oof_extended_huber_max_iter_3000,test_warm,hyunsook jeoung 정현숙,24288000.0,17.0697636550707,25900262.326912705,0.06638102465879055
T5-E019,warm_oof_extended_huber_max_iter_3000,test_warm,hyunsook jeoung 정현숙,6624000.0,16.000664506163982,8892017.358070206,0.3423939248294393
T5-E019,warm_oof_extended_huber_max_iter_3000,test_warm,kim hongbin,759000.0,14.55088418637055,2086261.333401085,1.7486974089605865
T5-E019,warm_oof_extended_huber_max_iter_3000,test_warm,kim hongbin,8000000.0,15.935781867664769,8333398.112755146,0.04167476409439323
T5-E019,warm_oof_extended_huber_max_iter_3000,test_warm,kim hongbin,1800000.0,14.341957067351718,1692905.882374503,0.05949673201416503
T5-E019,warm_oof_extended_huber_max_iter_3000,test_warm,barn miryung,8224800.0,15.848981525735496,7640560.52605007,0.07103388215518064
T5-E019,warm_oof_extended_huber_max_iter_3000,test_warm,barn miryung,3450000.0,14.815039281605305,2717001.0683159702,0.21246345845913905
T5-E019,warm_oof_extended_huber_max_iter_3000,test_warm,barn miryung,15904500.0,16.565601890660105,15644060.633172797,0.016375199901109937
T5-E019,warm_oof_extended_huber_max_iter_3000,test_warm,jina jung,989600.0,14.12528514579147,1363117.816150399,0.37744322569765454
T5-E019,warm_oof_extended_huber_max_iter_3000,test_warm,jina jung,1674600.0,14.44470719459602,1876102.7814409789,0.12032890328495095
T5-E019,warm_oof_extended_huber_max_iter_3000,test_warm,jina jung,5328200.0,15.062637331392036,3480328.8046844285,0.34680965341307973
T5-E019,warm_oof_extended_huber_max_iter_3000,test_warm,mooa 무아,5000000.0,15.53501558053103,5581764.932710236,0.11635298654204719
T5-E019,warm_oof_extended_huber_max_iter_3000,test_warm,mooa 무아,3300000.0,15.130227156156993,3723695.533655832,0.12839258595631275
T5-E019,warm_oof_extended_huber_max_iter_3000,test_warm,mooa 무아,3300000.0,15.130227156156993,3723695.533655832,0.12839258595631275
T5-E019,warm_oof_extended_huber_max_iter_3000,test_warm,yuzu kim,4416000.0,14.980697004203693,3206520.6711941836,0.2738857175737809
T5-E019,warm_oof_extended_huber_max_iter_3000,test_warm,lee eunkyong 이은경,5520000.0,16.368520997502507,12845716.886305843,1.3271226243307686
T5-E019,warm_oof_extended_huber_max_iter_3000,test_warm,lee eunkyong 이은경,1656000.0,14.500401200691277,1983554.9075205217,0.19779885719838264
T5-E019,warm_oof_extended_huber_max_iter_3000,test_warm,jinhee choi,690000.0,13.953355559103393,1147797.629160708,0.6634748248705914
T5-E019,warm_oof_extended_huber_max_iter_3000,test_warm,zzozzi,938400.0,13.357818458674625,632742.268011347,0.3257222207892721
T5-E019,warm_oof_extended_huber_max_iter_3000,test_warm,zzozzi,179400.0,12.705145752664508,329438.7581462694,0.836336444516552
T5-E019,warm_oof_extended_huber_max_iter_3000,test_warm,juwon ju,441600.0,12.852750337064377,381837.47428360843,0.13533180642298814
T5-E019,warm_oof_extended_huber_max_iter_3000,test_warm,juwon ju,441600.0,13.04355559168462,462108.77759258036,0.04644197824406784
T5-E019,warm_oof_extended_huber_max_iter_3000,test_warm,jeongmo ahn,1145400.0,13.89764687292705,1085603.7837831634,0.05220553188129613
T5-E019,warm_oof_extended_huber_max_iter_3000,test_warm,jeongmo ahn,2208000.0,14.340219608206372,1689967.0813296326,0.2346163580934635
T5-E019,warm_oof_extended_huber_max_iter_3000,test_warm,amonmazdah,1117800.0,13.807416434827068,991938.5460751774,0.11259747175239096
T5-E019,warm_oof_extended_huber_max_iter_3000,test_warm,amonmazdah,1794000.0,14.48537064739845,1953963.921312826,0.08916606539176476
T5-E019,warm_oof_extended_huber_max_iter_3000,test_warm,ho junga,2277000.0,14.898862173071505,2954565.5412975587,0.297569407684479
T5-E019,warm_oof_extended_huber_max_iter_3000,test_warm,man hee kim,3864000.0,15.438083220888515,5066106.95120148,0.311104283437236
T5-E019,warm_oof_extended_huber_max_iter_3000,test_warm,man hee kim,31326000.0,16.702699713081067,17942804.213982895,0.4272232581886326
T5-E019,warm_oof_extended_huber_max_iter_3000,test_warm,kim jaehong,15000000.0,16.496212653856617,14595337.025592744,0.026977531627150376
T5-E019,warm_oof_extended_huber_max_iter_3000,test_warm,myeongwon choi 최명원,1656000.0,14.344119438279927,1696570.5335784107,0.024499114479716633
T5-E019,warm_oof_extended_huber_max_iter_3000,test_warm,myeongwon choi 최명원,3864000.0,14.925115494611024,3033159.8673960515,0.21502073825153947
T5-E019,warm_oof_extended_huber_max_iter_3000,test_warm,saewon lee,1324800.0,13.93700688567295,1129185.2192204602,0.14765608452561885
T5-E019,warm_oof_extended_huber_max_iter_3000,test_warm,saewon lee,1932000.0,14.438502577072523,1864498.3191008887,0.03493875822935369
T5-E019,warm_oof_extended_huber_max_iter_3000,test_warm,min kyoungkap,1656000.0,14.311386056099902,1641935.121108838,0.008493284354566491
T5-E019,warm_oof_extended_huber_max_iter_3000,test_warm,min kyoungkap,1656000.0,14.311386056099902,1641935.121108838,0.008493284354566491
T5-E019,warm_oof_extended_huber_max_iter_3000,test_warm,fi jae lee,552000.0,13.749269093850952,935904.8495708393,0.6954797999471727
T5-E019,warm_oof_extended_huber_max_iter_3000,test_warm,jahyun koo,117300000.0,18.70002421052962,132226141.8488991,0.12724758609462145
T5-E019,warm_oof_extended_huber_max_iter_3000,test_warm,jahyun koo,128340000.0,18.573285057787338,116486396.71848114,0.09236094188498412
T5-E019,warm_oof_extended_huber_max_iter_3000,test_warm,jahyun koo,127650000.0,18.573285057787338,116486396.71848114,0.08745478481409213
T5-E019,warm_oof_extended_huber_max_iter_3000,test_warm,hae jin jeong,11040000.0,16.162525623329433,10454317.65039397,0.05305093746431428
T5-E019,warm_oof_extended_huber_max_iter_3000,test_warm,hae jin jeong,4140000.0,15.242913453543952,4167860.754150093,0.006729650760892045
T5-E019,warm_oof_extended_huber_max_iter_3000,test_warm,hae jin jeong,4140000.0,15.55880310500875,5716133.109909557,0.3807084806544823
T5-E019,warm_oof_extended_huber_max_iter_3000,test_warm,jungsu yu 유정수,1656000.0,14.309870126802405,1639447.9492188296,0.009995199747083558
T5-E019,warm_oof_extended_huber_max_iter_3000,test_warm,jungsu yu 유정수,1987200.0,14.495074761492173,1973017.7106891708,0.007136820305368986
T5-E019,warm_oof_extended_huber_max_iter_3000,test_warm,kwon jian,2000000.0,14.32592956031481,1665989.1020730482,0.16700544896347588
T5-E019,warm_oof_extended_huber_max_iter_3000,test_warm,kwon jian,19527000.0,16.801265010185524,19801435.83957004,0.014054173174068815
T5-E019,warm_oof_extended_huber_max_iter_3000,test_warm,kwon jian,690000.0,13.765305743035343,951034.6184640111,0.37831104125219
T5-E019,warm_oof_extended_huber_max_iter_3000,test_warm,oh gil suk 오길석,2000000.0,14.558464008810759,2102134.907308428,0.05106745365421404
T5-E019,warm_oof_extended_huber_max_iter_3000,test_warm,oh gil suk 오길석,700000.0,13.57673756705728,787593.6530014666,0.1251337900020952
T5-E019,warm_oof_extended_huber_max_iter_3000,test_warm,oh gil suk 오길석,700000.0,13.547147385356503,764630.0379866951,0.09232862569527867
T5-E019,warm_oof_extended_huber_max_iter_3000,test_warm,doyeon gwon,4000000.0,15.176268934565034,3899149.2043293198,0.02521269891767006
T5-E019,warm_oof_extended_huber_max_iter_3000,test_warm,doyeon gwon,2359600.0,13.63474411047806,834630.2659310562,0.6462831556488149
T5-E019,warm_oof_extended_huber_max_iter_3000,test_warm,doyeon gwon,4000000.0,15.176268934565034,3899149.2043293198,0.02521269891767006
T5-E019,warm_oof_extended_huber_max_iter_3000,test_warm,david surman,1500000.0,14.158342537158795,1408932.0121460173,0.060711991902655145
T5-E019,warm_oof_extended_huber_max_iter_3000,test_warm,david surman,1500000.0,14.180664907265351,1440736.3676396408,0.03950908824023946
T5-E019,warm_oof_extended_huber_max_iter_3000,test_warm,david surman,1500000.0,14.158342537158795,1408932.0121460173,0.060711991902655145
T5-E019,warm_oof_extended_huber_max_iter_3000,test_warm,jung hwan young,5328200.0,15.521937663376999,5509242.32928372,0.03397814070112231
T5-E019,warm_oof_extended_huber_max_iter_3000,test_warm,jung hwan young,8372800.0,15.999858781200999,8884855.72325494,0.06115704701592532
T5-E019,warm_oof_extended_huber_max_iter_3000,test_warm,jung hwan young,8372800.0,15.790796038629933,7208677.298091246,0.1390362485558898
T5-E019,warm_oof_extended_huber_max_iter_3000,test_warm,jieun choi,13000000.0,16.329734077867055,12357010.080606565,0.04946076303026424
T5-E019,warm_oof_extended_huber_max_iter_3000,test_warm,jieun choi,8500000.0,15.60408919990509,5980945.357106298,0.29635936975220023
T5-E019,warm_oof_extended_huber_max_iter_3000,test_warm,jieun choi,9000000.0,15.982696473286897,8733672.134058358,0.02959198510462687
T5-E019,warm_oof_extended_huber_max_iter_3000,test_warm,kang miro,2500000.0,14.997174916118283,3259795.157083727,0.30391806283349077
T5-E019,warm_oof_extended_huber_max_iter_3000,test_warm,kang miro,8000000.0,15.866499705248266,7775588.505946844,0.028051436756644513
T5-E019,warm_oof_extended_huber_max_iter_3000,test_warm,kang miro,1500000.0,14.401614339332518,1796973.357097089,0.19798223806472603
T5-E019,warm_oof_extended_huber_max_iter_3000,test_warm,evi pangestu,2850000.0,14.222991156282184,1503026.2840130706,0.47262235648664186
T5-E019,warm_oof_extended_huber_max_iter_3000,test_warm,evi pangestu,14820000.0,16.69383348960863,17784422.463625845,0.20002850631753338
T5-E019,warm_oof_extended_huber_max_iter_3000,test_warm,evi pangestu,2850000.0,14.222991156282184,1503026.2840130706,0.47262235648664186
T5-E019,warm_oof_extended_huber_max_iter_3000,test_warm,man seop kim,700000.0,13.718240069380851,907310.5557920507,0.2961579368457867
T5-E019,warm_oof_extended_huber_max_iter_3000,test_warm,man seop kim,5600000.0,15.217730204653824,4064211.075065126,0.2742480223097989
T5-E019,warm_oof_extended_huber_max_iter_3000,test_warm,man seop kim,3500000.0,14.854655809588497,2826799.778915021,0.19234292030999398
T5-E019,warm_oof_extended_huber_max_iter_3000,test_warm,cho mina,440000.0,13.405143692287918,663406.8242934629,0.5077427824851429
T5-E019,warm_oof_extended_huber_max_iter_3000,test_warm,cho mina,3000000.0,15.027625301822045,3360583.917537903,0.12019463917930098
T5-E019,warm_oof_extended_huber_max_iter_3000,test_warm,cho mina,1900000.0,14.332770699389982,1677425.4394023325,0.11714450557771972
T5-E019,warm_oof_extended_huber_max_iter_3000,test_warm,gbday,1446300.0,14.083369703051867,1307163.0067163876,0.09620202812944231
T5-E019,warm_oof_extended_huber_max_iter_3000,test_warm,jinhyung lee,1800000.0,14.675317974692128,2362705.6323068063,0.3126142401704479
T5-E019,warm_oof_extended_huber_max_iter_3000,test_warm,jinhyung lee,10564900.0,15.965896785986189,8588174.750448111,0.18710307239556348
T5-E019,warm_oof_extended_huber_max_iter_3000,test_warm,jinhyung lee,10564900.0,15.965896785986187,8588174.750448095,0.18710307239556506
T5-E019,warm_oof_extended_huber_max_iter_3000,test_warm,seo yeon,3000000.0,14.764427974446829,2582911.9273202857,0.13902935755990475
T5-E019,warm_oof_extended_huber_max_iter_3000,test_warm,seo yeon,800000.0,13.663655061818154,859112.416826984,0.07389052103373003
T5-E019,warm_oof_extended_huber_max_iter_3000,test_warm,praiva raiva,9134000.0,16.14397914030512,10262213.757850114,0.12351803786403703
T5-E019,warm_oof_extended_huber_max_iter_3000,test_warm,praiva raiva,9134000.0,16.06427731027448,9476042.320040012,0.037447155686447534
T5-E019,warm_oof_extended_huber_max_iter_3000,test_warm,chris measor,2000000.0,14.66006825486837,2326948.370455598,0.163474185227799
T5-E019,warm_oof_extended_huber_max_iter_3000,test_warm,mira park,1300000.0,14.05369811282712,1268947.1677195402,0.023886794061892164
T5-E019,warm_oof_extended_huber_max_iter_3000,test_warm,mira park,600000.0,13.25690071238887,572003.6848512755,0.046660525247874125
T5-E019,warm_oof_extended_huber_max_iter_3000,test_warm,yejin yoon,5328200.0,15.277595369739686,4314946.007778484,0.19016816039591525
T5-E019,warm_oof_extended_huber_max_iter_3000,test_warm,nampyo kim,3000000.0,14.90190576282384,2963571.725313995,0.012142758228668322
T5-E019,warm_oof_extended_huber_max_iter_3000,test_warm,imhathai suwatthanasilp,7116600.0,15.723220353586598,6737640.541587115,0.05325007144041884
T5-E019,warm_oof_extended_huber_max_iter_3000,test_warm,weedong yoon,4825800.0,15.48646397527696,5317234.925086792,0.10183491340022206
T5-E019,warm_oof_extended_huber_max_iter_3000,test_warm,jo jae,1080900.0,13.358493930997183,633169.8122816054,0.414219805456929
T5-E019,warm_oof_extended_huber_max_iter_3000,test_warm,미하엘 콘라즈,9000000.0,15.961481909677618,8550342.5948016,0.049961933910933426
T5-E019,warm_oof_extended_huber_max_iter_3000,test_warm,김주리,20000000.0,16.924578668325868,22400160.194186244,0.1200080097093122
T5-E019,warm_oof_extended_huber_max_iter_3000,test_warm,순이지,500000.0,12.80157605213569,362788.7732959876,0.27442245340802485
T5-E019,warm_oof_extended_huber_max_iter_3000,test_warm,순이지,500000.0,12.80157605213569,362788.7732959876,0.27442245340802485
T5-E019,warm_oof_extended_huber_max_iter_3000,test_warm,순이지,6000000.0,15.312834390994274,4469711.356407981,0.25504810726533644
T5-E019,warm_oof_extended_huber_max_iter_3000,test_warm,아츠시 카가,31605200.0,17.51557822861518,40450041.548093416,0.27985399706673003
T5-E019,warm_oof_extended_huber_max_iter_3000,test_warm,아츠시 카가,179575000.0,20.130365906150246,552722102.5538815,2.0779457193589392
