seed,split,track4_row_id,artist_key
20260518,warm_eval,14,rreonsu choi
20260518,warm_eval,51,e eun seo
20260518,warm_eval,91,jaeho jung
20260518,warm_eval,93,jaeho jung
20260518,warm_eval,490,aira choi
20260518,warm_eval,498,aira choi
20260518,warm_eval,500,eui jin yun
20260518,warm_eval,512,yeongok kim
20260518,warm_eval,550,jinhui lee
20260518,warm_eval,566,yujin l
20260518,warm_eval,656,hyojung kim
20260518,warm_eval,773,hyojung kim
20260518,warm_eval,826,kyong seob lee
20260518,warm_eval,844,kyong seob lee
20260518,warm_eval,1050,kyong seob lee
20260518,warm_eval,1064,yujin l
20260518,warm_eval,1089,hanna jung
20260518,warm_eval,1091,hanna jung
20260518,warm_eval,1122,ryu hoimin
20260518,warm_eval,1177,youngsoo kim
20260518,warm_eval,1180,youngsoo kim
20260518,warm_eval,1187,youngsoo kim
20260518,warm_eval,1216,ryu hoimin
20260518,warm_eval,1269,seirin hyung
20260518,warm_eval,1276,lynn yang
20260518,warm_eval,1325,yongho park
20260518,warm_eval,1430,kim yujun
20260518,warm_eval,1451,seirin hyung
20260518,warm_eval,1510,lynn yang
20260518,warm_eval,1525,donghwi dongza
20260518,warm_eval,2102,kim yujun
20260518,warm_eval,2224,kim yujun
20260518,warm_eval,2233,donghwi dongza
20260518,warm_eval,2257,jiseon han
20260518,warm_eval,2456,seungho jang
20260518,warm_eval,2594,byungjin kim
20260518,warm_eval,2599,byungjin kim
20260518,warm_eval,2676,byungjin kim
20260518,warm_eval,2694,jinhui lee
20260518,warm_eval,2697,mijeong choi
20260518,warm_eval,2721,mijeong choi
20260518,warm_eval,2788,injung kwon
20260518,warm_eval,2866,aeng la
20260518,warm_eval,2876,eui jin yun
20260518,warm_eval,2896,kyoung soo lee
20260518,warm_eval,2923,yongho park
20260518,warm_eval,3006,kyeonghoon oh
20260518,warm_eval,3215,yeongok kim
20260518,warm_eval,3371,jeong ah lim
20260518,warm_eval,3406,yeongok kim
20260518,warm_eval,3635,donghwi dongza
20260518,warm_eval,3644,jeong ah lim
20260518,warm_eval,3697,ryu hoimin
20260518,warm_eval,3793,yeji jun
20260518,warm_eval,3800,yeji jun
20260518,warm_eval,3802,yeji jun
20260518,warm_eval,3829,soyeun park
20260518,warm_eval,3980,jeongwoo kim
20260518,warm_eval,4186,jieun kim
20260518,warm_eval,4192,soyeun park
20260518,warm_eval,4669,taehwa park
20260518,warm_eval,4678,hyeryeon jung
20260518,warm_eval,4705,hyeryeon jung
20260518,warm_eval,5066,won jeong cho
20260518,warm_eval,5095,won jeong cho
20260518,warm_eval,5195,hyewon lee
20260518,warm_eval,5272,hyewon lee
20260518,warm_eval,5446,kyoungwon kim
20260518,warm_eval,5451,kyoungwon kim
20260518,warm_eval,5530,aeng la
20260518,warm_eval,5562,hakyoon choi
20260518,warm_eval,5808,injung kwon
20260518,warm_eval,5818,dongju kim
20260518,warm_eval,5840,jinyi koh
20260518,warm_eval,6009,kyoung soo lee
20260518,warm_eval,6017,jinyi koh
20260518,warm_eval,6054,ransoo kim
20260518,warm_eval,6056,jinyi koh
20260518,warm_eval,6063,nakjin sung
20260518,warm_eval,6215,dongju kim
20260518,warm_eval,6218,dongju kim
20260518,warm_eval,6518,so bac
20260518,warm_eval,6519,so bac
20260518,warm_eval,6696,kyeonghoon oh
20260518,warm_eval,6700,kyeonghoon oh
20260518,warm_eval,6826,eunjoung cho
20260518,warm_eval,6827,eunjoung cho
20260518,warm_eval,6878,eunjoung cho
20260518,warm_eval,6944,oseong lee
20260518,warm_eval,7097,oseong lee
20260518,warm_eval,7232,ransoo kim
20260518,warm_eval,7266,ransoo kim
20260518,warm_eval,7269,hojoon kim
20260518,warm_eval,7363,youngseon you
20260518,warm_eval,7474,rreonsu choi
20260518,warm_eval,7719,youngseon you
20260518,warm_eval,7722,youngseon you
20260518,warm_eval,8153,cheol jin lee
20260518,warm_eval,8156,cheol jin lee
20260518,warm_eval,8236,mihyun kim
20260518,warm_eval,8264,cheol jin lee
20260518,warm_eval,8269,eunbyeol choi
20260518,warm_eval,8329,seo yeongyeong
20260518,warm_eval,8340,jiseon han
20260518,warm_eval,8345,aira choi
20260518,warm_eval,8421,mihyun kim
20260518,warm_eval,8550,jungkum jang
20260518,warm_eval,8552,jungkum jang
20260518,warm_eval,9185,seo yeongyeong
20260518,warm_eval,9309,aeng la
20260518,warm_eval,9343,seungho jang
20260518,warm_eval,9408,saerom jeong
20260518,warm_eval,9421,seungho jang
20260518,warm_eval,9776,saerom jeong
20260518,warm_eval,9876,kangnam cho
20260518,warm_eval,9905,kangnam cho
20260518,warm_eval,10110,yesung and benjamin prevost kim
20260518,warm_eval,10208,e eun seo
20260518,warm_eval,10238,injung kwon
20260518,warm_eval,10470,mihyun kim
20260518,warm_eval,10559,yunjung choi
20260518,warm_eval,10645,e eun seo
20260518,warm_eval,10667,rreonsu choi
20260518,warm_eval,10804,sang oktabu kim
20260518,warm_eval,10838,johnny kim
20260518,warm_eval,11060,seungyoon choi
20260518,warm_eval,11111,seungyoon choi
20260518,warm_eval,11226,choin lim
20260518,warm_eval,11336,johnny kim
20260518,warm_eval,11478,johnny kim
20260518,warm_eval,11569,yunjung choi
20260518,warm_eval,11582,seung yean cho
20260518,warm_eval,11766,yongho park
20260518,warm_eval,11978,seungyoon choi
20260518,warm_eval,12067,jieun kim
20260518,warm_eval,12836,hyeryeon jung
20260518,warm_eval,12848,junesuk park
20260518,warm_eval,12875,chae lee
20260518,warm_eval,13201,choin lim
20260518,warm_eval,13344,hyeong gil choi
20260518,warm_eval,13915,hakyoon choi
20260518,warm_eval,13916,hakyoon choi
20260518,warm_eval,13970,jin taek
20260518,warm_eval,13971,jin taek
20260518,warm_eval,14118,geum sahong
20260518,warm_eval,14284,kyoung soo lee
20260518,warm_eval,14296,lynn yang
20260518,warm_eval,14357,eunbyeol choi
20260518,warm_eval,14397,seo yeongyeong
20260518,warm_eval,14526,eunbyeol choi
20260518,warm_eval,14546,yesung and benjamin prevost kim
20260518,warm_eval,14551,yesung and benjamin prevost kim
20260518,warm_eval,14857,chaeeun nam
20260518,warm_eval,15777,juyoung park
20260518,warm_eval,15842,nakjin sung
20260518,warm_eval,15843,nakjin sung
20260518,warm_eval,15899,leysan khasan
20260518,warm_eval,16191,kangnam cho
20260518,warm_eval,16210,jin taek
20260518,warm_eval,16289,hojoon kim
20260518,warm_eval,16552,soyeun park
20260518,warm_eval,16680,jaeok lee
20260518,warm_eval,16821,sangjun lee
20260518,warm_eval,16823,sangjun lee
20260518,warm_eval,16991,yoomi kim
20260518,warm_eval,17034,il mo jung
20260518,warm_eval,17035,il mo jung
20260518,warm_eval,17043,il mo jung
20260518,warm_eval,17052,jungwoon kim
20260518,warm_eval,17066,jungwoon kim
20260518,warm_eval,17107,chang beom son
20260518,warm_eval,17124,yoomi kim
20260518,warm_eval,17125,yoomi kim
20260518,warm_eval,17136,sabin son
20260518,warm_eval,17272,chang beom son
20260518,warm_eval,17306,hoseong kang
20260518,warm_eval,17307,hoseong kang
20260518,warm_eval,17355,chang beom son
20260518,warm_eval,17480,gunsun kim
20260518,warm_eval,17484,gunsun kim
20260518,warm_eval,17490,gunsun kim
20260518,warm_eval,17552,sang oktabu kim
20260518,warm_eval,17573,chaeeun nam
20260518,warm_eval,17574,chaeeun nam
20260518,warm_eval,17609,sang oktabu kim
20260518,warm_eval,17779,hyeongdae jeong
20260518,warm_eval,17811,hyeongdae jeong
20260518,warm_eval,17847,jung hoon lee
20260518,warm_eval,17868,leysan khasan
20260518,warm_eval,17876,juyoung park
20260518,warm_eval,17882,jung hoon lee
20260518,warm_eval,18024,gallery hexagon
20260518,warm_eval,18026,gallery hexagon
20260518,warm_eval,18080,seung yean cho
20260518,warm_eval,18088,gallery hexagon
20260518,warm_eval,18107,jung hoon lee
20260518,warm_eval,18148,leysan khasan
20260518,warm_eval,18185,sua han
20260518,warm_eval,18230,yunjung choi
20260518,warm_eval,18239,kai jun
20260518,warm_eval,18241,kai jun
20260518,warm_eval,18247,kai jun
20260518,warm_eval,18408,jeong ah lim
20260518,warm_eval,18486,choin lim
20260518,warm_eval,18489,jungwoon kim
20260518,warm_eval,18644,hanlee chae
20260518,warm_eval,18718,gwanhee lee
20260518,warm_eval,18719,gwanhee lee
20260518,warm_eval,18744,kana ji
20260518,warm_eval,18750,kana ji
20260518,warm_eval,18759,kana ji
20260518,warm_eval,18771,chae lee
20260518,warm_eval,18919,young jun han
20260518,warm_eval,18959,seunghan lim
20260518,warm_eval,19029,young jun han
20260518,warm_eval,19038,young jun han
20260518,warm_eval,19221,yang jazoo
20260518,warm_eval,19256,lucy sson
20260518,warm_eval,19378,taehwa park
20260518,warm_eval,19385,동훈 이
20260518,warm_eval,19390,동훈 이
20260518,warm_eval,19391,동훈 이
20260518,warm_eval,19443,seung yean cho
20260518,warm_eval,19450,taehwa park
20260518,warm_eval,19815,kayoung choi
20260518,warm_eval,19818,kayoung choi
20260518,warm_eval,19830,kayoung choi
20260518,warm_eval,19981,isabella ko
20260518,warm_eval,20014,isabella ko
20260518,warm_eval,20044,jeongwoo kim
20260518,warm_eval,20057,sang yeoul kim
20260518,warm_eval,20067,gwanhee lee
20260518,warm_eval,20360,lucy sson
20260518,warm_eval,20528,myoung jo
20260518,warm_eval,20538,glim grim
20260518,warm_eval,20548,glim grim
20260518,warm_eval,20568,won jeong cho
20260518,warm_eval,20698,junesuk park
20260518,warm_eval,21115,myoung jo
20260518,warm_eval,21141,jeongwoo kim
20260518,warm_eval,21189,junesuk park
20260518,warm_eval,21424,hosung lee
20260518,warm_eval,21432,hosung lee
20260518,warm_eval,21438,hosung lee
20260518,warm_eval,21672,yang jazoo
20260518,warm_eval,21758,yejoo lee
20260518,warm_eval,21763,yejoo lee
20260518,warm_eval,21764,yejoo lee
20260518,warm_eval,21877,hojung kim
20260518,warm_eval,21997,hyun chul jung
20260518,warm_eval,22021,euijeong yoo
20260518,warm_eval,22057,song yu jeong
20260518,warm_eval,22155,hyun chul jung
20260518,warm_eval,22167,chanbyul park
20260518,warm_eval,22263,hyun chul jung
20260518,warm_eval,22306,nam young hwa
20260518,warm_eval,22322,nam young hwa
20260518,warm_eval,22323,jung kwangmin
20260518,warm_eval,22342,euijeong yoo
20260518,warm_eval,22393,song yu jeong
20260518,warm_eval,22427,nam young hwa
20260518,warm_eval,22481,euijeong yoo
20260518,warm_eval,22483,bang seokho
20260518,warm_eval,22590,sunrise no9
20260518,warm_eval,22601,jeong jingab
20260518,warm_eval,24460,yoon dong chun
20260518,warm_eval,24471,seongyeon jo
20260518,warm_eval,24577,zenakim 젠아킴
20260518,warm_eval,24731,seongyeon jo
20260518,warm_eval,24786,zenakim 젠아킴
20260518,warm_eval,24787,seongyeon jo
20260518,warm_eval,25249,eun jeong lee
20260518,warm_eval,25261,eun jeong lee
20260518,warm_eval,25263,nam june paik
20260518,warm_eval,25329,lee ufan
20260518,warm_eval,25348,lee ufan
20260518,warm_eval,25469,yeji seok
20260518,warm_eval,25497,hyesung nam
20260518,warm_eval,25553,yeji seok
20260518,warm_eval,25582,yeji seok
20260518,warm_eval,25636,yunju park
20260518,warm_eval,26184,jamsan
20260518,warm_eval,26904,hyewon lee
20260518,warm_eval,26937,han young wook
20260518,warm_eval,26986,han young wook
20260518,warm_eval,27038,yerin shin 신예린
20260518,warm_eval,27152,hyung gil kim
20260518,warm_eval,27207,eun jeong lee
20260518,warm_eval,27221,nam june paik
20260518,warm_eval,27241,lee eu
20260518,warm_eval,27263,nam june paik
20260518,warm_eval,27381,keunjoong kim
20260518,warm_eval,27426,jung kwangmin
20260518,warm_eval,27467,myeong won choi 최명원
20260518,warm_eval,27488,lee eu
20260518,warm_eval,27498,hojung kim
20260518,warm_eval,27578,lee sang sun
20260518,warm_eval,27635,chae jungwan
20260518,warm_eval,27769,miyoun leone
20260518,warm_eval,27796,seung ha
20260518,warm_eval,27819,hwayeon lee
20260518,warm_eval,27861,teo
20260518,warm_eval,27889,myeong won choi 최명원
20260518,warm_eval,27926,kyungme kim 김경미
20260518,warm_eval,27944,somin kim
20260518,warm_eval,27947,lee eu
20260518,warm_eval,27956,lee pearl
20260518,warm_eval,27998,eunha jung 정은하
20260518,warm_eval,28066,dongyoon kang 강동윤
20260518,warm_eval,28078,teo
20260518,warm_eval,28195,kim hong shik
20260518,warm_eval,28201,eunha jung 정은하
20260518,warm_eval,28214,lee sang sun
20260518,warm_eval,28272,keunjoong kim
20260518,warm_eval,28277,suhyun kim 김수현
20260518,warm_eval,28410,sang hoon yang
20260518,warm_eval,28496,kyungme kim 김경미
20260518,warm_eval,28520,hyewook jeong 정혜욱
20260518,warm_eval,28526,heesook han
20260518,warm_eval,28537,nam jeeyeon
20260518,warm_eval,28639,dongyoon kang 강동윤
20260518,warm_eval,28649,chae jungwan
20260518,warm_eval,28688,kyungme kim 김경미
20260518,warm_eval,28708,hyewook jeong 정혜욱
20260518,warm_eval,28808,yunju park
20260518,warm_eval,28833,eunha jung 정은하
20260518,warm_eval,28844,oh wonbae
20260518,warm_eval,28847,heesook han
20260518,warm_eval,28864,nam jeeyeon
20260518,warm_eval,28873,kim hong shik
20260518,warm_eval,28877,lee pearl
20260518,warm_eval,28892,hyewook jeong 정혜욱
20260518,warm_eval,28919,shine l si in yang
20260518,warm_eval,29034,jihoon ha
20260518,warm_eval,29067,lee sang sun
20260518,warm_eval,29110,hee sun kim
20260518,warm_eval,29111,keunjoong kim
20260518,warm_eval,29136,lee pearl
20260518,warm_eval,29171,jaeyoung kang
20260518,warm_eval,29186,yeon do kim
20260518,warm_eval,29289,jaeyoung kang
20260518,warm_eval,29336,jihoon ha
20260518,warm_eval,29364,jung kwangmin
20260518,warm_eval,29494,myeong won choi 최명원
20260518,warm_eval,29502,nam jeeyeon
20260518,warm_eval,29632,hwayeon lee
20260518,warm_eval,29693,seung ha
20260518,warm_eval,29719,doyim kim
20260518,warm_eval,29735,kim kiseok
20260518,warm_eval,29737,jaeyoung kang
20260518,warm_eval,29742,hee sun kim
20260518,warm_eval,29805,sunrise no9
20260518,warm_eval,29817,shine l si in yang
20260518,warm_eval,29936,oh wonbae
20260518,warm_eval,30685,hyung gil kim
20260518,warm_eval,31414,kim hong shik
20260518,warm_eval,33849,lee ufan
20260518,warm_eval,33853,ik soo kaay
20260518,warm_eval,33923,ik soo kaay
20260518,warm_eval,33961,jin seok heo
20260518,warm_eval,33963,jin seok heo
20260518,warm_eval,34038,doyim kim
20260518,warm_eval,35072,seoyoung jo
20260518,warm_eval,35077,seoyoung jo
20260518,warm_eval,35126,jae hyeon kim
20260518,warm_eval,35154,seoyoung jo
20260518,warm_eval,35155,jonghwan jin
20260518,warm_eval,35184,vanessa su
20260518,warm_eval,35229,kim chang young
20260518,warm_eval,35332,yongchul kim b 1982
20260518,warm_eval,35448,yongchul kim b 1982
20260518,warm_eval,35457,kim chang young
20260518,warm_eval,35473,manwook
20260518,warm_eval,35491,han young wook
20260518,warm_eval,35524,vanessa su
20260518,warm_eval,35539,kim kiseok
20260518,warm_eval,35573,jaehyug choi 최재혁
20260518,warm_eval,35580,eun pyo hong
20260518,warm_eval,35608,eun pyo hong
20260518,warm_eval,35632,jong jun kim
20260518,warm_eval,35648,jaehyug choi 최재혁
20260518,warm_eval,35733,jaehyug choi 최재혁
20260518,warm_eval,35940,kim chang young
20260518,warm_eval,35963,min kim
20260518,warm_eval,36031,lee heejung
20260518,warm_eval,36099,oh wonbae
20260518,warm_eval,36131,min kim
20260518,warm_eval,36286,yeonkyung park
20260518,warm_eval,36360,jae hyeon kim
20260518,warm_eval,36510,eun pyo hong
20260518,warm_eval,36659,nam sang woon
20260518,warm_eval,36788,kim kiseok
20260518,warm_eval,36821,lee heejung
20260518,warm_eval,36916,jong jun kim
20260518,warm_eval,36962,byul kim
20260518,warm_eval,37013,byul kim
20260518,warm_eval,37123,namu choi
20260518,warm_eval,37147,sj park
20260518,warm_eval,37154,nam sang woon
20260518,warm_eval,37173,min kim
20260518,warm_eval,37210,lee heejung
20260518,warm_eval,37247,sj park
20260518,warm_eval,37303,namu choi
20260518,warm_eval,37317,manwook
20260518,warm_eval,37352,jae hyeon kim
20260518,warm_eval,37391,nam sang woon
20260518,warm_eval,37424,jong jun kim
20260518,warm_eval,37442,byul kim
20260518,warm_eval,42920,hyunn
20260518,warm_eval,42926,kim hongbin
20260518,warm_eval,43016,hong kyoung tack
20260518,warm_eval,43031,yoo suntai
20260518,warm_eval,43120,hong kyoung tack
20260518,warm_eval,43124,hyunn
20260518,warm_eval,43137,yoo suntai
20260518,warm_eval,43179,hee seon kim
20260518,warm_eval,43197,yoo suntai
20260518,warm_eval,43220,yujin l
20260518,warm_eval,43222,jaehee jang
20260518,warm_eval,43260,hee seon kim
20260518,warm_eval,43268,jeongeun han
20260518,warm_eval,43408,kyoung ha kim
20260518,warm_eval,43643,choi sangchul
20260518,warm_eval,43697,ryu ayoung
20260518,warm_eval,43706,junghwabaek
20260518,warm_eval,43820,jeongeun han
20260518,warm_eval,43838,hyunsook jeoung 정현숙
20260518,warm_eval,43849,kim sunggun
20260518,warm_eval,43920,seol min yi
20260518,warm_eval,43975,zzozzi
20260518,warm_eval,44022,ryu ayoung
20260518,warm_eval,44054,junghwabaek
20260518,warm_eval,44062,seol min yi
20260518,warm_eval,44145,zzozzi
20260518,warm_eval,44175,manwook
20260518,warm_eval,44247,choi sangchul
20260518,warm_eval,44273,kim sunggun
20260518,warm_eval,44352,e sun
20260518,warm_eval,44524,kim sunggun
20260518,warm_eval,44615,yoon dong chun
20260518,warm_eval,44684,chae jungwan
20260518,warm_eval,44708,junghwabaek
20260518,warm_eval,44715,yoon dong chun
20260518,warm_eval,48762,jihoon kim 김지훈
20260518,warm_eval,48827,saewon lee
20260518,warm_eval,48837,saewon lee
20260518,warm_eval,48874,yeon do kim
20260518,warm_eval,49929,sohyun park
20260518,warm_eval,49942,abin koh 고아빈
20260518,warm_eval,49944,abin koh 고아빈
20260518,warm_eval,49950,sun hwa cho
20260518,warm_eval,49958,sohyun park
20260518,warm_eval,49967,abin koh 고아빈
20260518,warm_eval,49984,sohyun park
20260518,warm_eval,49989,sun hwa cho
20260518,warm_eval,50006,sun hwa cho
20260518,warm_eval,50476,vanist
20260518,warm_eval,50520,jaehee jang
20260518,warm_eval,50618,kaia kim
20260518,warm_eval,50637,hyeonji do
20260518,warm_eval,50659,nam kyoung kim
20260518,warm_eval,50671,nam kyoung kim
20260518,warm_eval,50679,nam kyoung kim
20260518,warm_eval,50758,jihoon kim 김지훈
20260518,warm_eval,50759,jihoon kim 김지훈
20260518,warm_eval,50904,jinny suh
20260518,warm_eval,50905,jinny suh
20260518,warm_eval,50957,hyunsook jeoung 정현숙
20260518,warm_eval,50995,jinny suh
20260518,warm_eval,51096,shine l si in yang
20260518,warm_eval,51876,kim hongbin
20260518,warm_eval,51901,kim hongbin
20260518,warm_eval,51932,seokyoung lee
20260518,warm_eval,51952,seokyoung lee
20260518,warm_eval,51966,seokyoung lee
20260518,warm_eval,52101,jamsan
20260518,warm_eval,52118,jamsan
20260518,warm_eval,52550,doyeon gwon
20260518,warm_eval,52556,doyeon gwon
20260518,warm_eval,52564,doyeon gwon
20260518,warm_eval,52668,beom jun
20260518,warm_eval,52670,beom jun
20260518,warm_eval,52676,beom jun
20260518,warm_eval,52717,seonggwang yun
20260518,warm_eval,52719,seonggwang yun
20260518,warm_eval,52720,seonggwang yun
20260518,warm_eval,52752,yeonkyung park
20260518,warm_eval,52798,art jeeno
20260518,warm_eval,52803,art jeeno
20260518,warm_eval,52804,art jeeno
20260518,warm_eval,53002,faozee
20260518,warm_eval,53005,faozee
20260518,warm_eval,53007,faozee
20260518,warm_eval,53139,jieun choi
20260518,warm_eval,53140,jieun choi
20260518,warm_eval,53142,jieun choi
20260518,warm_eval,53336,evi pangestu
20260518,warm_eval,53342,evi pangestu
20260518,warm_eval,53343,evi pangestu
20260518,warm_eval,53413,man seop kim
20260518,warm_eval,53416,man seop kim
20260518,warm_eval,53421,man seop kim
20260518,warm_eval,53495,taesoo lee
20260518,warm_eval,53499,taesoo lee
20260518,warm_eval,53502,taesoo lee
20260518,warm_eval,53543,wal chirachaisakul
20260518,warm_eval,53544,wal chirachaisakul
20260518,warm_eval,53552,wal chirachaisakul
20260518,warm_eval,53641,chang sook young
20260518,warm_eval,53645,chang sook young
20260518,warm_eval,53715,jieun kim
20260518,warm_eval,53877,fr d ric bruly bouabr
20260518,warm_eval,53878,fr d ric bruly bouabr
20260518,warm_eval,53881,sambypen
20260518,warm_eval,53882,sambypen
20260518,warm_eval,53944,phatcharaphan raiva
20260518,warm_eval,53946,phatcharaphan raiva
20260518,warm_eval,54006,doyeon kim
20260518,warm_eval,54008,doyeon kim
20260518,warm_eval,54011,misol lee
20260518,warm_eval,54016,misol lee
20260518,warm_eval,54029,mira park
20260518,warm_eval,54042,jeroz
20260518,warm_eval,54047,yewon seo
20260518,warm_eval,54154,kohei nawa
20260518,warm_eval,54183,nam kim
20260518,warm_eval,54359,jonghwan jin
20260518,warm_eval,54360,jonghwan jin
20260518,warm_eval,54475,mira park
20260518,warm_eval,54614,남석우
20260518,warm_eval,54616,남석우
20260518,warm_eval,54797,필립 티미슐
20260518,warm_eval,54800,필립 티미슐
20260519,warm_eval,98,e eun seo
20260519,warm_eval,122,zeyah ren
20260519,warm_eval,377,jihea yang
20260519,warm_eval,514,yeji lee
20260519,warm_eval,533,hyun jung ji
20260519,warm_eval,535,hyun jung ji
20260519,warm_eval,580,jinhui lee
20260519,warm_eval,610,minhee jung
20260519,warm_eval,614,minhee jung
20260519,warm_eval,857,zeyah ren
20260519,warm_eval,983,sanghee cho
20260519,warm_eval,990,laila lee
20260519,warm_eval,1011,la kitki
20260519,warm_eval,1073,rosa cho
20260519,warm_eval,1089,hanna jung
20260519,warm_eval,1112,laila lee
20260519,warm_eval,1142,youngsoo kim
20260519,warm_eval,1164,laila lee
20260519,warm_eval,1172,youngsoo kim
20260519,warm_eval,1197,youngsoo kim
20260519,warm_eval,1285,kyuri kim
20260519,warm_eval,1288,kyuri kim
20260519,warm_eval,1508,sanghee cho
20260519,warm_eval,2126,rosa cho
20260519,warm_eval,2145,jaehee lee
20260519,warm_eval,2188,kawon oh
20260519,warm_eval,2190,kawon oh
20260519,warm_eval,2220,clara baik
20260519,warm_eval,2486,e eun seo
20260519,warm_eval,2734,daniel kim
20260519,warm_eval,2875,jaehee lee
20260519,warm_eval,3016,daesun choi
20260519,warm_eval,3328,chaeyoon bang
20260519,warm_eval,3557,kyuri kim
20260519,warm_eval,3659,hanji park
20260519,warm_eval,3689,jihea yang
20260519,warm_eval,3748,hye jin stella kim
20260519,warm_eval,3843,hye jin stella kim
20260519,warm_eval,3855,yuui gim
20260519,warm_eval,3903,byeonghee min
20260519,warm_eval,3908,byeonghee min
20260519,warm_eval,4200,bongsook paik
20260519,warm_eval,4202,bongsook paik
20260519,warm_eval,4243,yuui gim
20260519,warm_eval,4601,yeongok kim
20260519,warm_eval,4807,daesun choi
20260519,warm_eval,4905,karis kim
20260519,warm_eval,5290,hanji park
20260519,warm_eval,5301,hanji park
20260519,warm_eval,5424,yeongok kim
20260519,warm_eval,5995,kyoung soo lee
20260519,warm_eval,6008,kyoung soo lee
20260519,warm_eval,6085,dongju kim
20260519,warm_eval,6086,dongju kim
20260519,warm_eval,6132,chaeyoon bang
20260519,warm_eval,6224,dongju kim
20260519,warm_eval,6438,in dongwook
20260519,warm_eval,6440,in dongwook
20260519,warm_eval,6508,sanghee cho
20260519,warm_eval,6517,so bac
20260519,warm_eval,6546,jihae lee
20260519,warm_eval,6659,hye jeon kim
20260519,warm_eval,6827,eunjoung cho
20260519,warm_eval,6832,eunjoung cho
20260519,warm_eval,6906,yeji lee
20260519,warm_eval,6908,yeji lee
20260519,warm_eval,7238,hanna jung
20260519,warm_eval,7304,meeya seo
20260519,warm_eval,7305,meeya seo
20260519,warm_eval,7420,ju hyun you
20260519,warm_eval,7429,ju hyun you
20260519,warm_eval,8067,jihae lee
20260519,warm_eval,9073,rebecca yunjeong lee
20260519,warm_eval,9320,meeya seo
20260519,warm_eval,9359,rebecca yunjeong lee
20260519,warm_eval,9396,ju hyun you
20260519,warm_eval,9458,so bac
20260519,warm_eval,9676,rebecca yunjeong lee
20260519,warm_eval,9766,kyoung soo lee
20260519,warm_eval,9770,young park
20260519,warm_eval,9991,daniel kim
20260519,warm_eval,10109,byeonghee min
20260519,warm_eval,10128,jieun kim
20260519,warm_eval,10132,daniel kim
20260519,warm_eval,10207,e eun seo
20260519,warm_eval,10325,young park
20260519,warm_eval,10428,clara baik
20260519,warm_eval,10438,clara baik
20260519,warm_eval,10764,lim miryang
20260519,warm_eval,10811,hye jin stella kim
20260519,warm_eval,10860,heeju lee
20260519,warm_eval,10982,yoon joo
20260519,warm_eval,11171,nah su
20260519,warm_eval,11559,kim jae hyeon
20260519,warm_eval,11588,lim miryang
20260519,warm_eval,11653,kim jae hyeon
20260519,warm_eval,11669,sang geun cho
20260519,warm_eval,11702,kim jae hyeon
20260519,warm_eval,11751,hye jeon kim
20260519,warm_eval,11836,seunghwan kim
20260519,warm_eval,12065,jieun kim
20260519,warm_eval,12125,chae lee
20260519,warm_eval,12130,seungeun suh
20260519,warm_eval,12163,si hyunkim
20260519,warm_eval,12221,lim miryang
20260519,warm_eval,12525,karis kim
20260519,warm_eval,12741,karis kim
20260519,warm_eval,12789,wonmi seo
20260519,warm_eval,12888,daesun choi
20260519,warm_eval,12920,zinna yoo
20260519,warm_eval,13227,seunghwan kim
20260519,warm_eval,13439,farzana ahmed urmi
20260519,warm_eval,13502,zinna yoo
20260519,warm_eval,14031,hye jeon kim
20260519,warm_eval,14088,geum sahong
20260519,warm_eval,14157,chaeyoon bang
20260519,warm_eval,14245,in dongwook
20260519,warm_eval,14356,yeongok kim
20260519,warm_eval,14502,kawon oh
20260519,warm_eval,14762,yeounwoo yang
20260519,warm_eval,15017,wonmi seo
20260519,warm_eval,15211,seungeun suh
20260519,warm_eval,15277,nah su
20260519,warm_eval,15459,young park
20260519,warm_eval,15638,jihae lee
20260519,warm_eval,15777,juyoung park
20260519,warm_eval,15894,seungeun suh
20260519,warm_eval,16326,la kitki
20260519,warm_eval,16356,nah su
20260519,warm_eval,16406,jinhui lee
20260519,warm_eval,16566,jaehee lee
20260519,warm_eval,16639,heeju lee
20260519,warm_eval,16676,yoon joo
20260519,warm_eval,16680,jaeok lee
20260519,warm_eval,16743,yeounwoo yang
20260519,warm_eval,16754,heeju lee
20260519,warm_eval,16784,minkyung sin
20260519,warm_eval,16785,minkyung sin
20260519,warm_eval,16791,minkyung sin
20260519,warm_eval,16806,kim younggyu
20260519,warm_eval,16830,luke lee
20260519,warm_eval,16838,the jack
20260519,warm_eval,16842,il jung
20260519,warm_eval,16848,the jack
20260519,warm_eval,16849,luke lee
20260519,warm_eval,16856,il jung
20260519,warm_eval,16858,il jung
20260519,warm_eval,16868,gyunghwa roh
20260519,warm_eval,16869,gyunghwa roh
20260519,warm_eval,16878,kim younggyu
20260519,warm_eval,16879,kim younggyu
20260519,warm_eval,16908,keything key
20260519,warm_eval,16912,keything key
20260519,warm_eval,17033,il mo jung
20260519,warm_eval,17035,il mo jung
20260519,warm_eval,17036,il mo jung
20260519,warm_eval,17084,inkyung kwon
20260519,warm_eval,17085,inkyung kwon
20260519,warm_eval,17134,sabin son
20260519,warm_eval,17163,minchae kang
20260519,warm_eval,17165,minchae kang
20260519,warm_eval,17270,chang beom son
20260519,warm_eval,17274,yoon joo
20260519,warm_eval,17340,gyunghwa roh
20260519,warm_eval,17354,chang beom son
20260519,warm_eval,17355,chang beom son
20260519,warm_eval,17359,hana lee
20260519,warm_eval,17360,hana lee
20260519,warm_eval,17544,yuui gim
20260519,warm_eval,17780,sang geun cho
20260519,warm_eval,17820,yehyun lee
20260519,warm_eval,18119,yk jang
20260519,warm_eval,18185,sua han
20260519,warm_eval,18401,hye jeong kang
20260519,warm_eval,18403,hye jeong kang
20260519,warm_eval,18632,hyungjun suh
20260519,warm_eval,18634,hyungjun suh
20260519,warm_eval,18660,hyungjun suh
20260519,warm_eval,18694,inkyung kwon
20260519,warm_eval,18773,chae lee
20260519,warm_eval,19190,sang geun cho
20260519,warm_eval,19437,jieun kim
20260519,warm_eval,19491,seunghwan kim
20260519,warm_eval,19512,minjung lee
20260519,warm_eval,19513,minjung lee
20260519,warm_eval,19516,minjung lee
20260519,warm_eval,19590,si hyunkim
20260519,warm_eval,19600,si hyunkim
20260519,warm_eval,19810,zinna yoo
20260519,warm_eval,19850,yehyun lee
20260519,warm_eval,19968,yang jazoo
20260519,warm_eval,20186,aeran jung
20260519,warm_eval,20188,aeran jung
20260519,warm_eval,20195,aeran jung
20260519,warm_eval,20353,myoung jo
20260519,warm_eval,20537,zinna kim
20260519,warm_eval,20539,glim grim
20260519,warm_eval,20543,zinna kim
20260519,warm_eval,20547,glim grim
20260519,warm_eval,20556,myoung jo
20260519,warm_eval,20560,zinna kim
20260519,warm_eval,20616,juyoung park
20260519,warm_eval,20630,matthew anderson
20260519,warm_eval,20745,matthew anderson
20260519,warm_eval,20746,matthew anderson
20260519,warm_eval,20850,eunjoung cho
20260519,warm_eval,20872,heesu won
20260519,warm_eval,21095,yang jazoo
20260519,warm_eval,21110,farzana ahmed urmi
20260519,warm_eval,21118,farzana ahmed urmi
20260519,warm_eval,21632,jeongkeun nam
20260519,warm_eval,21633,jeongkeun nam
20260519,warm_eval,21643,jeongkeun nam
20260519,warm_eval,21693,heesu won
20260519,warm_eval,21699,heesu won
20260519,warm_eval,21754,yun hee lee
20260519,warm_eval,21790,haneul kim
20260519,warm_eval,21851,daehun kwon
20260519,warm_eval,21857,yun hee lee
20260519,warm_eval,21861,haneul kim
20260519,warm_eval,21862,yun hee lee
20260519,warm_eval,21964,do ha ham
20260519,warm_eval,21975,do ha ham
20260519,warm_eval,21994,seo jiin
20260519,warm_eval,22152,sang su park 박상수
20260519,warm_eval,22190,yoonzoo jung
20260519,warm_eval,22266,bang seokho
20260519,warm_eval,22468,sang su park 박상수
20260519,warm_eval,22549,sang su park 박상수
20260519,warm_eval,22560,do ha ham
20260519,warm_eval,24302,seongyeon jo
20260519,warm_eval,24306,seongyeon jo
20260519,warm_eval,24359,hong ji oh
20260519,warm_eval,24417,beomsik won
20260519,warm_eval,24439,nam jong hyun
20260519,warm_eval,24446,nam jong hyun
20260519,warm_eval,24479,sun jung lee
20260519,warm_eval,24561,seongyeon jo
20260519,warm_eval,24610,beomsik won
20260519,warm_eval,24618,yoonzoo jung
20260519,warm_eval,24654,nam jong hyun
20260519,warm_eval,24687,beomsik won
20260519,warm_eval,24749,hong ji oh
20260519,warm_eval,25193,lee bae
20260519,warm_eval,25265,lee ufan
20260519,warm_eval,25286,lee ufan
20260519,warm_eval,25300,nam june paik
20260519,warm_eval,25325,lee bae
20260519,warm_eval,25387,chung sang hwa
20260519,warm_eval,25569,daehun kwon
20260519,warm_eval,25714,park seo bo
20260519,warm_eval,25718,lee bae
20260519,warm_eval,25758,nam june paik
20260519,warm_eval,25771,donah lee
20260519,warm_eval,25793,donah lee
20260519,warm_eval,26240,jamsan
20260519,warm_eval,26926,park seo bo
20260519,warm_eval,26946,lee ufan
20260519,warm_eval,26966,shin seung hun
20260519,warm_eval,26968,jooyeon oh 오주연
20260519,warm_eval,27020,shin seung hun
20260519,warm_eval,27027,lee
20260519,warm_eval,27277,donah lee 이돈아
20260519,warm_eval,27323,sungeun been 빈성은
20260519,warm_eval,27330,jin woo lee
20260519,warm_eval,27425,jiwoo oh
20260519,warm_eval,27453,weedong yoon b 1982
20260519,warm_eval,27481,jin woo lee
20260519,warm_eval,27501,oh wonbae
20260519,warm_eval,27502,suk chuljoo
20260519,warm_eval,27550,dongyoung kim
20260519,warm_eval,27671,kong mi sook 공미숙
20260519,warm_eval,27690,seo jiin
20260519,warm_eval,27807,park hyung jin b 1974
20260519,warm_eval,27810,hyewook jeong 정혜욱
20260519,warm_eval,27847,seo jiin
20260519,warm_eval,27948,kyumin hwang
20260519,warm_eval,28111,heesook han
20260519,warm_eval,28134,lee kiyoung
20260519,warm_eval,28192,joy rock
20260519,warm_eval,28200,bong kyung kim
20260519,warm_eval,28219,kong mi sook 공미숙
20260519,warm_eval,28254,kong mi sook 공미숙
20260519,warm_eval,28364,yeon yeon jung
20260519,warm_eval,28365,dongyoung kim
20260519,warm_eval,28370,daehun kwon
20260519,warm_eval,28419,jihyung nam
20260519,warm_eval,28497,yelim park
20260519,warm_eval,28526,heesook han
20260519,warm_eval,28529,kyung hyun kim
20260519,warm_eval,28695,yeon yeon jung
20260519,warm_eval,28753,joy rock
20260519,warm_eval,28824,kyung hyun kim
20260519,warm_eval,28828,hee jeong jeong
20260519,warm_eval,28866,oh wonbae
20260519,warm_eval,28901,geonwoo lee
20260519,warm_eval,28911,sundoo kim
20260519,warm_eval,28918,hee jeong jeong
20260519,warm_eval,28926,yeon do kim
20260519,warm_eval,28944,suk chuljoo
20260519,warm_eval,29028,dongyoung kim
20260519,warm_eval,29068,hyewook jeong 정혜욱
20260519,warm_eval,29285,seung ha
20260519,warm_eval,29296,seung ha
20260519,warm_eval,29350,kyung hyun kim
20260519,warm_eval,29447,sungeun been 빈성은
20260519,warm_eval,29458,oh wonbae
20260519,warm_eval,29544,joy rock
20260519,warm_eval,29545,weedong yoon b 1982
20260519,warm_eval,29549,miyoun leone
20260519,warm_eval,29629,yeon yeon jung
20260519,warm_eval,29637,weedong yoon b 1982
20260519,warm_eval,29645,park hyung jin b 1974
20260519,warm_eval,29681,geonwoo lee
20260519,warm_eval,29787,jihyung nam
20260519,warm_eval,29924,hyewook jeong 정혜욱
20260519,warm_eval,33696,eunnim ro
20260519,warm_eval,33752,eun young shin
20260519,warm_eval,33814,park seo bo
20260519,warm_eval,33871,sook ja rho
20260519,warm_eval,33878,sook ja rho
20260519,warm_eval,33920,ewha
20260519,warm_eval,33941,ewha
20260519,warm_eval,33942,pablo daniel
20260519,warm_eval,34022,pablo daniel
20260519,warm_eval,34463,jung sung yoon
20260519,warm_eval,34464,jung sung yoon
20260519,warm_eval,34471,jung sung yoon
20260519,warm_eval,35119,lee kyoungmi
20260519,warm_eval,35170,han young wook
20260519,warm_eval,35187,yeonsoo kim 김연수
20260519,warm_eval,35261,hyung koo kang
20260519,warm_eval,35287,tae ryang lee
20260519,warm_eval,35307,tae ryang lee
20260519,warm_eval,35351,kyumin hwang
20260519,warm_eval,35363,yeonsoo kim 김연수
20260519,warm_eval,35399,hana kim
20260519,warm_eval,35444,kyumin hwang
20260519,warm_eval,35470,yeonsoo kim 김연수
20260519,warm_eval,35553,lee kyoungmi
20260519,warm_eval,35609,kwon hye jo 권혜조
20260519,warm_eval,35635,yoon suk one
20260519,warm_eval,35642,han young wook
20260519,warm_eval,35649,kwon hye jo 권혜조
20260519,warm_eval,35682,hye eun kang
20260519,warm_eval,35785,tae ryang lee
20260519,warm_eval,35829,kim25
20260519,warm_eval,35850,deokhwan yoon
20260519,warm_eval,35882,sejin hong
20260519,warm_eval,35928,yoon suk one
20260519,warm_eval,35960,hye eun kang
20260519,warm_eval,36003,eunchae yi 이은채
20260519,warm_eval,36013,byung kwan kim
20260519,warm_eval,36063,jihyung nam
20260519,warm_eval,36115,jennifer hur
20260519,warm_eval,36167,sejin hong
20260519,warm_eval,36179,hyung koo kang
20260519,warm_eval,36268,deokhwan yoon
20260519,warm_eval,36323,joonhee lee
20260519,warm_eval,36373,park seo yeon
20260519,warm_eval,36415,hyung koo kang
20260519,warm_eval,36448,kwon hye jo 권혜조
20260519,warm_eval,36468,byung kwan kim
20260519,warm_eval,36476,han young wook
20260519,warm_eval,36546,jennifer hur
20260519,warm_eval,36606,eunchae yi 이은채
20260519,warm_eval,36664,deokhwan yoon
20260519,warm_eval,36709,kim25
20260519,warm_eval,36854,in song
20260519,warm_eval,36892,sejin hong
20260519,warm_eval,36991,joonhee lee
20260519,warm_eval,37093,keunhyung park
20260519,warm_eval,37100,keunhyung park
20260519,warm_eval,37234,kim25
20260519,warm_eval,37236,eunchae yi 이은채
20260519,warm_eval,37276,yoon suk one
20260519,warm_eval,37367,in song
20260519,warm_eval,37428,in song
20260519,warm_eval,37446,byung kwan kim
20260519,warm_eval,42675,shin seung hun
20260519,warm_eval,42887,yoo suntai
20260519,warm_eval,42949,yoo suntai
20260519,warm_eval,42982,jeong yeon kim
20260519,warm_eval,43006,lillodoodle
20260519,warm_eval,43103,jeong yeon kim
20260519,warm_eval,43234,bokhyun shin
20260519,warm_eval,43275,kangzi
20260519,warm_eval,43390,lee
20260519,warm_eval,43435,taehoon park
20260519,warm_eval,43457,leegoc
20260519,warm_eval,43502,kangzi
20260519,warm_eval,43515,woo jeong su
20260519,warm_eval,43520,jaehee jang
20260519,warm_eval,43620,kkeu jeokchill
20260519,warm_eval,43683,junghae park
20260519,warm_eval,43716,leegoc
20260519,warm_eval,43760,junghae park
20260519,warm_eval,43795,soo yeon kwon
20260519,warm_eval,43838,hyunsook jeoung 정현숙
20260519,warm_eval,43923,man hee kim
20260519,warm_eval,44011,yoo suntai
20260519,warm_eval,44142,junghae park
20260519,warm_eval,44188,taehoon park
20260519,warm_eval,44203,taehoon park
20260519,warm_eval,44217,kyoung ha kim
20260519,warm_eval,44249,man hee kim
20260519,warm_eval,44331,minzo king
20260519,warm_eval,44354,soo yeon kwon
20260519,warm_eval,44386,eun ee yoon
20260519,warm_eval,44394,jungkee son
20260519,warm_eval,44574,woo jeong su
20260519,warm_eval,44585,noma
20260519,warm_eval,44634,heeseop park 박희섭
20260519,warm_eval,44647,woo jeong su
20260519,warm_eval,44661,heeseop park 박희섭
20260519,warm_eval,44713,eun ee yoon
20260519,warm_eval,44748,soo yeon kwon
20260519,warm_eval,48695,soyoung kwon
20260519,warm_eval,48702,eun young shin
20260519,warm_eval,48713,saewon lee
20260519,warm_eval,48740,yelim park
20260519,warm_eval,48765,kim hyun chul
20260519,warm_eval,48782,soyoung kwon
20260519,warm_eval,48793,yeon do kim
20260519,warm_eval,48800,kim hyun chul
20260519,warm_eval,48803,lee kiyoung
20260519,warm_eval,48817,lee kiyoung
20260519,warm_eval,48824,kim hyun chul
20260519,warm_eval,48827,saewon lee
20260519,warm_eval,48835,sundoo kim
20260519,warm_eval,48871,min kyoungkap
20260519,warm_eval,48898,soyoung kwon
20260519,warm_eval,48905,min kyoungkap
20260519,warm_eval,49420,noma
20260519,warm_eval,49925,man soo lee 이만수
20260519,warm_eval,49949,man soo lee 이만수
20260519,warm_eval,49952,man soo lee 이만수
20260519,warm_eval,49955,sun hwa cho
20260519,warm_eval,49973,sun hwa cho
20260519,warm_eval,49989,sun hwa cho
20260519,warm_eval,50070,sundoo kim
20260519,warm_eval,50472,jaehee jang
20260519,warm_eval,50498,bokhyun shin
20260519,warm_eval,50513,shin sun mi
20260519,warm_eval,50573,lillodoodle
20260519,warm_eval,50603,hae lyn hwang
20260519,warm_eval,50604,hae lyn hwang
20260519,warm_eval,50652,cha hanbyul
20260519,warm_eval,50656,cha hanbyul
20260519,warm_eval,50715,shin sun mi
20260519,warm_eval,50957,hyunsook jeoung 정현숙
20260519,warm_eval,51042,minzo king
20260519,warm_eval,51098,minzo king
20260519,warm_eval,51345,rahm parc
20260519,warm_eval,51346,rahm parc
20260519,warm_eval,51399,nam june paik
20260519,warm_eval,51465,yelim park
20260519,warm_eval,51949,seokyoung lee
20260519,warm_eval,51950,seokyoung lee
20260519,warm_eval,51974,seokyoung lee
20260519,warm_eval,52108,jamsan
20260519,warm_eval,52121,jamsan
20260519,warm_eval,52389,jaebum joo
20260519,warm_eval,52392,jaebum joo
20260519,warm_eval,52690,david surman
20260519,warm_eval,52694,david surman
20260519,warm_eval,52699,david surman
20260519,warm_eval,52780,jihye a
20260519,warm_eval,52781,jihye a
20260519,warm_eval,52787,jihye a
20260519,warm_eval,52803,art jeeno
20260519,warm_eval,52804,art jeeno
20260519,warm_eval,52805,art jeeno
20260519,warm_eval,52899,jung hwan young
20260519,warm_eval,52901,jung hwan young
20260519,warm_eval,52903,jung hwan young
20260519,warm_eval,52973,08am
20260519,warm_eval,52978,08am
20260519,warm_eval,52980,08am
20260519,warm_eval,53009,jaewon jung
20260519,warm_eval,53012,jaewon jung
20260519,warm_eval,53023,jaewon jung
20260519,warm_eval,53062,junmin shin
20260519,warm_eval,53065,junmin shin
20260519,warm_eval,53071,junmin shin
20260519,warm_eval,53130,jieun choi
20260519,warm_eval,53138,jieun choi
20260519,warm_eval,53139,jieun choi
20260519,warm_eval,53239,seonghwa hong
20260519,warm_eval,53244,seonghwa hong
20260519,warm_eval,53246,seonghwa hong
20260519,warm_eval,53335,evi pangestu
20260519,warm_eval,53339,evi pangestu
20260519,warm_eval,53340,evi pangestu
20260519,warm_eval,53430,moonhee cho
20260519,warm_eval,53432,moonhee cho
20260519,warm_eval,53434,moonhee cho
20260519,warm_eval,53439,tomotoshi hoshino
20260519,warm_eval,53443,tomotoshi hoshino
20260519,warm_eval,53446,tomotoshi hoshino
20260519,warm_eval,53474,kijeong kim
20260519,warm_eval,53481,kijeong kim
20260519,warm_eval,53484,kijeong kim
20260519,warm_eval,53534,youjeong kang
20260519,warm_eval,53539,youjeong kang
20260519,warm_eval,53540,youjeong kang
20260519,warm_eval,53565,nature haan
20260519,warm_eval,53567,nature haan
20260519,warm_eval,53572,nature haan
20260519,warm_eval,53617,sim jaewon
20260519,warm_eval,53619,sim jaewon
20260519,warm_eval,53623,sim jaewon
20260519,warm_eval,53705,jungkee son
20260519,warm_eval,53712,jungkee son
20260519,warm_eval,53748,lim jimin
20260519,warm_eval,53754,lim jimin
20260519,warm_eval,53787,seokwoo chung
20260519,warm_eval,53788,seokwoo chung
20260519,warm_eval,53897,alex cho
20260519,warm_eval,53899,alex cho
20260519,warm_eval,53902,glen wilson
20260519,warm_eval,53907,glen wilson
20260519,warm_eval,53944,phatcharaphan raiva
20260519,warm_eval,53946,phatcharaphan raiva
20260519,warm_eval,53982,hyun jung ahn
20260519,warm_eval,53986,hyun jung ahn
20260519,warm_eval,53999,hee myoung lee
20260519,warm_eval,54000,hee myoung lee
20260519,warm_eval,54011,misol lee
20260519,warm_eval,54012,misol lee
20260519,warm_eval,54158,hyunho lee
20260519,warm_eval,54191,hayato machida
20260519,warm_eval,54198,wonmi seo
20260519,warm_eval,54589,코린 폰 레부자
20260519,warm_eval,54594,코린 폰 레부자
20260519,warm_eval,54612,남석우
20260519,warm_eval,54613,남석우
20260520,warm_eval,14,rreonsu choi
20260520,warm_eval,20,wondeuk cho
20260520,warm_eval,68,eun hye seo
20260520,warm_eval,128,nahwoe park
20260520,warm_eval,140,nahwoe park
20260520,warm_eval,536,hyun jung ji
20260520,warm_eval,606,minhee jung
20260520,warm_eval,608,minhee jung
20260520,warm_eval,900,noel park
20260520,warm_eval,953,kang zi
20260520,warm_eval,997,kang zi
20260520,warm_eval,1013,kang zi
20260520,warm_eval,1560,jennifer lee
20260520,warm_eval,1695,shiny park
20260520,warm_eval,2186,zinna yoo
20260520,warm_eval,2302,noel park
20260520,warm_eval,2373,yemi kim
20260520,warm_eval,2380,yemi kim
20260520,warm_eval,2462,jun hee lee
20260520,warm_eval,2758,heaja kim
20260520,warm_eval,2841,eunjung park
20260520,warm_eval,3027,jennifer lee
20260520,warm_eval,3280,denis lee
20260520,warm_eval,3325,eun hye seo
20260520,warm_eval,3404,bongsook paik
20260520,warm_eval,3586,jaehee yoo
20260520,warm_eval,3663,sangwon chun
20260520,warm_eval,3683,aeran jang
20260520,warm_eval,3751,young sung kim
20260520,warm_eval,3874,lee ji hyun
20260520,warm_eval,4112,hyunjung kim
20260520,warm_eval,4113,hyunjung kim
20260520,warm_eval,4200,bongsook paik
20260520,warm_eval,4207,jiyoung hong
20260520,warm_eval,4608,jiyoung hong
20260520,warm_eval,4912,jaehee yoo
20260520,warm_eval,4971,jihee yoo
20260520,warm_eval,5133,hyunseok cho
20260520,warm_eval,5190,youngjin jun
20260520,warm_eval,5383,molly kim
20260520,warm_eval,5432,kyunghee cho
20260520,warm_eval,5445,kyoungwon kim
20260520,warm_eval,5448,kyoungwon kim
20260520,warm_eval,5521,jennifer lee
20260520,warm_eval,5641,kyunghee cho
20260520,warm_eval,5785,eunah cho
20260520,warm_eval,5787,eunah cho
20260520,warm_eval,5849,eury kim
20260520,warm_eval,5852,youngjin jun
20260520,warm_eval,5965,heaja kim
20260520,warm_eval,6016,jinyi koh
20260520,warm_eval,6073,jinyi koh
20260520,warm_eval,6109,karis kim
20260520,warm_eval,6278,shiny park
20260520,warm_eval,6337,denis lee
20260520,warm_eval,6421,song lee
20260520,warm_eval,6435,noel park
20260520,warm_eval,6712,sunsook hur
20260520,warm_eval,6713,sunsook hur
20260520,warm_eval,6720,sunsook hur
20260520,warm_eval,6782,heaja kim
20260520,warm_eval,6822,yeji lee
20260520,warm_eval,6909,yeji lee
20260520,warm_eval,7041,seokgyeom kim
20260520,warm_eval,7126,kyunghee cho
20260520,warm_eval,7240,hakyoon choi
20260520,warm_eval,7289,eunah cho
20260520,warm_eval,7316,chaesun kim
20260520,warm_eval,7317,chaesun kim
20260520,warm_eval,7332,chaesun kim
20260520,warm_eval,7387,denis lee
20260520,warm_eval,7474,rreonsu choi
20260520,warm_eval,7658,lee ji hyun
20260520,warm_eval,7714,hyunjung kim
20260520,warm_eval,7785,molly kim
20260520,warm_eval,7790,molly kim
20260520,warm_eval,7956,jineui heo
20260520,warm_eval,8072,jaehee yoo
20260520,warm_eval,8293,sangwon chun
20260520,warm_eval,8520,jinyi koh
20260520,warm_eval,8543,jineui heo
20260520,warm_eval,8552,jungkum jang
20260520,warm_eval,8553,jungkum jang
20260520,warm_eval,9322,aeran jang
20260520,warm_eval,9351,seungho jang
20260520,warm_eval,9354,seungho jang
20260520,warm_eval,9387,jun hee lee
20260520,warm_eval,9423,jisong yang
20260520,warm_eval,9446,jisong yang
20260520,warm_eval,9459,seungho jang
20260520,warm_eval,9473,shiny park
20260520,warm_eval,9500,hyun jung ji
20260520,warm_eval,9576,jungwan chae
20260520,warm_eval,9968,aeran jang
20260520,warm_eval,9970,yeji lee
20260520,warm_eval,9982,jun hee lee
20260520,warm_eval,10054,yesung and benjamin prevost kim
20260520,warm_eval,10071,yesung and benjamin prevost kim
20260520,warm_eval,10136,yesung and benjamin prevost kim
20260520,warm_eval,10214,eun hye seo
20260520,warm_eval,10488,jisup kim
20260520,warm_eval,10529,wondeuk cho
20260520,warm_eval,10568,young sung kim
20260520,warm_eval,10603,young sung kim
20260520,warm_eval,10655,wondeuk cho
20260520,warm_eval,10724,hye na kim
20260520,warm_eval,10728,hye na kim
20260520,warm_eval,10870,yoon joo
20260520,warm_eval,10912,seungyoon choi
20260520,warm_eval,11033,seungyoon choi
20260520,warm_eval,11066,seungyoon choi
20260520,warm_eval,11190,choin lim
20260520,warm_eval,11257,lookha bark
20260520,warm_eval,11325,jeong ah lim
20260520,warm_eval,11381,yongho park
20260520,warm_eval,11414,jenny seongryung lee
20260520,warm_eval,11451,choin lim
20260520,warm_eval,11710,bae jonghun
20260520,warm_eval,11804,seunghwan kim
20260520,warm_eval,12077,yongho park
20260520,warm_eval,12168,si hyunkim
20260520,warm_eval,12365,jaewon choi
20260520,warm_eval,12747,karis kim
20260520,warm_eval,12811,zinna kim
20260520,warm_eval,12856,jisup kim
20260520,warm_eval,12997,jungwan chae
20260520,warm_eval,13114,jaewon choi
20260520,warm_eval,13224,karis kim
20260520,warm_eval,13252,bae jonghun
20260520,warm_eval,13307,jisup kim
20260520,warm_eval,13514,zinna yoo
20260520,warm_eval,13568,yoon joo
20260520,warm_eval,13575,jungsook ahn
20260520,warm_eval,13635,zinna yoo
20260520,warm_eval,13700,jihee yoo
20260520,warm_eval,13915,hakyoon choi
20260520,warm_eval,13917,hakyoon choi
20260520,warm_eval,13962,jihee yoo
20260520,warm_eval,14016,hyunseok cho
20260520,warm_eval,14017,hyunseok cho
20260520,warm_eval,14406,yongho park
20260520,warm_eval,14508,sangwon chun
20260520,warm_eval,14543,rreonsu choi
20260520,warm_eval,14837,lee ji hyun
20260520,warm_eval,14852,jeong ah lim
20260520,warm_eval,14964,seunghwan kim
20260520,warm_eval,15102,eury kim
20260520,warm_eval,15194,eury kim
20260520,warm_eval,15215,seungeun suh
20260520,warm_eval,15222,seungeun suh
20260520,warm_eval,15500,jineui heo
20260520,warm_eval,15703,seungeun suh
20260520,warm_eval,15876,lookha bark
20260520,warm_eval,16030,hyung seok choi
20260520,warm_eval,16098,seunghwan kim
20260520,warm_eval,16142,jiyoung hong
20260520,warm_eval,16655,song lee
20260520,warm_eval,16742,yeounwoo yang
20260520,warm_eval,16744,yeounwoo yang
20260520,warm_eval,16762,tommy seo
20260520,warm_eval,17164,minchae kang
20260520,warm_eval,17172,minchae kang
20260520,warm_eval,17239,johnny kim
20260520,warm_eval,17278,johnny kim
20260520,warm_eval,17369,yoon a kim
20260520,warm_eval,17378,yoon a kim
20260520,warm_eval,17381,yoon a kim
20260520,warm_eval,17477,yoon joo
20260520,warm_eval,17479,gunsun kim
20260520,warm_eval,17482,gunsun kim
20260520,warm_eval,17488,gunsun kim
20260520,warm_eval,17639,lookha bark
20260520,warm_eval,17752,jeong ah lim
20260520,warm_eval,17825,mori ju
20260520,warm_eval,17827,mori ju
20260520,warm_eval,17831,mori ju
20260520,warm_eval,17837,jung hoon lee
20260520,warm_eval,17841,jung hoon lee
20260520,warm_eval,17866,naru h
20260520,warm_eval,17952,ej koh
20260520,warm_eval,17971,naru h
20260520,warm_eval,17983,jenny seongryung lee
20260520,warm_eval,17991,jenny seongryung lee
20260520,warm_eval,18109,jung hoon lee
20260520,warm_eval,18368,huieun oh
20260520,warm_eval,18377,s meya
20260520,warm_eval,18414,song lee
20260520,warm_eval,18475,juna lee
20260520,warm_eval,18514,tommy seo
20260520,warm_eval,18697,huieun oh
20260520,warm_eval,18698,jaeho park
20260520,warm_eval,18915,tommy seo
20260520,warm_eval,18998,youngjin jun
20260520,warm_eval,19266,hyung seok choi
20260520,warm_eval,19321,johnny kim
20260520,warm_eval,19363,s meya
20260520,warm_eval,19385,동훈 이
20260520,warm_eval,19389,동훈 이
20260520,warm_eval,19397,동훈 이
20260520,warm_eval,19468,juna lee
20260520,warm_eval,19469,juna lee
20260520,warm_eval,19514,theyoohwa korea
20260520,warm_eval,19560,jaeho park
20260520,warm_eval,19576,si hyunkim
20260520,warm_eval,19601,si hyunkim
20260520,warm_eval,19634,jungsook ahn
20260520,warm_eval,19636,bae jonghun
20260520,warm_eval,19661,jungsook ahn
20260520,warm_eval,19662,theyoohwa korea
20260520,warm_eval,19899,youngkyoung tak
20260520,warm_eval,19907,youngkyoung tak
20260520,warm_eval,19981,isabella ko
20260520,warm_eval,20007,isabella ko
20260520,warm_eval,20046,jeongwoo kim
20260520,warm_eval,20047,jeongwoo kim
20260520,warm_eval,20533,zinna kim
20260520,warm_eval,20544,zinna kim
20260520,warm_eval,20772,yewon choi
20260520,warm_eval,20773,yewon choi
20260520,warm_eval,21141,jeongwoo kim
20260520,warm_eval,21178,ej koh
20260520,warm_eval,21179,ej koh
20260520,warm_eval,21220,aanggel tim
20260520,warm_eval,21235,aanggel tim
20260520,warm_eval,21393,choin lim
20260520,warm_eval,21524,baek sungdae
20260520,warm_eval,21531,baek sungdae
20260520,warm_eval,21710,baek sungdae
20260520,warm_eval,21718,adam strandt
20260520,warm_eval,21725,bang soyun
20260520,warm_eval,21772,gyu kim
20260520,warm_eval,21790,haneul kim
20260520,warm_eval,21829,haneul kim
20260520,warm_eval,21914,gyu kim
20260520,warm_eval,21945,seongbin gam
20260520,warm_eval,22102,jongbin lee 이종빈
20260520,warm_eval,22149,hyunmin wang
20260520,warm_eval,22172,ju dong yoon
20260520,warm_eval,22176,songfeel 송필
20260520,warm_eval,22221,geon u cha
20260520,warm_eval,22236,seongbin gam
20260520,warm_eval,22291,seungwon yang
20260520,warm_eval,22311,jongbin lee 이종빈
20260520,warm_eval,22345,yoon junghee
20260520,warm_eval,22415,gyu kim
20260520,warm_eval,22430,ju dong yoon
20260520,warm_eval,22446,yongju jang
20260520,warm_eval,22510,jongbin lee 이종빈
20260520,warm_eval,22553,yongju jang
20260520,warm_eval,22582,seungwon yang
20260520,warm_eval,22587,songfeel 송필
20260520,warm_eval,23391,choi eun hyea
20260520,warm_eval,24281,beomsik won
20260520,warm_eval,24331,beomsik won
20260520,warm_eval,24687,beomsik won
20260520,warm_eval,25198,park seo bo
20260520,warm_eval,25412,ji hun choi
20260520,warm_eval,25602,heya
20260520,warm_eval,25640,heya
20260520,warm_eval,25751,donah lee
20260520,warm_eval,25784,ji hun choi
20260520,warm_eval,25808,donah lee
20260520,warm_eval,26112,kim soo young
20260520,warm_eval,26956,jeongeun han
20260520,warm_eval,27031,park seo bo
20260520,warm_eval,27033,yoo mi seon
20260520,warm_eval,27056,park young hak
20260520,warm_eval,27099,park seo bo
20260520,warm_eval,27138,byung wang cho
20260520,warm_eval,27149,ho tae jeon
20260520,warm_eval,27275,evan 최석현
20260520,warm_eval,27370,maeng eun hee
20260520,warm_eval,27384,woo byoung yun
20260520,warm_eval,27402,donah lee 이돈아
20260520,warm_eval,27479,seo gi hwan 서기환
20260520,warm_eval,27510,yuseong choe
20260520,warm_eval,27561,lee sang sun
20260520,warm_eval,27611,hyunjung park
20260520,warm_eval,27733,doyeon kim 김도연
20260520,warm_eval,27738,yoo mi seon
20260520,warm_eval,27812,woo byoung yun
20260520,warm_eval,27886,seo gi hwan 서기환
20260520,warm_eval,27929,lee in seob
20260520,warm_eval,27975,bong kyoung kim
20260520,warm_eval,28175,evan 최석현
20260520,warm_eval,28192,joy rock
20260520,warm_eval,28240,yoo mi seon
20260520,warm_eval,28405,siyoung yang
20260520,warm_eval,28558,park kyoungho
20260520,warm_eval,28568,doyeon kim 김도연
20260520,warm_eval,28639,dongyoon kang 강동윤
20260520,warm_eval,28672,lee in seob
20260520,warm_eval,28697,kyunghee seo
20260520,warm_eval,28753,joy rock
20260520,warm_eval,28816,joy rock
20260520,warm_eval,28878,bae joon sung
20260520,warm_eval,28918,hee jeong jeong
20260520,warm_eval,28923,yoon junghee
20260520,warm_eval,28980,hwi kim
20260520,warm_eval,29047,nahwoe park
20260520,warm_eval,29115,dongyoon kang 강동윤
20260520,warm_eval,29160,siyoung yang
20260520,warm_eval,29165,yuseong choe
20260520,warm_eval,29179,lee sang sun
20260520,warm_eval,29250,geon u cha
20260520,warm_eval,29259,bae joon sung
20260520,warm_eval,29346,lee sang sun
20260520,warm_eval,29393,lee in seob
20260520,warm_eval,29505,evan 최석현
20260520,warm_eval,29549,miyoun leone
20260520,warm_eval,29609,kyunghee seo
20260520,warm_eval,29718,hwi kim
20260520,warm_eval,29848,hee jeong jeong
20260520,warm_eval,29851,moah son 손모아
20260520,warm_eval,29853,yoon junghee
20260520,warm_eval,29879,doyeon kim 김도연
20260520,warm_eval,29938,maeng eun hee
20260520,warm_eval,31007,rimm chae
20260520,warm_eval,33416,ju dong yoon
20260520,warm_eval,33450,sylbee kim
20260520,warm_eval,33453,sylbee kim
20260520,warm_eval,33581,choi eun hyea
20260520,warm_eval,33691,kim soo young
20260520,warm_eval,33756,kim soo young
20260520,warm_eval,33826,sook ja rho
20260520,warm_eval,33878,sook ja rho
20260520,warm_eval,33882,park young hak
20260520,warm_eval,33898,pablo daniel
20260520,warm_eval,33918,park young hak
20260520,warm_eval,33921,pablo daniel
20260520,warm_eval,34002,momo kim
20260520,warm_eval,34012,momo kim
20260520,warm_eval,35155,jonghwan jin
20260520,warm_eval,35166,hyojun kim
20260520,warm_eval,35189,bang soyun
20260520,warm_eval,35210,jonghwan jin
20260520,warm_eval,35246,hyojun kim
20260520,warm_eval,35260,jonghwan jin
20260520,warm_eval,35285,hyung koo kang
20260520,warm_eval,35287,tae ryang lee
20260520,warm_eval,35357,tae ryang lee
20260520,warm_eval,35400,jae hyeon kim
20260520,warm_eval,35540,suh yongsun
20260520,warm_eval,35568,minyoung kim
20260520,warm_eval,35585,hwang hosuk 황호석
20260520,warm_eval,35589,ji eun park
20260520,warm_eval,35629,noori noh
20260520,warm_eval,35662,byung wang cho
20260520,warm_eval,35743,moah son 손모아
20260520,warm_eval,35785,tae ryang lee
20260520,warm_eval,35790,sumin park 박수민
20260520,warm_eval,35813,seongbin gam
20260520,warm_eval,35841,jae hyeon kim
20260520,warm_eval,36055,eunjin kim 김은진
20260520,warm_eval,36085,hyung koo kang
20260520,warm_eval,36088,kee tae kim
20260520,warm_eval,36164,byung wang cho
20260520,warm_eval,36174,byung kwan kim
20260520,warm_eval,36216,eun pyo hong
20260520,warm_eval,36248,choi eun hyea
20260520,warm_eval,36335,namu choi b 1978
20260520,warm_eval,36364,hwang hosuk 황호석
20260520,warm_eval,36370,suzy yoo
20260520,warm_eval,36443,namu choi b 1978
20260520,warm_eval,36513,hyojun kim
20260520,warm_eval,36518,junyoung kang
20260520,warm_eval,36561,kapim lee 이갑임
20260520,warm_eval,36638,eun pyo hong
20260520,warm_eval,36639,noori noh
20260520,warm_eval,36739,suzy yoo
20260520,warm_eval,36765,yunseob kim
20260520,warm_eval,36796,joonhee lee
20260520,warm_eval,36833,kee tae kim
20260520,warm_eval,36838,kapim lee 이갑임
20260520,warm_eval,36866,hyun jung kim
20260520,warm_eval,36882,eun pyo hong
20260520,warm_eval,36895,jin kim
20260520,warm_eval,36898,kapim lee 이갑임
20260520,warm_eval,36904,yunseob kim
20260520,warm_eval,36912,eunjin kim 김은진
20260520,warm_eval,36925,jin kim
20260520,warm_eval,36982,namu choi b 1978
20260520,warm_eval,36991,joonhee lee
20260520,warm_eval,37036,kee tae kim
20260520,warm_eval,37038,hyun jung kim
20260520,warm_eval,37202,jae hyeon kim
20260520,warm_eval,37254,byung kwan kim
20260520,warm_eval,37293,suzy yoo
20260520,warm_eval,37324,hyung koo kang
20260520,warm_eval,37354,jin kim
20260520,warm_eval,37479,hwang hosuk 황호석
20260520,warm_eval,37485,byung kwan kim
20260520,warm_eval,37514,hyun jung kim
20260520,warm_eval,42692,hong kyoung tack
20260520,warm_eval,42875,bang soyun
20260520,warm_eval,42914,suh yongsun
20260520,warm_eval,43016,hong kyoung tack
20260520,warm_eval,43132,eunjung park
20260520,warm_eval,43179,hee seon kim
20260520,warm_eval,43200,eunjung park
20260520,warm_eval,43240,youngjin jun 전영진
20260520,warm_eval,43369,jeongeun han
20260520,warm_eval,43535,shim bongmin
20260520,warm_eval,43609,lee eunkyong 이은경
20260520,warm_eval,43620,kkeu jeokchill
20260520,warm_eval,43652,minsong kim
20260520,warm_eval,43732,siyoung yang
20260520,warm_eval,43884,shim bongmin
20260520,warm_eval,43905,dongwook kim
20260520,warm_eval,43913,haesun choe
20260520,warm_eval,43915,lee eunkyong 이은경
20260520,warm_eval,43937,hee seon kim
20260520,warm_eval,43991,shim bongmin
20260520,warm_eval,43995,suh yongsun
20260520,warm_eval,44096,minsong kim
20260520,warm_eval,44101,jason ha
20260520,warm_eval,44138,dongwook kim
20260520,warm_eval,44168,minsong kim
20260520,warm_eval,44180,jason ha
20260520,warm_eval,44221,youngjin jun 전영진
20260520,warm_eval,44307,park kyoungho
20260520,warm_eval,44325,jungwan chae
20260520,warm_eval,44390,park kyoungho
20260520,warm_eval,48850,min kyoungkap
20260520,warm_eval,48905,min kyoungkap
20260520,warm_eval,49417,momo kim
20260520,warm_eval,49950,sun hwa cho
20260520,warm_eval,49959,koo ja hyun
20260520,warm_eval,49970,koo ja hyun
20260520,warm_eval,50010,sun hwa cho
20260520,warm_eval,50049,sun hwa cho
20260520,warm_eval,50082,bong kyoung kim
20260520,warm_eval,50092,young lee
20260520,warm_eval,50101,haesun choe
20260520,warm_eval,50357,seo gi hwan 서기환
20260520,warm_eval,50511,shin sun mi
20260520,warm_eval,50544,stella park
20260520,warm_eval,50548,stella park
20260520,warm_eval,50572,youngjin jun 전영진
20260520,warm_eval,50578,kyunghwa park
20260520,warm_eval,50581,kyunghwa park
20260520,warm_eval,50715,shin sun mi
20260520,warm_eval,50726,koo ja hyun
20260520,warm_eval,50751,hyungjin park
20260520,warm_eval,50752,hyungjin park
20260520,warm_eval,50954,bae joon sung
20260520,warm_eval,51404,ji young
20260520,warm_eval,51405,ji young
20260520,warm_eval,51733,hyunmin wang
20260520,warm_eval,52276,park sangnam
20260520,warm_eval,52304,park sangnam
20260520,warm_eval,52309,park sangnam
20260520,warm_eval,52337,diego rodarte
20260520,warm_eval,52343,diego rodarte
20260520,warm_eval,52368,diego rodarte
20260520,warm_eval,52478,jiyoon kim
20260520,warm_eval,52494,jiyoon kim
20260520,warm_eval,52498,jiyoon kim
20260520,warm_eval,52562,doyeon gwon
20260520,warm_eval,52565,doyeon gwon
20260520,warm_eval,52573,doyeon gwon
20260520,warm_eval,52584,rimm chae
20260520,warm_eval,52595,rimm chae
20260520,warm_eval,52727,sangun ho
20260520,warm_eval,52728,sangun ho
20260520,warm_eval,52742,sangun ho
20260520,warm_eval,52779,jihye a
20260520,warm_eval,52788,jihye a
20260520,warm_eval,52795,jihye a
20260520,warm_eval,52877,song e yoon
20260520,warm_eval,52883,song e yoon
20260520,warm_eval,52886,song e yoon
20260520,warm_eval,52933,hyunjung park
20260520,warm_eval,52935,hyunjung park
20260520,warm_eval,53045,chonnapas yokyai
20260520,warm_eval,53047,chonnapas yokyai
20260520,warm_eval,53048,chonnapas yokyai
20260520,warm_eval,53096,samuel almansa
20260520,warm_eval,53100,samuel almansa
20260520,warm_eval,53101,samuel almansa
20260520,warm_eval,53247,changyeol gu
20260520,warm_eval,53252,changyeol gu
20260520,warm_eval,53255,changyeol gu
20260520,warm_eval,53338,evi pangestu
20260520,warm_eval,53339,evi pangestu
20260520,warm_eval,53344,evi pangestu
20260520,warm_eval,53352,byungho lee
20260520,warm_eval,53354,byungho lee
20260520,warm_eval,53355,byungho lee
20260520,warm_eval,53389,leeeu
20260520,warm_eval,53391,leeeu
20260520,warm_eval,53415,man seop kim
20260520,warm_eval,53417,man seop kim
20260520,warm_eval,53419,man seop kim
20260520,warm_eval,53424,moonhee cho
20260520,warm_eval,53432,moonhee cho
20260520,warm_eval,53433,moonhee cho
20260520,warm_eval,53464,duenchayphoochana phooprasert
20260520,warm_eval,53468,duenchayphoochana phooprasert
20260520,warm_eval,53470,duenchayphoochana phooprasert
20260520,warm_eval,53501,taesoo lee
20260520,warm_eval,53502,taesoo lee
20260520,warm_eval,53507,taesoo lee
20260520,warm_eval,53514,kim yong ik
20260520,warm_eval,53516,kim yong ik
20260520,warm_eval,53532,youjeong kang
20260520,warm_eval,53533,youjeong kang
20260520,warm_eval,53534,youjeong kang
20260520,warm_eval,53607,sanggyun lee
20260520,warm_eval,53609,sanggyun lee
20260520,warm_eval,53617,sim jaewon
20260520,warm_eval,53622,sim jaewon
20260520,warm_eval,53625,sim jaewon
20260520,warm_eval,53678,haeeun hong
20260520,warm_eval,53680,haeeun hong
20260520,warm_eval,53722,seungwon yang
20260520,warm_eval,53757,jeongwoong lee
20260520,warm_eval,53761,jeongwoong lee
20260520,warm_eval,53764,jeongwoong lee
20260520,warm_eval,53783,seokwoo chung
20260520,warm_eval,53788,seokwoo chung
20260520,warm_eval,53800,yunseob kim
20260520,warm_eval,53888,kim jeongyeon
20260520,warm_eval,53892,kim jeongyeon
20260520,warm_eval,53896,alex cho
20260520,warm_eval,53901,alex cho
20260520,warm_eval,53935,annette hur
20260520,warm_eval,53940,annette hur
20260520,warm_eval,53944,phatcharaphan raiva
20260520,warm_eval,53945,phatcharaphan raiva
20260520,warm_eval,53957,seo yeon
20260520,warm_eval,53958,seo yeon
20260520,warm_eval,53963,taein yun
20260520,warm_eval,53964,taein yun
20260520,warm_eval,53989,hwasu yoo
20260520,warm_eval,53990,hwasu yoo
20260520,warm_eval,54023,joshua kane gomes
20260520,warm_eval,54025,joshua kane gomes
20260520,warm_eval,54143,weedong yoon
20260520,warm_eval,54168,jo jae
20260520,warm_eval,54583,미하엘 콘라즈
20260520,warm_eval,54626,이시현
20260520,warm_eval,54627,이시현
20260520,warm_eval,54645,순이지
20260520,warm_eval,54647,순이지
20260520,warm_eval,54656,순이지
20260520,warm_eval,54663,z t 응우옌
20260520,warm_eval,54670,z t 응우옌
20260520,warm_eval,54692,정수정
20260520,warm_eval,54697,정수정
20260521,warm_eval,233,eun hye seo
20260521,warm_eval,280,hyesoo han
20260521,warm_eval,480,hakyoon choi
20260521,warm_eval,523,valeriia kapitulska park lia
20260521,warm_eval,528,valeriia kapitulska park lia
20260521,warm_eval,668,rreonsu choi
20260521,warm_eval,696,yohahn diko
20260521,warm_eval,729,mijeong choi
20260521,warm_eval,747,darae lee
20260521,warm_eval,771,darae lee
20260521,warm_eval,772,hyojung kim
20260521,warm_eval,773,hyojung kim
20260521,warm_eval,814,eunyul kim
20260521,warm_eval,862,valeriia kapitulska park lia
20260521,warm_eval,979,mihyun kim
20260521,warm_eval,983,sanghee cho
20260521,warm_eval,1406,min jung kim
20260521,warm_eval,2137,youngjin jun
20260521,warm_eval,2190,kawon oh
20260521,warm_eval,2198,woojung son
20260521,warm_eval,2353,denis lee
20260521,warm_eval,2567,min jung kim
20260521,warm_eval,2646,kim jae hyeon
20260521,warm_eval,2660,mihyun kim
20260521,warm_eval,2851,denis lee
20260521,warm_eval,2854,joon hwan kim
20260521,warm_eval,2896,kyoung soo lee
20260521,warm_eval,3068,minseok kang
20260521,warm_eval,3077,sangwon chun
20260521,warm_eval,3185,sook hee lee
20260521,warm_eval,3196,denis lee
20260521,warm_eval,3312,none z
20260521,warm_eval,3463,haengsook choi
20260521,warm_eval,3561,dongju kim
20260521,warm_eval,3631,soyoung seo
20260521,warm_eval,3685,aeran jang
20260521,warm_eval,3835,sook hee lee
20260521,warm_eval,3963,gil ja park
20260521,warm_eval,3965,gil ja park
20260521,warm_eval,4879,ahyoung sohn
20260521,warm_eval,4880,ahyoung sohn
20260521,warm_eval,4990,eun hye seo
20260521,warm_eval,5065,hyesoo han
20260521,warm_eval,5134,hyewon lee
20260521,warm_eval,5253,jihee yoo
20260521,warm_eval,5265,hyewon lee
20260521,warm_eval,5272,hyewon lee
20260521,warm_eval,5531,none z
20260521,warm_eval,5659,youngjin jun
20260521,warm_eval,5818,dongju kim
20260521,warm_eval,5874,yohahn diko
20260521,warm_eval,5919,yohahn diko
20260521,warm_eval,6000,kyoung soo lee
20260521,warm_eval,6008,kyoung soo lee
20260521,warm_eval,6072,sook hee lee
20260521,warm_eval,6214,dongju kim
20260521,warm_eval,6292,sanghee cho
20260521,warm_eval,6295,sanghee cho
20260521,warm_eval,6370,none z
20260521,warm_eval,6517,so bac
20260521,warm_eval,6558,minseok kang
20260521,warm_eval,6642,soonhaeng lee
20260521,warm_eval,6643,soonhaeng lee
20260521,warm_eval,6681,haengsook choi
20260521,warm_eval,6712,sunsook hur
20260521,warm_eval,6720,sunsook hur
20260521,warm_eval,6769,jieun park
20260521,warm_eval,6798,minseok kang
20260521,warm_eval,6824,eunjoung cho
20260521,warm_eval,6878,eunjoung cho
20260521,warm_eval,6933,ju hyun you
20260521,warm_eval,7235,hanna jung
20260521,warm_eval,7236,hanna jung
20260521,warm_eval,7240,hakyoon choi
20260521,warm_eval,7400,gwondo back
20260521,warm_eval,7427,ju hyun you
20260521,warm_eval,7429,ju hyun you
20260521,warm_eval,7439,min jung kim
20260521,warm_eval,7474,rreonsu choi
20260521,warm_eval,7487,seungyeon jeong
20260521,warm_eval,7494,seungyeon jeong
20260521,warm_eval,7496,seungyeon jeong
20260521,warm_eval,7499,gwondo back
20260521,warm_eval,7520,gwondo back
20260521,warm_eval,7545,woojung son
20260521,warm_eval,7763,eugene leem
20260521,warm_eval,7880,jineui heo
20260521,warm_eval,8000,eugene leem
20260521,warm_eval,8044,eugene leem
20260521,warm_eval,8112,soyoung seo
20260521,warm_eval,8160,hokyung kim
20260521,warm_eval,8325,joon hwan kim
20260521,warm_eval,8365,leo
20260521,warm_eval,8379,leo
20260521,warm_eval,8413,jineui heo
20260521,warm_eval,8534,jineui heo
20260521,warm_eval,9374,aeran jang
20260521,warm_eval,9376,aeran jang
20260521,warm_eval,9382,haengsook choi
20260521,warm_eval,9432,sang ho byeon
20260521,warm_eval,9754,sunsook hur
20260521,warm_eval,10047,mijeong choi
20260521,warm_eval,10203,hyesoo han
20260521,warm_eval,10680,ju chul kim
20260521,warm_eval,10684,ju chul kim
20260521,warm_eval,10688,jieun park
20260521,warm_eval,10797,woojung son
20260521,warm_eval,10812,inkyung kwon
20260521,warm_eval,10922,seungyoon choi
20260521,warm_eval,11062,seungyoon choi
20260521,warm_eval,11164,choin lim
20260521,warm_eval,11335,kim jae hyeon
20260521,warm_eval,11429,sang geun cho
20260521,warm_eval,11701,kim jae hyeon
20260521,warm_eval,11855,youngjin jun
20260521,warm_eval,11878,shin sangwon
20260521,warm_eval,11882,shin sangwon
20260521,warm_eval,12020,choin lim
20260521,warm_eval,12027,dongmin chae
20260521,warm_eval,12049,dasom kim
20260521,warm_eval,12056,dasom kim
20260521,warm_eval,12122,inkyung kwon
20260521,warm_eval,12359,ahyoung sohn
20260521,warm_eval,12568,yejee yoon
20260521,warm_eval,12578,hye jeon kim
20260521,warm_eval,12584,lim miryang
20260521,warm_eval,12817,soilart jo dojoong
20260521,warm_eval,12911,jihee yoo
20260521,warm_eval,12922,taedong lee
20260521,warm_eval,13249,lim miryang
20260521,warm_eval,13349,lim miryang
20260521,warm_eval,13649,eun hye seo
20260521,warm_eval,13774,cheolmin im
20260521,warm_eval,13784,cheolmin im
20260521,warm_eval,13786,cheolmin im
20260521,warm_eval,13915,hakyoon choi
20260521,warm_eval,13964,jihee yoo
20260521,warm_eval,14031,hye jeon kim
20260521,warm_eval,14120,geum sahong
20260521,warm_eval,14310,묘빈 김
20260521,warm_eval,14382,so bac
20260521,warm_eval,14491,shawn oh
20260521,warm_eval,14495,hojoon kim
20260521,warm_eval,14496,hojoon kim
20260521,warm_eval,14501,kawon oh
20260521,warm_eval,14504,shawn oh
20260521,warm_eval,14509,sangwon chun
20260521,warm_eval,14510,kawon oh
20260521,warm_eval,14511,sangwon chun
20260521,warm_eval,14543,rreonsu choi
20260521,warm_eval,14596,leo
20260521,warm_eval,14630,mihyun kim
20260521,warm_eval,14690,ju chul kim
20260521,warm_eval,14797,hye jeon kim
20260521,warm_eval,15021,wonmi seo
20260521,warm_eval,15023,wonmi seo
20260521,warm_eval,15170,dongmin chae
20260521,warm_eval,15419,taedong lee
20260521,warm_eval,15873,in kim
20260521,warm_eval,16064,hyeong gil choi
20260521,warm_eval,16291,hokyung kim
20260521,warm_eval,16348,묘빈 김
20260521,warm_eval,16563,soo hee kim
20260521,warm_eval,16577,joon hwan kim
20260521,warm_eval,16622,soo hee kim
20260521,warm_eval,16625,soo hee kim
20260521,warm_eval,16829,luke lee
20260521,warm_eval,16833,luke lee
20260521,warm_eval,16840,the jack
20260521,warm_eval,16846,il jung
20260521,warm_eval,16848,the jack
20260521,warm_eval,16858,il jung
20260521,warm_eval,16860,il jung
20260521,warm_eval,16881,jieun park
20260521,warm_eval,16884,kim yoori
20260521,warm_eval,16991,yoomi kim
20260521,warm_eval,17003,kim yoori
20260521,warm_eval,17034,il mo jung
20260521,warm_eval,17045,il mo jung
20260521,warm_eval,17049,il mo jung
20260521,warm_eval,17084,inkyung kwon
20260521,warm_eval,17124,yoomi kim
20260521,warm_eval,17308,hoseong kang
20260521,warm_eval,17310,hoseong kang
20260521,warm_eval,17353,hyoyoun lee
20260521,warm_eval,17462,seungyoon choi
20260521,warm_eval,17615,yoomi kim
20260521,warm_eval,17765,sang geun cho
20260521,warm_eval,17780,sang geun cho
20260521,warm_eval,17811,hyeongdae jeong
20260521,warm_eval,17827,mori ju
20260521,warm_eval,17829,mori ju
20260521,warm_eval,17830,mori ju
20260521,warm_eval,17844,hyeongdae jeong
20260521,warm_eval,17887,ji hyun chun
20260521,warm_eval,17888,ji hyun chun
20260521,warm_eval,18175,choin lim
20260521,warm_eval,18371,s meya
20260521,warm_eval,18380,s meya
20260521,warm_eval,18746,kana ji
20260521,warm_eval,18747,hyun ah kim
20260521,warm_eval,18750,kana ji
20260521,warm_eval,18752,kana ji
20260521,warm_eval,18770,hyun ah kim
20260521,warm_eval,18980,in kim
20260521,warm_eval,19012,jeonghee son
20260521,warm_eval,19021,jeonghee son
20260521,warm_eval,19027,jeonghee son
20260521,warm_eval,19030,young jun han
20260521,warm_eval,19036,young jun han
20260521,warm_eval,19037,young jun han
20260521,warm_eval,19078,in kim
20260521,warm_eval,19191,haeyoun hwang
20260521,warm_eval,19206,haeyoun hwang
20260521,warm_eval,19232,haeyoun hwang
20260521,warm_eval,19322,cs kim
20260521,warm_eval,19323,cs kim
20260521,warm_eval,19341,youn miock
20260521,warm_eval,19371,youn miock
20260521,warm_eval,19424,dasom kim
20260521,warm_eval,19895,sunghee kim
20260521,warm_eval,19899,youngkyoung tak
20260521,warm_eval,19905,youngkyoung tak
20260521,warm_eval,20038,aeran jung
20260521,warm_eval,20043,jeongwoo kim
20260521,warm_eval,20044,jeongwoo kim
20260521,warm_eval,20060,sangsun lee
20260521,warm_eval,20069,yejee yoon
20260521,warm_eval,20092,sangsun lee
20260521,warm_eval,20111,shin sangwon
20260521,warm_eval,20188,aeran jung
20260521,warm_eval,20201,aeran jung
20260521,warm_eval,20320,cs kim
20260521,warm_eval,20352,myoung jo
20260521,warm_eval,20455,kim yohee
20260521,warm_eval,20459,kim yohee
20260521,warm_eval,20572,evgeniya tuchkova
20260521,warm_eval,20601,soilart jo dojoong
20260521,warm_eval,20761,taedong lee
20260521,warm_eval,20849,eunjoung cho
20260521,warm_eval,20901,hyera lee
20260521,warm_eval,20997,hyera lee
20260521,warm_eval,21027,boghee joung
20260521,warm_eval,21114,myoung jo
20260521,warm_eval,21141,jeongwoo kim
20260521,warm_eval,21221,sunghee kim
20260521,warm_eval,21247,hyera lee
20260521,warm_eval,21271,sunghee kim
20260521,warm_eval,21374,ji seon han
20260521,warm_eval,21376,ji seon han
20260521,warm_eval,21441,soilart jo dojoong
20260521,warm_eval,21514,evgeniya tuchkova
20260521,warm_eval,21687,boghee joung
20260521,warm_eval,21756,songfeel 송필
20260521,warm_eval,21790,haneul kim
20260521,warm_eval,21798,songfeel 송필
20260521,warm_eval,21905,haneul kim
20260521,warm_eval,21964,do ha ham
20260521,warm_eval,21975,do ha ham
20260521,warm_eval,21982,nam young hwa
20260521,warm_eval,22033,gyu kim
20260521,warm_eval,22165,ju dong yoon
20260521,warm_eval,22169,ju dong yoon
20260521,warm_eval,22210,do ha ham
20260521,warm_eval,22322,nam young hwa
20260521,warm_eval,22361,kim hak young
20260521,warm_eval,22363,gyu kim
20260521,warm_eval,22398,kim hak young
20260521,warm_eval,22478,gyu kim
20260521,warm_eval,22586,nam young hwa
20260521,warm_eval,24374,um hyo yong
20260521,warm_eval,24506,jihea kim
20260521,warm_eval,24537,um hyo yong
20260521,warm_eval,24558,jihea kim
20260521,warm_eval,24707,jihea kim
20260521,warm_eval,24737,zenakim 젠아킴
20260521,warm_eval,24766,zenakim 젠아킴
20260521,warm_eval,25228,nam june paik
20260521,warm_eval,25258,kim tschang yeul
20260521,warm_eval,25429,lee ufan
20260521,warm_eval,25482,lee ufan
20260521,warm_eval,25579,seung youn lee
20260521,warm_eval,25726,park seo bo
20260521,warm_eval,25738,chun kyungja
20260521,warm_eval,25749,chun kyungja
20260521,warm_eval,25768,chun kyungja
20260521,warm_eval,25810,jiweon lee
20260521,warm_eval,26130,jin woo lee
20260521,warm_eval,26893,kim ji hoon
20260521,warm_eval,26950,nam june paik
20260521,warm_eval,26996,manwook
20260521,warm_eval,27010,man soo lee 이만수
20260521,warm_eval,27097,donah lee 이돈아
20260521,warm_eval,27167,hokma gim
20260521,warm_eval,27214,hyunjung park
20260521,warm_eval,27224,park seo bo
20260521,warm_eval,27228,hongshik kim
20260521,warm_eval,27231,nam june paik
20260521,warm_eval,27363,hongshik kim
20260521,warm_eval,27429,yoonjung lee 이윤정
20260521,warm_eval,27481,jin woo lee
20260521,warm_eval,27611,hyunjung park
20260521,warm_eval,27782,sunrise no9
20260521,warm_eval,27912,hee sun kim
20260521,warm_eval,27923,jeamin seung 승지민
20260521,warm_eval,28004,yura seo
20260521,warm_eval,28086,teo
20260521,warm_eval,28270,hyewook jeong 정혜욱
20260521,warm_eval,28424,shine l si in yang
20260521,warm_eval,28520,hyewook jeong 정혜욱
20260521,warm_eval,28607,sun jeong kim
20260521,warm_eval,28710,seung youn lee
20260521,warm_eval,28769,park seo bo
20260521,warm_eval,28853,yoonjung lee 이윤정
20260521,warm_eval,28892,hyewook jeong 정혜욱
20260521,warm_eval,28957,shine l si in yang
20260521,warm_eval,29001,yoonjung lee 이윤정
20260521,warm_eval,29020,sun jeong kim
20260521,warm_eval,29121,kim ji hoon
20260521,warm_eval,29265,gilyoung jung 정길영
20260521,warm_eval,29288,kim ji hoon
20260521,warm_eval,29404,kang lee
20260521,warm_eval,29747,inhee jang
20260521,warm_eval,29805,sunrise no9
20260521,warm_eval,29833,hee sun kim
20260521,warm_eval,29850,seung youn lee
20260521,warm_eval,29858,shine l si in yang
20260521,warm_eval,33416,ju dong yoon
20260521,warm_eval,33437,sylbee kim
20260521,warm_eval,33453,sylbee kim
20260521,warm_eval,33687,winter gyeoul kim
20260521,warm_eval,33744,winter gyeoul kim
20260521,warm_eval,33942,pablo daniel
20260521,warm_eval,33988,pablo daniel
20260521,warm_eval,35021,lee youmee
20260521,warm_eval,35064,qwaya
20260521,warm_eval,35065,kim tschang yeul
20260521,warm_eval,35119,lee kyoungmi
20260521,warm_eval,35144,qwaya
20260521,warm_eval,35167,lee kyoungmi
20260521,warm_eval,35204,yongchul kim b 1982
20260521,warm_eval,35205,jaehyug choi 최재혁
20260521,warm_eval,35211,hokma gim
20260521,warm_eval,35252,ki hoon kang
20260521,warm_eval,35332,yongchul kim b 1982
20260521,warm_eval,35377,jaehyug choi 최재혁
20260521,warm_eval,35383,jang seung keun
20260521,warm_eval,35403,park sejin
20260521,warm_eval,35512,jaehyug choi 최재혁
20260521,warm_eval,35608,eun pyo hong
20260521,warm_eval,35650,qwaya
20260521,warm_eval,35711,park sejin
20260521,warm_eval,35716,eun pyo hong
20260521,warm_eval,35868,saebyeok jo
20260521,warm_eval,36025,winter gyeoul kim
20260521,warm_eval,36115,jennifer hur
20260521,warm_eval,36172,moah son 손모아
20260521,warm_eval,36188,jeamin seung 승지민
20260521,warm_eval,36189,jang seung keun
20260521,warm_eval,36196,hyoyoun lee
20260521,warm_eval,36228,do min
20260521,warm_eval,36239,keunhyung park
20260521,warm_eval,36240,park seo yeon
20260521,warm_eval,36286,yeonkyung park
20260521,warm_eval,36303,moah son 손모아
20260521,warm_eval,36339,suzy yoo
20260521,warm_eval,36385,yura seo
20260521,warm_eval,36396,suzy yoo
20260521,warm_eval,36403,phil yong song
20260521,warm_eval,36433,suzy yoo
20260521,warm_eval,36461,saebyeok jo
20260521,warm_eval,36510,eun pyo hong
20260521,warm_eval,36551,jennifer hur
20260521,warm_eval,36621,namu choi
20260521,warm_eval,36681,phil yong song
20260521,warm_eval,36687,yura seo
20260521,warm_eval,36740,haru lee
20260521,warm_eval,36780,phil yong song
20260521,warm_eval,36781,hyoyoun lee
20260521,warm_eval,36852,chang youngeun
20260521,warm_eval,37100,keunhyung park
20260521,warm_eval,37159,do min
20260521,warm_eval,37340,namu choi
20260521,warm_eval,37347,haru lee
20260521,warm_eval,37377,chang youngeun
20260521,warm_eval,42757,kim tschang yeul
20260521,warm_eval,42798,alice yaelin yang
20260521,warm_eval,42825,youngjin jun 전영진
20260521,warm_eval,42849,youngjin jun 전영진
20260521,warm_eval,43000,alice yaelin yang
20260521,warm_eval,43038,darae lee
20260521,warm_eval,43222,jaehee jang
20260521,warm_eval,43306,junghae park
20260521,warm_eval,43322,youngjin jun 전영진
20260521,warm_eval,43369,jeongeun han
20260521,warm_eval,43392,hee seon kim
20260521,warm_eval,43407,soyoung seo
20260521,warm_eval,43413,jeongeun han
20260521,warm_eval,43486,manwook
20260521,warm_eval,43510,barn miryung
20260521,warm_eval,43519,hee seon kim
20260521,warm_eval,43585,juwon ju
20260521,warm_eval,43596,soyeong kim
20260521,warm_eval,43697,ryu ayoung
20260521,warm_eval,43712,junghae park
20260521,warm_eval,43753,manwook
20260521,warm_eval,43787,heeseop park 박희섭
20260521,warm_eval,43790,soyeong kim
20260521,warm_eval,43817,inhee jang
20260521,warm_eval,43830,soyeong kim
20260521,warm_eval,43859,jungkee son
20260521,warm_eval,43877,lee changheon
20260521,warm_eval,43883,myung sun ju
20260521,warm_eval,43920,seol min yi
20260521,warm_eval,44008,juwon ju
20260521,warm_eval,44017,barn miryung
20260521,warm_eval,44021,lee eunkyong 이은경
20260521,warm_eval,44062,seol min yi
20260521,warm_eval,44076,lee changheon
20260521,warm_eval,44086,man hee kim
20260521,warm_eval,44165,haesun choe
20260521,warm_eval,44200,lee eunkyong 이은경
20260521,warm_eval,44237,isaac oz
20260521,warm_eval,44269,barn miryung
20260521,warm_eval,44359,myung sun ju
20260521,warm_eval,44379,eun ee yoon
20260521,warm_eval,44398,junghae park
20260521,warm_eval,44415,man hee kim
20260521,warm_eval,44550,eun ee yoon
20260521,warm_eval,44611,isaac oz
20260521,warm_eval,44634,heeseop park 박희섭
20260521,warm_eval,44706,gi ko
20260521,warm_eval,44737,ryu ayoung
20260521,warm_eval,48649,aeri lee 이애리
20260521,warm_eval,48750,aeri lee 이애리
20260521,warm_eval,48754,jung kunwoo
20260521,warm_eval,48771,jung kunwoo
20260521,warm_eval,48816,jihoon kim 김지훈
20260521,warm_eval,48864,aeri lee 이애리
20260521,warm_eval,48890,jung kunwoo
20260521,warm_eval,49584,lee ufan
20260521,warm_eval,49609,stella sujin
20260521,warm_eval,49612,hae lyn hwang
20260521,warm_eval,49614,stella sujin
20260521,warm_eval,49937,man soo lee 이만수
20260521,warm_eval,49968,man soo lee 이만수
20260521,warm_eval,50081,haesun choe
20260521,warm_eval,50514,teo
20260521,warm_eval,50524,jaehee jang
20260521,warm_eval,50555,jeongsoon kim
20260521,warm_eval,50559,jeongsoon kim
20260521,warm_eval,50567,dongwan kook
20260521,warm_eval,50605,hae lyn hwang
20260521,warm_eval,50640,hyeonji do
20260521,warm_eval,50695,nohvan 노반
20260521,warm_eval,50696,nohvan 노반
20260521,warm_eval,50758,jihoon kim 김지훈
20260521,warm_eval,50759,jihoon kim 김지훈
20260521,warm_eval,50801,fi jae lee
20260521,warm_eval,50816,jang seung keun
20260521,warm_eval,51099,gilyoung jung 정길영
20260521,warm_eval,51132,lee sang yong
20260521,warm_eval,51133,lee sang yong
20260521,warm_eval,51135,lee sang yong
20260521,warm_eval,51237,hyojin kim
20260521,warm_eval,51249,hyojin kim
20260521,warm_eval,51388,inhee jang
20260521,warm_eval,51403,ji young
20260521,warm_eval,51405,ji young
20260521,warm_eval,51511,do min
20260521,warm_eval,52023,eunju kim
20260521,warm_eval,52052,eunju kim
20260521,warm_eval,52053,eunju kim
20260521,warm_eval,52365,diego rodarte
20260521,warm_eval,52367,diego rodarte
20260521,warm_eval,52369,diego rodarte
20260521,warm_eval,52626,hyewon na
20260521,warm_eval,52631,hyewon na
20260521,warm_eval,52637,hyewon na
20260521,warm_eval,52751,yeonkyung park
20260521,warm_eval,52812,soon young kwon
20260521,warm_eval,52820,soon young kwon
20260521,warm_eval,52822,soon young kwon
20260521,warm_eval,52931,hyunjung park
20260521,warm_eval,53283,prach pimarnman
20260521,warm_eval,53284,prach pimarnman
20260521,warm_eval,53285,prach pimarnman
20260521,warm_eval,53305,hongmin lee
20260521,warm_eval,53313,hongmin lee
20260521,warm_eval,53316,hongmin lee
20260521,warm_eval,53339,evi pangestu
20260521,warm_eval,53340,evi pangestu
20260521,warm_eval,53344,evi pangestu
20260521,warm_eval,53598,minjung key
20260521,warm_eval,53605,minjung key
20260521,warm_eval,53686,cho mina
20260521,warm_eval,53691,cho mina
20260521,warm_eval,53692,cho mina
20260521,warm_eval,53706,jungkee son
20260521,warm_eval,53708,jungkee son
20260521,warm_eval,53938,annette hur
20260521,warm_eval,53939,annette hur
20260521,warm_eval,53953,sang a han
20260521,warm_eval,53955,sang a han
20260521,warm_eval,53958,seo yeon
20260521,warm_eval,53960,seo yeon
20260521,warm_eval,53964,taein yun
20260521,warm_eval,53967,taein yun
20260521,warm_eval,54006,doyeon kim
20260521,warm_eval,54008,doyeon kim
20260521,warm_eval,54028,mira park
20260521,warm_eval,54093,turakella gyindo
20260521,warm_eval,54120,edgar plans
20260521,warm_eval,54155,kohei nawa
20260521,warm_eval,54198,wonmi seo
20260521,warm_eval,54349,surim hong
20260521,warm_eval,54351,surim hong
20260521,warm_eval,54474,mira park
20260521,warm_eval,54581,미하엘 콘라즈
20260521,warm_eval,54614,남석우
20260521,warm_eval,54615,남석우
20260521,warm_eval,54710,주연수
20260521,warm_eval,54711,주연수
20260521,warm_eval,54715,주연수
20260521,warm_eval,54730,매카서 비니온
20260521,warm_eval,54762,아츠시 카가
20260521,warm_eval,54767,아츠시 카가
20260522,warm_eval,46,karis choi
20260522,warm_eval,265,seokyung cho
20260522,warm_eval,355,seokyung cho
20260522,warm_eval,357,seokyung cho
20260522,warm_eval,461,hailey p
20260522,warm_eval,464,hailey p
20260522,warm_eval,494,soojung song
20260522,warm_eval,495,soojung song
20260522,warm_eval,514,yeji lee
20260522,warm_eval,524,soojung song
20260522,warm_eval,550,jinhui lee
20260522,warm_eval,574,karis choi
20260522,warm_eval,581,jinhui lee
20260522,warm_eval,656,hyojung kim
20260522,warm_eval,773,hyojung kim
20260522,warm_eval,984,sanghee cho
20260522,warm_eval,995,kang zi
20260522,warm_eval,996,kang zi
20260522,warm_eval,1000,laila lee
20260522,warm_eval,1001,la kitki
20260522,warm_eval,1073,rosa cho
20260522,warm_eval,1112,laila lee
20260522,warm_eval,1113,laila lee
20260522,warm_eval,1157,youngsoo kim
20260522,warm_eval,1187,youngsoo kim
20260522,warm_eval,1210,soyeun park
20260522,warm_eval,1224,youngsoo kim
20260522,warm_eval,1301,seirin hyung
20260522,warm_eval,1320,baek hwa
20260522,warm_eval,1436,seirin hyung
20260522,warm_eval,1483,juha kim
20260522,warm_eval,1486,juha kim
20260522,warm_eval,1681,rosa cho
20260522,warm_eval,2103,jane nee
20260522,warm_eval,2173,yeonhui lee
20260522,warm_eval,2181,baek hwa
20260522,warm_eval,2185,jane nee
20260522,warm_eval,2232,jane nee
20260522,warm_eval,2380,yemi kim
20260522,warm_eval,2421,yemi kim
20260522,warm_eval,2469,seungho jang
20260522,warm_eval,2539,jun sung back
20260522,warm_eval,2758,heaja kim
20260522,warm_eval,3083,soyeun park
20260522,warm_eval,3352,hye jin stella kim
20260522,warm_eval,3494,jihee yoo
20260522,warm_eval,3540,heaja kim
20260522,warm_eval,3634,sanghee cho
20260522,warm_eval,3684,joon hwan kim
20260522,warm_eval,3706,hyojin park
20260522,warm_eval,3747,hye jin stella kim
20260522,warm_eval,3777,soyeun park
20260522,warm_eval,4214,sanghee ahn
20260522,warm_eval,4219,taehwa park
20260522,warm_eval,4310,changwoo yoon
20260522,warm_eval,4438,karis kim
20260522,warm_eval,4598,karis kim
20260522,warm_eval,4641,ahyoung sohn
20260522,warm_eval,4814,sanghee ahn
20260522,warm_eval,4820,ahyoung sohn
20260522,warm_eval,5401,youn sung park
20260522,warm_eval,5405,youn sung park
20260522,warm_eval,5558,hakyoon choi
20260522,warm_eval,5669,youngjin jun
20260522,warm_eval,5679,youngjin jun
20260522,warm_eval,5834,jinyi koh
20260522,warm_eval,5861,youn sung park
20260522,warm_eval,6016,jinyi koh
20260522,warm_eval,6028,jennifer lee
20260522,warm_eval,6290,sanghee cho
20260522,warm_eval,6564,digital d
20260522,warm_eval,6565,digital d
20260522,warm_eval,6712,sunsook hur
20260522,warm_eval,6743,jennifer lee
20260522,warm_eval,6782,heaja kim
20260522,warm_eval,6904,yeji lee
20260522,warm_eval,6910,yeji lee
20260522,warm_eval,6961,h m moon
20260522,warm_eval,7025,hakyoon choi
20260522,warm_eval,7041,seokgyeom kim
20260522,warm_eval,7067,donghwi dongza
20260522,warm_eval,7068,donghwi dongza
20260522,warm_eval,7106,hyojin park
20260522,warm_eval,7239,hakyoon choi
20260522,warm_eval,7377,kyungmin lee
20260522,warm_eval,7397,youyeong seo
20260522,warm_eval,7599,taeil kim
20260522,warm_eval,7900,kwangho shin
20260522,warm_eval,7919,kwangho shin
20260522,warm_eval,7948,bomin kim
20260522,warm_eval,8126,yeonhui lee
20260522,warm_eval,8147,hokyung kim
20260522,warm_eval,8157,taeil kim
20260522,warm_eval,8160,hokyung kim
20260522,warm_eval,8303,joon hwan kim
20260522,warm_eval,8333,joon hwan kim
20260522,warm_eval,8554,bomin kim
20260522,warm_eval,8717,changwoo yoon
20260522,warm_eval,8722,changwoo yoon
20260522,warm_eval,9340,seungho jang
20260522,warm_eval,9345,seungho jang
20260522,warm_eval,9429,jisong yang
20260522,warm_eval,9442,jisong yang
20260522,warm_eval,9455,donghwi dongza
20260522,warm_eval,9542,youyeong seo
20260522,warm_eval,9754,sunsook hur
20260522,warm_eval,9756,sunsook hur
20260522,warm_eval,10294,kang zi
20260522,warm_eval,10309,la kitki
20260522,warm_eval,10488,jisup kim
20260522,warm_eval,10968,yoon joo
20260522,warm_eval,10993,seungyoon choi
20260522,warm_eval,11052,seungyoon choi
20260522,warm_eval,11081,seungyoon choi
20260522,warm_eval,11203,jeong ah lim
20260522,warm_eval,11224,hye jin stella kim
20260522,warm_eval,11277,jihee yoo
20260522,warm_eval,11518,choin lim
20260522,warm_eval,11763,sanghee ahn
20260522,warm_eval,12644,karis kim
20260522,warm_eval,12698,myeongjin choi
20260522,warm_eval,12781,jihee yoo
20260522,warm_eval,12841,junesuk park
20260522,warm_eval,12844,junesuk park
20260522,warm_eval,12856,jisup kim
20260522,warm_eval,12943,youngjin jun
20260522,warm_eval,13174,choin lim
20260522,warm_eval,13214,taehun kwon
20260522,warm_eval,13306,jisup kim
20260522,warm_eval,13476,ahyoung sohn
20260522,warm_eval,13811,joong hyun park
20260522,warm_eval,13919,h m moon
20260522,warm_eval,14063,jinyi koh
20260522,warm_eval,14122,h m moon
20260522,warm_eval,14382,so bac
20260522,warm_eval,14384,jennifer lee
20260522,warm_eval,14398,youyeong seo
20260522,warm_eval,14560,hyojin park
20260522,warm_eval,14678,kim sungheun
20260522,warm_eval,14845,taeil kim
20260522,warm_eval,15170,dongmin chae
20260522,warm_eval,15369,kwangho shin
20260522,warm_eval,15661,so bac
20260522,warm_eval,15824,leysan khasan
20260522,warm_eval,15973,leysan khasan
20260522,warm_eval,15980,myeongjin choi
20260522,warm_eval,16606,sejeong kang
20260522,warm_eval,16631,sejeong kang
20260522,warm_eval,16674,heeju lee
20260522,warm_eval,16710,yuli choi
20260522,warm_eval,16711,yuli choi
20260522,warm_eval,16744,yeounwoo yang
20260522,warm_eval,16755,heeju lee
20260522,warm_eval,16760,jungjin you
20260522,warm_eval,16829,luke lee
20260522,warm_eval,16845,il jung
20260522,warm_eval,16846,il jung
20260522,warm_eval,16850,luke lee
20260522,warm_eval,16852,il jung
20260522,warm_eval,16973,hyeyoun kim
20260522,warm_eval,17007,yeounwoo yang
20260522,warm_eval,17034,il mo jung
20260522,warm_eval,17035,il mo jung
20260522,warm_eval,17049,il mo jung
20260522,warm_eval,17081,hyeyoun kim
20260522,warm_eval,17168,minchae kang
20260522,warm_eval,17170,minchae kang
20260522,warm_eval,17277,heeju lee
20260522,warm_eval,17358,hana lee
20260522,warm_eval,17359,hana lee
20260522,warm_eval,17546,se rin park
20260522,warm_eval,17798,leysan khasan
20260522,warm_eval,17822,mori ju
20260522,warm_eval,17825,mori ju
20260522,warm_eval,17829,mori ju
20260522,warm_eval,18010,jeong ah lim
20260522,warm_eval,18011,jeong ah lim
20260522,warm_eval,18113,hanlee chae
20260522,warm_eval,18256,yoon joo
20260522,warm_eval,18720,heeseok park
20260522,warm_eval,18721,heeseok park
20260522,warm_eval,18949,semi yh
20260522,warm_eval,18958,semi yh
20260522,warm_eval,18965,semi yh
20260522,warm_eval,19013,jeonghee son
20260522,warm_eval,19020,jeonghee son
20260522,warm_eval,19025,jeonghee son
20260522,warm_eval,19249,se rin park
20260522,warm_eval,19256,lucy sson
20260522,warm_eval,19369,dongmin chae
20260522,warm_eval,19736,choin lim
20260522,warm_eval,19835,joong hyun park
20260522,warm_eval,19860,seongbae shin
20260522,warm_eval,19864,seongbae shin
20260522,warm_eval,19870,seongbae shin
20260522,warm_eval,19937,joong hyun park
20260522,warm_eval,19994,taehun kwon
20260522,warm_eval,19996,taehun kwon
20260522,warm_eval,20119,yoon joo
20260522,warm_eval,20222,taehwa park
20260522,warm_eval,20322,myeongjin choi
20260522,warm_eval,20359,lucy sson
20260522,warm_eval,20373,se rin park
20260522,warm_eval,20689,ina sinn
20260522,warm_eval,20694,ina sinn
20260522,warm_eval,20716,ina sinn
20260522,warm_eval,20738,taehwa park
20260522,warm_eval,21046,junesuk park
20260522,warm_eval,21218,aanggel tim
20260522,warm_eval,21219,aanggel tim
20260522,warm_eval,21467,gisele park
20260522,warm_eval,21475,gisele park
20260522,warm_eval,21482,gisele park
20260522,warm_eval,21805,hojung kim
20260522,warm_eval,22143,daehun kwon
20260522,warm_eval,22190,yoonzoo jung
20260522,warm_eval,22217,yoonzoo jung
20260522,warm_eval,22262,jaewon kang
20260522,warm_eval,22485,jaewon kang
20260522,warm_eval,22584,bang seokho
20260522,warm_eval,22607,daehun kwon
20260522,warm_eval,22612,daehun kwon
20260522,warm_eval,25252,lee bae
20260522,warm_eval,25278,lee bae
20260522,warm_eval,25372,bokyung joung
20260522,warm_eval,25399,kim whanki
20260522,warm_eval,25418,bokyung joung
20260522,warm_eval,25424,chung sang hwa
20260522,warm_eval,25425,hong il park
20260522,warm_eval,25551,wonkyo choi
20260522,warm_eval,25571,ji hun choi
20260522,warm_eval,25581,wonkyo choi
20260522,warm_eval,25612,ji hun choi
20260522,warm_eval,25636,yunju park
20260522,warm_eval,25720,kim whanki
20260522,warm_eval,25802,kim whanki
20260522,warm_eval,25810,jiweon lee
20260522,warm_eval,26192,jamsan
20260522,warm_eval,26856,yujin ju
20260522,warm_eval,26862,yujin ju
20260522,warm_eval,26929,lee bae
20260522,warm_eval,26970,hyeseung kwon
20260522,warm_eval,26994,hyeseung kwon
20260522,warm_eval,27027,lee
20260522,warm_eval,27033,yoo mi seon
20260522,warm_eval,27043,park young hak
20260522,warm_eval,27119,changmin lim
20260522,warm_eval,27130,aedam kim donghyung
20260522,warm_eval,27133,park young hak
20260522,warm_eval,27152,hyung gil kim
20260522,warm_eval,27425,jiwoo oh
20260522,warm_eval,27444,gabby chu
20260522,warm_eval,27498,hojung kim
20260522,warm_eval,27567,yoo mi seon
20260522,warm_eval,27588,kong mi sook 공미숙
20260522,warm_eval,27707,jungja kim
20260522,warm_eval,27715,soyung lee
20260522,warm_eval,27740,jeamin seung 승지민
20260522,warm_eval,27744,doyim kim
20260522,warm_eval,27751,changmin lim
20260522,warm_eval,27755,maeng eun hee
20260522,warm_eval,27777,yang jung soo 양정수
20260522,warm_eval,27785,jiyeon lee 이지연
20260522,warm_eval,27818,jiyeon lee 이지연
20260522,warm_eval,27825,hyung gil kim
20260522,warm_eval,27858,jiyeon lee 이지연
20260522,warm_eval,27946,hongshik kim
20260522,warm_eval,27947,lee eu
20260522,warm_eval,27986,hong il park
20260522,warm_eval,28103,yunmi kim 김윤미
20260522,warm_eval,28135,hongshik kim
20260522,warm_eval,28142,doyim kim
20260522,warm_eval,28156,soyung lee
20260522,warm_eval,28185,sumin son
20260522,warm_eval,28346,artist kun 쿤 작가
20260522,warm_eval,28362,kong mi sook 공미숙
20260522,warm_eval,28364,yeon yeon jung
20260522,warm_eval,28415,junghwabaek
20260522,warm_eval,28429,kong mi sook 공미숙
20260522,warm_eval,28494,minseok jang
20260522,warm_eval,28495,changmin lim
20260522,warm_eval,28512,hee sun kim
20260522,warm_eval,28569,soyoon choi
20260522,warm_eval,28573,aedam kim donghyung
20260522,warm_eval,28695,yeon yeon jung
20260522,warm_eval,28837,kim hak young
20260522,warm_eval,28952,jungja kim
20260522,warm_eval,28969,yang jung soo 양정수
20260522,warm_eval,29023,yunmi kim 김윤미
20260522,warm_eval,29045,yang jung soo 양정수
20260522,warm_eval,29054,kim hak young
20260522,warm_eval,29118,hye rim park
20260522,warm_eval,29147,lee eu
20260522,warm_eval,29223,jungja kim
20260522,warm_eval,29276,young lee
20260522,warm_eval,29278,yunmi kim 김윤미
20260522,warm_eval,29391,somin kim
20260522,warm_eval,29463,soyoon choi
20260522,warm_eval,29536,aedam kim donghyung
20260522,warm_eval,29596,hee sun kim
20260522,warm_eval,29626,maeng eun hee
20260522,warm_eval,29787,jihyung nam
20260522,warm_eval,29810,yunju park
20260522,warm_eval,29820,jihyung nam
20260522,warm_eval,29934,yeon yeon jung
20260522,warm_eval,31007,rimm chae
20260522,warm_eval,33717,hug
20260522,warm_eval,33742,gabby chu
20260522,warm_eval,33852,jin seok heo
20260522,warm_eval,33875,hyungjin park
20260522,warm_eval,33881,a jihye
20260522,warm_eval,33882,park young hak
20260522,warm_eval,33963,jin seok heo
20260522,warm_eval,34039,a jihye
20260522,warm_eval,35163,yeonsoo kim 김연수
20260522,warm_eval,35167,lee kyoungmi
20260522,warm_eval,35201,jeongwoong lee
20260522,warm_eval,35245,seoyoung jo
20260522,warm_eval,35248,seoyoung jo
20260522,warm_eval,35268,yeonsoo kim 김연수
20260522,warm_eval,35355,sumin son
20260522,warm_eval,35378,sumin park 박수민
20260522,warm_eval,35425,lee sujin b 1983
20260522,warm_eval,35470,yeonsoo kim 김연수
20260522,warm_eval,35504,seoyoung jo
20260522,warm_eval,35552,yejin oh
20260522,warm_eval,35579,lee sujin b 1983
20260522,warm_eval,35638,k hana
20260522,warm_eval,35729,gyeore lee
20260522,warm_eval,35746,eun pyo hong
20260522,warm_eval,35844,yang woon chul
20260522,warm_eval,35892,byul kim
20260522,warm_eval,35989,lee kyoungmi
20260522,warm_eval,36009,soyung lee
20260522,warm_eval,36039,jihyung nam
20260522,warm_eval,36070,lim hong
20260522,warm_eval,36100,jeongyoon oh
20260522,warm_eval,36163,daeun an
20260522,warm_eval,36168,keunhyung park
20260522,warm_eval,36172,moah son 손모아
20260522,warm_eval,36200,minseok jang
20260522,warm_eval,36218,dongseung lim
20260522,warm_eval,36282,eun pyo hong
20260522,warm_eval,36310,lee sujin b 1983
20260522,warm_eval,36621,namu choi
20260522,warm_eval,36649,jeongyoon oh
20260522,warm_eval,36667,heesung yang
20260522,warm_eval,36722,heesung yang
20260522,warm_eval,36748,dongseung lim
20260522,warm_eval,36758,k hana
20260522,warm_eval,36843,jeamin seung 승지민
20260522,warm_eval,36890,jeongyoon oh
20260522,warm_eval,36962,byul kim
20260522,warm_eval,36988,yejin oh
20260522,warm_eval,36989,sumin son
20260522,warm_eval,37003,eun pyo hong
20260522,warm_eval,37079,gyeore lee
20260522,warm_eval,37093,keunhyung park
20260522,warm_eval,37101,lim hong
20260522,warm_eval,37135,byung kwan kim
20260522,warm_eval,37167,byul kim
20260522,warm_eval,37248,chang youngeun
20260522,warm_eval,37252,byung kwan kim
20260522,warm_eval,37253,moah son 손모아
20260522,warm_eval,37303,namu choi
20260522,warm_eval,37390,byung kwan kim
20260522,warm_eval,37477,chang youngeun
20260522,warm_eval,38741,gyeore lee
20260522,warm_eval,42709,yeonhong kim
20260522,warm_eval,42792,yeonhong kim
20260522,warm_eval,42805,hur kyung ae
20260522,warm_eval,43006,lillodoodle
20260522,warm_eval,43030,hur kyung ae
20260522,warm_eval,43057,hur kyung ae
20260522,warm_eval,43106,ryeong ah kim
20260522,warm_eval,43111,hyunn
20260522,warm_eval,43124,hyunn
20260522,warm_eval,43128,yoo soo mi
20260522,warm_eval,43289,yeonhong kim
20260522,warm_eval,43345,dongwook kim
20260522,warm_eval,43349,yoo suntai
20260522,warm_eval,43390,lee
20260522,warm_eval,43401,rosa kang
20260522,warm_eval,43438,rosa kang
20260522,warm_eval,43470,kwak seungyong
20260522,warm_eval,43500,lillodoodle
20260522,warm_eval,43517,yoo soo mi
20260522,warm_eval,43547,soyeong kim
20260522,warm_eval,43561,kwak seungyong
20260522,warm_eval,43582,sung byunghee
20260522,warm_eval,43607,ryeong ah kim
20260522,warm_eval,43830,soyeong kim
20260522,warm_eval,43838,hyunsook jeoung 정현숙
20260522,warm_eval,43867,shim bongmin
20260522,warm_eval,43872,shim bongmin
20260522,warm_eval,43884,shim bongmin
20260522,warm_eval,43913,haesun choe
20260522,warm_eval,43927,rosa kang
20260522,warm_eval,43961,yoo suntai
20260522,warm_eval,43994,woo jeong su
20260522,warm_eval,44002,kwak seungyong
20260522,warm_eval,44014,yoo suntai
20260522,warm_eval,44019,woo jeong su
20260522,warm_eval,44186,woo jeong su
20260522,warm_eval,44187,eunjin kim 김은진
20260522,warm_eval,44200,lee eunkyong 이은경
20260522,warm_eval,44246,yoo soo mi
20260522,warm_eval,44250,dae hyun kim
20260522,warm_eval,44252,lee eunkyong 이은경
20260522,warm_eval,44304,dongwook kim
20260522,warm_eval,44324,eunjin kim 김은진
20260522,warm_eval,44377,hyungdae kim 김형대
20260522,warm_eval,44381,young hwa kim
20260522,warm_eval,44406,hyunsook jeoung 정현숙
20260522,warm_eval,44458,mooa 무아
20260522,warm_eval,44503,junghwabaek
20260522,warm_eval,44528,mooa 무아
20260522,warm_eval,44556,mooa 무아
20260522,warm_eval,44573,young hwa kim
20260522,warm_eval,44628,hyungdae kim 김형대
20260522,warm_eval,44703,dae hyun kim
20260522,warm_eval,44708,junghwabaek
20260522,warm_eval,44764,hyungdae kim 김형대
20260522,warm_eval,48701,yelim park
20260522,warm_eval,48743,min kyoungkap
20260522,warm_eval,48801,kim hyun chul
20260522,warm_eval,48809,hansaem park
20260522,warm_eval,48812,kim hyun chul
20260522,warm_eval,48815,jung kunwoo
20260522,warm_eval,48824,kim hyun chul
20260522,warm_eval,48850,min kyoungkap
20260522,warm_eval,48870,hansaem park
20260522,warm_eval,48876,jung kunwoo
20260522,warm_eval,48890,jung kunwoo
20260522,warm_eval,48900,hansaem park
20260522,warm_eval,48901,yelim park
20260522,warm_eval,50040,seungyeon kim
20260522,warm_eval,50058,hae jin jeong
20260522,warm_eval,50081,haesun choe
20260522,warm_eval,50085,hae jin jeong
20260522,warm_eval,50094,hae jin jeong
20260522,warm_eval,50107,seungyeon kim
20260522,warm_eval,50299,yumi jang
20260522,warm_eval,50303,yumi jang
20260522,warm_eval,50480,hug
20260522,warm_eval,50560,hedon139
20260522,warm_eval,50576,soyoon choi
20260522,warm_eval,50655,cha hanbyul
20260522,warm_eval,50658,cha hanbyul
20260522,warm_eval,50751,hyungjin park
20260522,warm_eval,50837,soyeong kim
20260522,warm_eval,50871,yoo mi seon
20260522,warm_eval,50901,jinny suh
20260522,warm_eval,50904,jinny suh
20260522,warm_eval,50996,jinny suh
20260522,warm_eval,51167,artist kun 쿤 작가
20260522,warm_eval,51346,rahm parc
20260522,warm_eval,51349,rahm parc
20260522,warm_eval,51378,lee eu
20260522,warm_eval,51401,ji young
20260522,warm_eval,51404,ji young
20260522,warm_eval,51464,yelim park
20260522,warm_eval,51534,artist kun 쿤 작가
20260522,warm_eval,51545,hong il park
20260522,warm_eval,52122,jamsan
20260522,warm_eval,52123,jamsan
20260522,warm_eval,52453,chulho park
20260522,warm_eval,52469,chulho park
20260522,warm_eval,52475,chulho park
20260522,warm_eval,52528,yislow
20260522,warm_eval,52529,yislow
20260522,warm_eval,52544,yislow
20260522,warm_eval,52552,doyeon gwon
20260522,warm_eval,52562,doyeon gwon
20260522,warm_eval,52572,doyeon gwon
20260522,warm_eval,52587,rimm chae
20260522,warm_eval,52593,rimm chae
20260522,warm_eval,52786,jihye a
20260522,warm_eval,52795,jihye a
20260522,warm_eval,52797,jihye a
20260522,warm_eval,52928,hyunjung park
20260522,warm_eval,52930,hyunjung park
20260522,warm_eval,52935,hyunjung park
20260522,warm_eval,53028,youngnam cho
20260522,warm_eval,53030,youngnam cho
20260522,warm_eval,53042,youngnam cho
20260522,warm_eval,53247,changyeol gu
20260522,warm_eval,53250,changyeol gu
20260522,warm_eval,53256,changyeol gu
20260522,warm_eval,53279,prach pimarnman
20260522,warm_eval,53283,prach pimarnman
20260522,warm_eval,53285,prach pimarnman
20260522,warm_eval,53335,evi pangestu
20260522,warm_eval,53336,evi pangestu
20260522,warm_eval,53344,evi pangestu
20260522,warm_eval,53424,moonhee cho
20260522,warm_eval,53426,moonhee cho
20260522,warm_eval,53430,moonhee cho
20260522,warm_eval,53473,kijeong kim
20260522,warm_eval,53476,kijeong kim
20260522,warm_eval,53481,kijeong kim
20260522,warm_eval,53521,heesung yang
20260522,warm_eval,53597,minjung key
20260522,warm_eval,53603,minjung key
20260522,warm_eval,53663,juli baker and summer
20260522,warm_eval,53669,juli baker and summer
20260522,warm_eval,53671,juli baker and summer
20260522,warm_eval,53687,cho mina
20260522,warm_eval,53690,cho mina
20260522,warm_eval,53692,cho mina
20260522,warm_eval,53746,lim jimin
20260522,warm_eval,53747,lim jimin
20260522,warm_eval,53761,jeongwoong lee
20260522,warm_eval,53762,jeongwoong lee
20260522,warm_eval,53793,gbday
20260522,warm_eval,53936,annette hur
20260522,warm_eval,53937,annette hur
20260522,warm_eval,53962,taein yun
20260522,warm_eval,53966,taein yun
20260522,warm_eval,54065,duckyong kim
20260522,warm_eval,54155,kohei nawa
20260522,warm_eval,54170,jo jae
20260522,warm_eval,54188,hayato machida
20260522,warm_eval,54721,엠버 토플리세크
20260522,warm_eval,54724,엠버 토플리세크
