artist_key,n_works,raw_coef,shrunk_coef
08am,15,6.756191695816105,6.746197809022641
120do,10,6.1532053962019155,6.340875647015358
a byeol jang,1,5.928401102018203,6.584913640871572
a jihye,5,8.271692733000751,7.493954440821499
aanggel tim,5,6.383065340964144,6.549640744803196
abang,9,6.370348876998683,6.493872902585671
abin koh 고아빈,17,6.71901315438526,6.7183774712618485
aboudia,3,8.738577819682687,7.474601775282411
adam strandt,5,5.353418671107994,6.03481740987512
adel abdessemed,1,7.308193307671322,6.814879008480426
aedam kim donghyung,18,6.583693698377937,6.612502926696266
aeran jang,18,6.3852935640901345,6.457233256384071
aeri lee,3,7.922985958711196,7.168754827418103
aeri lee 이애리,15,7.927132474673044,7.624403393165345
ahhyeon lee,16,5.545423640349414,5.824183761371517
ahn chang hong,1,8.192066605212432,6.9621912247372775
ahn sung kyu,1,7.288870710637623,6.811658575641476
ahnnlee lee,4,7.096497403579014,6.885230039725254
ahra kim,30,6.043676941198622,6.139753970833425
ahram kwon,1,7.706262975199908,6.881223953068523
ai weiwei,1,11.660045910149725,7.54018777556016
aira choi,20,6.5839978549358245,6.6104415136771095
alex cho,6,6.197679563479,6.4333780112804755
alex jo,2,7.065944378087188,6.816138499912229
alexandra grant,10,8.610768714508488,7.9792511925530745
alice hyeryung yang,1,6.025808786469717,6.601148254946825
alice yaelin yang,6,7.695604995988365,7.250428247194676
ama,3,6.232248603542369,6.534728319229792
amal jarrahi,1,7.000425613823445,6.763584392839113
amber park,8,6.544921458110648,6.610804031392031
amelia an,3,6.051877355609649,6.467089101255022
amin taasha,2,8.557677878341096,7.242348071413346
amonmazdah,10,6.029872250526991,6.258653549898743
an zongde,3,7.375168825268515,6.963323402377097
anna jo,1,5.666121671117221,6.541200402388076
annette hur,6,8.054012215556181,7.445923094231665
april bohm yang,5,6.868534565828856,6.792375357235551
ara nam,1,7.22983877815125,6.8018199202270795
ari kwon,129,6.612359926253267,6.61623515843196
art jeeno,11,6.110846304128062,6.300024380538744
artist aeun,7,6.479408191563205,6.578078173679472
artist kun 쿤 작가,49,7.425405561695226,7.359739875301431
atreyu moniaga,2,7.2276251878438735,6.862333016985568
bac jungwon,36,6.464925864449089,6.4955710210580095
bae jonghun,23,6.257442818421806,6.339366627389742
baek hwa,6,5.960625524887978,6.304075808412645
baek jin ki,17,8.161877866993544,7.833318385550067
bahk younghoon,6,7.82994907972405,7.32370683832323
bang seokho,5,8.296610460963702,7.506413304802974
bang soo yeon,4,6.31751655535709,6.539016329404399
bang soyun,20,7.08807199540589,7.013700826053162
bareum kim,31,6.764210346363933,6.757544485569254
barn miryung,28,7.99193599037141,7.79864510526093
bell nakai,1,6.922534416408725,6.750602526603326
benedikt hipp,2,8.128954436009609,7.1198556593186355
beom jun,22,6.686213009034901,6.691769145999224
beomsik won,13,7.481153206432156,7.2686706903794045
bien u bae,4,8.075626928070312,7.320398717276943
bihop,9,6.531224900578511,6.597293203458416
billy gibney,1,6.619170836011346,6.70004192987043
blake daniels,1,8.137045791292358,6.953021089083932
bo gyeong gong,4,6.0499144363504245,6.420082054290325
bo kim,4,5.2024705766635595,6.043440338873941
bokhyun shin,10,6.065994080353656,6.282734769783186
bokyeong jang,6,5.647225846276884,6.133130529170231
bokyung joung,8,6.962499348257175,6.867775040712972
bomee lee,5,7.198143047341118,6.957179597991683
bomin kim,7,6.982400163900434,6.871490157542856
bon bu kim,2,6.253601838072219,6.584040631336525
bongsook paik,5,5.390932530497494,6.05357433956987
bonhwa cho,3,6.251505693532809,6.541949727976207
bonjeong koo,2,6.941253687313441,6.780512588262588
boomoon,2,7.1098352259503725,6.828678742158854
boonhlue yangsouy,1,6.226677195205948,6.63462632306953
bora hong,5,6.8990972162390225,6.807656682440634
boram kim,12,6.327052525640071,6.441512414758358
bosun park 박보선,3,6.0424309907000096,6.463546714413908
boyeun kim,1,7.12891285956129,6.78499893379542
boyoon sim,1,6.769946064280901,6.725171134582022
byen ungpil,17,7.095976557903281,7.00966737398032
byeolhee jeon,7,6.546741933444807,6.617356189777073
byeonghee min,36,7.0188987577630035,6.9819862444555945
byeongrae kim,10,3.1354942159291506,4.3290681935001825
byeongrok you,3,6.672966476161578,6.699997521461996
byeongseok hwang,9,6.539975672792494,6.602918699881691
byeori yang,16,5.948904932689187,6.131598079344677
byul kim,13,6.24526653886069,6.376085874911123
byun kyung sup,5,7.146457169212199,6.931336658927222
byun sanghwan,38,6.348639366088365,6.39138085243184
byung gu lee,54,5.969107640006705,6.032421920399546
byung jin kim,2,8.189000374419743,7.13701164172153
byung kwan kim,13,7.033823904225294,6.945599527674448
byung taek jeon,33,6.923035989773577,6.895822852782612
byung wang cho,18,7.393374695193835,7.246166315508708
byungho lee,41,7.830315623869888,7.709217854823405
byungjin kim,36,6.9925931266117205,6.9588886171032485
cai ruei heng,3,6.853215672098164,6.767590969938215
calla r,1,6.797337803882593,6.729736424515637
candice joo,1,7.671740782828182,6.875470254339902
candy koh,2,8.988728955124833,7.3655055219229855
ccreatt,4,7.277826617321304,6.965820801388494
cha hanbyul,10,7.091527162353739,6.966423491116575
cha il man,2,8.59157623366512,7.252033315791638
cha young seok,31,7.768835278883937,7.62263817746148
chae jungwan,20,6.309779170172748,6.391066565866647
chae lee,6,5.839126953868056,6.237803860583597
chae sung pil,29,8.296564877957037,8.064160653057804
chaeeun nam,12,6.519080514522616,6.57706158338133
chaesun kim,29,6.786279294534694,6.775975890726981
chaewon im,1,6.570299241077267,6.691896664048083
chaewon moon,4,6.235446648912381,6.502540815428973
chaeyoon bang,25,4.751710941337738,5.079128475888489
chaeyoung noh,151,6.668511118233589,6.670040125618482
chamy shin,57,6.68407420851719,6.6866663004627584
chan gyu koh,4,7.313167388954023,6.981527811003036
chang beom son,15,5.058281947563609,5.472765497833268
chang sook young,10,7.123991124497179,6.988066132545535
chang youngeun,7,6.536691597591306,6.61149349386253
changmin lim,63,8.069168468889279,7.969686680635821
changwoo yoon,15,5.922134691624581,6.120655055878998
changyeol gu,11,5.587600720366792,5.940293041702871
chankyung jung,6,7.31478829654895,7.0427100475004485
chansong kim,4,6.5886803558766225,6.659533574079747
chansoo hwang,6,7.487422819445751,7.136874332716885
cheol jin lee,19,6.850274320988154,6.822345535082757
cheolmin im,12,6.16116983417591,6.324418750195421
cheolyu kim,2,7.309960359807434,6.8858573518323
cheongah,7,5.412761500938906,5.955867604148632
cheyon woo,2,5.679241365740083,6.4199376392416285
cheyoung yoon,1,6.718314098082761,6.716565806882332
chloe ji yoon,2,6.62699416068497,6.690724152083024
chloe park,4,4.2156995180359,5.604875423928315
cho hye young,1,7.07707602359884,6.776359461135012
cho jungeun,1,6.257783403284636,6.639810691082644
cho mina,8,6.247703551699064,6.427900704369519
cho sungil,2,7.519988468196398,6.945865382800576
choi eun hyea,45,6.877618184561898,6.861477980969933
choi eunjoo,2,6.67907322729679,6.705603885400687
choi moon seok,19,7.517520850603033,7.350582371027869
choi myung ae,4,6.86627235030512,6.782907793825746
choi sung wook,1,6.76520426658586,6.724380834966182
choi yeonjai,7,6.312925187334505,6.480963087879398
choi young,2,5.864967432101988,6.473002229630744
choi young wook,8,8.858118009254998,8.034309601327017
choi youngmi,1,6.6420521132491315,6.703855476076726
choin lim,157,6.431331081933479,6.440123830905971
choong yeul yoo,5,7.699584376173775,7.20790026240801
choongmok yoo,45,6.943797050329403,6.921038960160688
chris measor,5,7.081513605115603,6.898864876878925
chu mirim,7,7.79961285671412,7.348197561684173
chul hyoung ji,2,6.803434599136378,6.7411357059262835
chulho park,27,5.3964286554936685,5.602645451298134
chun kyungja,8,6.791212348577551,6.7623676562947415
chung eun chun,2,6.166696668931449,6.55921058301059
chung hyunhee,2,6.4893517599995185,6.651397751887181
chung sang hwa,5,8.300280189852664,7.508248169247454
chungshin,1,7.520882817524938,6.850327260122694
cl ment rodzielski,3,9.289462072919793,7.681183370246327
clara baik,18,6.534004270306536,6.573615548205604
cs kim,62,5.853454998265338,5.917840158741226
da eun chung,5,5.341492671410482,6.028854410026364
da young kim,2,5.557426066555761,6.385133268046109
dabin lee,68,6.422832263932313,6.442927050556281
dae hyun kim,7,5.428028973069694,5.964773629558256
daesun choi,57,6.432091039136104,6.455004354418858
daeun an,5,5.991377594366742,6.353796871504494
daeun lee,3,6.205853178688349,6.5248300349095345
dagyeong yun,10,5.9364135733906345,6.196347765141172
dahee,2,6.480900963632299,6.6489832386394045
dahee yang,9,5.708519574940469,6.068411208405389
dahyun kim,5,6.178358608679293,6.44728737866077
dahyun song,18,6.265918331399977,6.3638091612352525
dain lim,33,6.486479680364263,6.516708163032418
dajung go,3,5.89613886715253,6.408687168083603
dallrye kang,11,6.622860424969247,6.652034088617059
dan bee son,1,5.829667464654243,6.568458034644245
dan kim,5,4.819520985354323,5.767868566998285
daniel archer,2,6.805120997997708,6.741617534172378
daniel henrich,2,5.308656302512724,6.31405619260524
daniel kim,13,7.07923210675872,6.978394340615256
daniel wheedong kim,5,6.954584461414978,6.835400305028612
darae lee,26,6.266708049917053,6.339209356163052
dasha jan,2,6.290374555675332,6.594547122080271
david douard,1,7.300145334639971,6.813537679641867
david surman,24,7.787714081608903,7.6029730586836175
daye park,3,7.154615356913664,6.880615851744028
denis lee,22,6.04433047457977,6.168753747554303
dian suci,1,6.545267555157642,6.687724716394812
diego rodarte,28,6.765158287166652,6.757742811632651
digital d,6,8.459265074304746,7.666970108094518
disorn duangdao,3,6.713891570160026,6.715344431711413
do ha ham,10,8.461982459443885,7.880060355843339
do jun na,6,6.709686619510663,6.712654587297746
do min,13,7.52122771253436,7.297613389230995
do su kim,6,5.973879855102607,6.31130544307517
do you hwang,252,6.685239253655739,6.685841916982325
doha ham,52,8.451511159576588,8.299292298968313
donah lee,7,6.536691597591304,6.61149349386253
donah lee 이돈아,5,6.431331081933479,6.5737736152878625
donghoon oh 오동훈,3,8.417282280525976,7.354115948098645
donghwi dongza,10,6.9101406384680555,6.845499141859452
donghyun kang,2,8.846979597835176,7.325005705554512
dongi lee,1,9.086136768516877,7.111202918621352
dongju kim,47,7.2390554332561745,7.188782425120219
dongnim kim,2,6.753236217018262,6.726793311035394
dongwan kook,5,9.155946299910383,7.936081224276315
dongwook kim,8,6.7229149099883205,6.720338463316754
dongyoon kang 강동윤,10,7.412160334945206,7.180178939510886
dongyoung kim,13,7.688775868053195,7.4186203904390435
dongzadonghwi,7,6.298296523236811,6.472429700489076
doohan lee,5,6.313274912849719,6.514745530745984
doyeon gwon,25,6.725433722188182,6.723897459930526
doyeon kim,6,7.196971262110486,6.978446210534013
doyeon kim 김도연,1,6.775583505873654,6.726110708180815
doyim kim,10,6.856642930611871,6.809834003288662
drawingmary,1,6.034639851970427,6.602620099196943
du hyun hwang,6,6.208319686858512,6.439181714942027
duckyong kim,5,8.169562934979023,7.442889541810635
duenchayphoochana phooprasert,10,6.649484053221155,6.671728085028186
duri baek,3,7.295636758741683,6.933498877429535
e eun seo,70,5.8980114555268415,5.952558435067869
e sun,5,6.1450566872953765,6.430636417968811
edgar plans,5,10.397056562304567,8.556636355473406
ej koh,12,6.727016015311202,6.7238395839379805
elle rosenfeld,10,7.080075351838175,6.958788950772866
ellie you,5,6.955957380800015,6.836086764721131
elly cho,1,7.3296872466942276,6.8184613316509095
enzo lee,2,6.701672728042757,6.7120608856138215
erin chon,1,6.241654279951103,6.63712250386039
erion cha,4,7.021742801218294,6.852005772009379
esther kwon,3,5.7257613813749755,6.34479561091702
etaehoon art,11,6.679315631846719,6.690847043345321
eugene ahn,3,6.259059860993026,6.544782540773788
eugene leem,21,6.236587005140967,6.328823378891213
eui jin yun,7,6.165393049047081,6.394902673878399
eun chun,6,7.6761258807796695,7.239803275262659
eun ee yoon,7,6.551087404704307,6.619891048011783
eun hye seo,278,6.461198344242922,6.4657039591616385
eun jeong lee,20,5.64060357303467,5.855726088156185
eun lee,10,7.185838320632605,7.029297596635819
eun pyo hong,21,6.599504492761406,6.62194904196926
eun young kim,3,6.532175946438866,6.647201072815978
eun young shin,7,5.379338813900594,5.936371036709616
eunah cho,23,7.719305196071794,7.540182151887946
eunbyeol choi,8,6.340211724016412,6.484828810410964
eunchae yi 이은채,8,6.622426516872546,6.658499452168584
eungjae lee,2,6.042061351179152,6.523600492224219
eunha jang,240,6.990535838436941,6.984937477420723
eunhyea choi,20,6.782374495769224,6.7691428263438285
eunja cho,105,6.777775420553941,6.774977271830682
eunji lee,4,6.020959231452784,6.407213074335819
eunjin kim 김은진,10,8.589292753046408,7.964933884911687
eunjoo choi,20,6.477514891177444,6.525255142670404
eunjoo lee,11,6.391839656438236,6.493207310251989
eunju jeong,5,7.415851298177262,7.066033723409754
eunju kim,63,6.9319796678730015,6.9161147032236805
eunju park,11,5.805461900269693,6.090072602886115
eunjung lee,12,5.614847723142095,5.938779612995081
eunjung park,9,5.606120957716171,6.002583525904056
eunmee kim,163,6.86519566456334,6.860761750399022
eunnim ro,5,8.790486526415918,7.753351337529082
eunsaem ahn,6,6.536691597591306,6.618293666250824
eunyoung choi,8,6.144799986419891,6.364575433428489
eunyoung kim,1,6.715719336842767,6.716133346675666
eunyul kim,5,6.854448880110005,6.785332514376125
euri sim,8,5.48449351005082,5.9582329864321375
eury kim,177,6.393590753950632,6.402454088969633
evan 최석현,22,6.534551033092193,6.5681927211570175
evgeniya tuchkova,6,6.103982396841105,6.382270465841623
evi pangestu,11,8.06043478892052,7.64036646383356
ewha,7,7.464411025289083,7.152663160019568
ewon moon,1,8.131323392376192,6.952067355931237
faozee,18,6.366425572449861,6.442467002056901
farzana ahmed urmi,11,6.723634100243554,6.721315990368145
fi jae lee,5,6.199326902187072,6.4577715254146595
forest kim,3,6.142195520853715,6.5009584132215466
g sim seyeon,24,6.5503184307601305,6.578921485567393
gabby chu,10,5.891699757100314,6.166538554280958
gaeul jeon,3,6.252024440432624,6.542144258063638
gallery hexagon,88,7.582059371740603,7.535508660821336
gan tee sheng,2,5.926991717025404,6.490723453894576
gauzan kang,1,5.109575241951159,6.448442664193732
gbday,5,7.520110108711417,7.118163128676832
geon u cha,10,7.12373153776024,6.987893074720909
geonwoo lee,8,6.865195664563341,6.807895850747536
geonyul jang,108,6.36875877824945,6.384132998178335
georg baselitz,1,5.97776570274982,6.593141074326842
geum sahong,5,7.660408338151578,7.188312243396912
geun hwa lee,3,7.13120817222654,6.871838157486357
geunyoung kim,40,6.115855518411908,6.182562255104169
gi ko,5,5.699180603157513,6.20769837589988
gilyoung jung 정길영,5,6.890157410589089,6.803186779615667
gisele park,20,6.346060093706902,6.420091304693972
glen wilson,7,12.90113979301475,10.324088274526206
glim grim,6,5.782810181845527,6.207085621298581
go eun choi,4,6.5866799305406065,6.658644496152629
gon jeong,5,5.452446541230188,6.084331344936217
gong yena,21,6.375849072474474,6.441304279429815
goo gijeong,3,7.663350858814668,7.071391664956904
goro nagashima,1,6.428674461866866,6.668292534179682
gosce bang,33,6.363989336482339,6.410334969661275
green lee,5,6.1450566872953765,6.430636417968811
greg haberny,10,9.075820535004596,8.289285739550479
grymc art,1,5.7606486403754165,6.556954897264441
guem eye,6,7.96724232466164,7.398594062834643
guione jin 진귀원,4,7.9701412984468165,7.273516215222055
gum ran choe,4,7.269372200067322,6.9620632826089475
gunho byun,4,7.643084073578377,7.128157448613861
gunsun kim,11,8.110134553851381,7.6745350522235265
gunwoo park,1,6.367184889585018,6.658044272132709
gunyoung byun,1,7.130759931761503,6.785306779162123
gwanhee lee,34,5.83791075445243,5.950514010117791
gwi hwa yoon,3,6.440104960078591,6.612674452930875
gwondo back,13,6.546542113282287,6.593673789771165
gyobeom an,573,6.432199458863611,6.434656350643703
gyomyung shin,2,6.597207212521449,6.682213595464876
gyu kim,35,7.900246471741707,7.752242681354275
gyubin seong,3,5.424874280349531,6.2319629480324785
gyuhun jo,1,5.949112251027236,6.588365499039745
gyul e kim,36,6.034209944620092,6.117381432915477
gyume,3,5.716544600000947,6.34133931790176
gyunghwa roh,19,5.949143393954635,6.108950217847887
gyuwon lee,1,5.085858715333843,6.444489909757512
gyuyeol lee,2,5.701792870379359,6.42638092628142
gyuyoung lee,10,7.090387585751383,6.965663773381672
h m moon,25,5.9241350317601364,6.056148551240487
ha chong hyun,5,8.328106622545473,7.52216138559386
ha in doo,1,8.206027651606476,6.9645180658029515
ha ninh pham,2,6.080528747386961,6.534591176855022
ha yi jun,5,5.726681344641332,6.221448746641789
hae lyn hwang,7,4.872071611881221,5.640465168864981
haechan kang,3,6.1263835687111,6.495028931168067
haeeun hong,7,5.936282473831998,6.261254838336268
haegeun seo,2,6.323454332634913,6.603998486925866
haegue yang,1,8.231529283120695,6.968768337721987
haejin yoon,3,6.697854584050386,6.709330561920298
haengsook choi,28,7.57432582905355,7.444309210809413
haeryang lee,1,5.726486940037288,6.5512612805414205
haesun jwa,4,6.125155592040809,6.453522567930496
haeyoun hwang,15,6.717062115080612,6.716850623471021
hagjae lee,4,10.10320779160395,8.221545767736337
hagley art,114,6.718511017946722,6.718414594866702
hailey lee,1,5.765582875561648,6.55777726979548
haju oh,4,5.679643291033513,6.255517100816143
hakjin chung,2,6.633753310434436,6.692655337725729
ham bo kyung,1,7.094538358414617,6.779269850270975
ham sup,4,8.347944428389248,7.441428717418692
ham sup 함섭,15,8.454014289794705,8.01956475450659
han gyul jung,3,6.536691597591306,6.648894441998143
han kiho,3,5.445553323763898,6.239717589312866
han lee,1,7.68617621663317,6.877876159974067
han saem david,3,6.543877257252179,6.651589064370971
han sin young,3,6.658887480552082,6.6947178981084345
han unsung,1,7.840747860474224,6.903638100614242
han young wook,9,8.08833241129919,7.59829088892171
han youngsoo,3,7.42330174203062,6.981373246162887
hana kim,5,5.6709220898066395,6.193569119224443
hana lee,5,7.2433557663671975,6.979785957504722
haneul kim,9,9.93561883071892,8.78583215854868
hanji park,255,6.729335636110627,6.729083338274697
hanki bae,1,9.261377065357058,7.140409634761382
hanna jung,8,6.0788605039678245,6.3239972903810635
hanna kim,27,7.658701078269454,7.511437808015202
hanna seo,6,5.821695152149348,6.228295605100666
hannah kim,2,5.6114771843998295,6.400576444572985
hannah kim 해나킴,20,6.802509062101812,6.785250479409899
hannaz,27,5.576383980300376,5.754482756603793
hanok kim,9,6.090617851055011,6.314045814479024
hansaem park,21,7.154615356913662,7.070307816861467
hansol noh,4,6.597870423604553,6.6636180486254935
hanyoung kim,9,7.401202775215811,7.156564694296681
hari im,3,5.826750739665522,6.382666620275975
haseullin jeong,1,6.348713561519936,6.654965717455195
hayato machida,5,6.630420720444306,6.673318434543276
hayul jeong,6,5.725761381374977,6.175968093769191
hazzi eunjeong kim,41,6.877272558456774,6.8597664269551935
heaja kim,17,7.359370892585854,7.213199359871399
hedon139,5,5.7257613813749755,6.220988765008611
hee bae,3,7.235738500278439,6.911037030505819
hee jeong jeong,7,4.716182715077265,5.549529979062673
hee myoung lee,6,6.502480683354846,6.599633167576392
hee ra kim,21,6.749884818052346,6.743410073935019
hee seon kim,6,5.571334112373199,6.091735037950039
hee sun kim,7,6.536691597591305,6.61149349386253
heejae lim,1,6.853645953335106,6.739121116091056
heejea namgung,1,7.429509973280319,6.835098452748592
heejoon lee,3,5.956942354736255,6.4314884759275
heeju moon,10,5.570480328825067,5.952392268764127
heejung eun,52,7.719758725366231,7.631728674776409
heekyoung jeon,13,6.909671250554981,6.855933722245888
heekyung chung,3,6.915758231844939,6.7910444298432555
heera an,2,6.630254541828055,6.691655689552477
heesook han,6,7.82027951470252,7.318432530129669
heesu won,9,5.822633627130159,6.141770241955904
heesung yang,22,5.583293964100619,5.793094368645365
herbert matter,1,8.816848770920107,7.066321585688556
heuitae yoon,5,6.9291868620581845,6.822701505350215
heung duk lee,2,7.643770747603046,6.981231748345332
hey june,10,4.519285446830921,5.2515956807680295
hey sook yoo,6,7.5315837152315215,7.160962094054579
heya,6,5.809642865355679,6.221721630485937
hijo nam,2,8.136438678384213,7.121994014282808
hime,1,7.716913965467192,6.88299911811307
hiroshi mori,2,7.64853612518359,6.982593284796915
hiroshi nagai,3,8.928628250336779,7.545870686777696
hiroshi sugimoto,2,9.684599249823847,7.564325606122703
ho junga,5,7.46777299221099,7.0919945704266185
ho sangun,24,6.922581878982842,6.887001580648256
ho tae jeon,5,8.656955133791397,7.686585641216823
hobong kim,12,7.342673308649779,7.1584212027652105
hojin kim,1,6.211894801611374,6.632162590803767
hojoon kim,10,6.889080000871891,6.831458716795343
hojung kim,7,8.314548161650368,7.648576489563651
hokma gim,5,6.370348876998683,6.543282512820466
hokyung kim,5,6.846150603804292,6.781183376223268
hong il park,18,6.194573791820561,6.307974304173102
hong ji oh,10,5.699444073057603,6.0383680982524846
hong kyoung tack,5,8.690753242541618,7.703484695591932
hongchul yun,1,8.798798044227281,7.063313131239752
hongmin lee,12,6.961528651579785,6.889377915421686
hoseong kang,10,6.524269077592747,6.588251434609247
houk lee,27,7.279099413799777,7.191148903618913
huieun oh,6,5.533071174994154,6.070864344834195
hur boree,10,7.079368933244602,6.958318005043817
hur kyung ae,17,8.326274787396764,7.96035236949801
hur seunghee,1,8.1919390460567,6.962169964877989
hwartist,10,5.949112251027236,6.20481355023224
hwasu yoo,6,6.523486569017642,6.611090923392462
hwayeon,3,3.571186599657411,5.536830067772933
hwayeon lee,7,6.192014476915738,6.410431840135117
hwi kim,9,5.392185785725999,5.865053772481802
hyanggi lee,4,6.614433286961006,6.670979321228362
hyanglan yoon 윤향란,11,7.54454952299095,7.28569534350698
hye eun cho,4,6.389538925071154,6.571026271499538
hye eun kang,6,7.493666677031769,7.140280073218349
hye hwa lee,7,6.247733067431135,6.4429343512690975
hye jeon kim,62,6.474647803481725,6.49267529192654
hye jeong kang,5,5.734176221929541,6.225196185285894
hye jin stella kim,21,6.3092003221526305,6.387472596477556
hye kyung lee 이혜경,9,6.690842277418563,6.699904374284164
hye rim baek,5,6.029257259909721,6.372736704275984
hye rim park,5,5.753932258341672,6.235074203491959
hye young ha,21,6.467283778593174,6.515155388217996
hyejin jo,4,5.914149189197843,6.359741944444734
hyejun mo,3,6.238566669244716,6.537097593868173
hyejung moon,1,6.128173051996251,6.618208965867914
hyekyung lee,1,7.005771154693663,6.7644753163174824
hyemi lim,1,6.708564484084357,6.714940871215931
hyeokeon kweon,36,5.749515467383084,5.867405794365909
hyeong gil choi,5,6.5793946746040675,6.647805411623156
hyeonji do,5,6.099497136593777,6.407856642618012
hyeonsook heo 허현숙,2,6.6270197363287515,6.690731459409819
hyeonyoung kim,4,6.471950554974221,6.607653662567568
hyera lee,699,10.812279749029052,10.78318838823085
hyerim jun,3,6.363381334956937,6.583903093510255
hyeryeon jung,118,6.466524361125086,6.476674433788386
hyeseung kwon,5,5.9292793363126,6.322747742477423
hyeseung lee,16,7.00933775875086,6.93954689920119
hyesoo han,29,6.517066001214719,6.54635278760112
hyevin namgoong,6,5.833587037813985,6.234782088190467
hyewon lee,23,6.324502772416961,6.394451589600048
hyewook jeong 정혜욱,25,7.4041921652960285,7.289529495853731
hyeyeong ji 지혜영,2,5.782115403680455,6.449330221510307
hyeyoung hwang,14,6.982557740620252,6.912467847994462
hyeyoung jeong,2,7.253200429051573,6.869640228759197
hyeyoung yoon,12,5.856976268461882,6.109693880279636
hyeyune choi,50,6.46186258816507,6.484985639117541
hyojeong son,1,5.9170066361899725,6.583014563233534
hyoji lee,4,6.728198063962333,6.721541444340063
hyojin park,21,6.67038396896698,6.679197849673762
hyojun kim,16,6.052638835795473,6.210633434092323
hyojung jung,3,6.192920058488479,6.519980114834583
hyojung kim,6,6.66809113309952,6.689966140164396
hyojung lee,1,6.430871727993196,6.668658745200737
hyoseon park,1,6.679792441231978,6.710145530740536
hyosy hyosy,11,7.00669522683704,6.915920514901167
hyoung jun lee,40,6.742958319209461,6.739986966924215
hyoyoun lee,37,7.1241772962276215,7.075610492943649
hyuckjin oh,54,6.043980153200298,6.100949305356395
hyun chul jung,23,7.43317970216928,7.30515049618231
hyun hee lim,2,6.383936789499039,6.621279188887044
hyun jin kwon,3,7.189016783630996,6.893516386763027
hyun jin oh,9,7.074809363645304,6.946740358287069
hyun jung ahn,6,7.4730715404109445,7.129046362334264
hyun jung ji,5,6.683823067374254,6.70001960800825
hyun yoon park,2,5.8584249406117745,6.471132946347827
hyundoo jung,2,6.064508962129346,6.530014095352846
hyung geun park,1,6.892920212578197,6.745666825964904
hyung gil kim,6,7.644877622238073,7.222758770603606
hyung koo kang,14,8.24820178707671,7.845047671699219
hyung seok choi,6,5.919887070754282,6.281854833430629
hyung seok kim,4,5.222026546475072,6.05213188101239
hyung wook kim,2,6.382909099927145,6.620985563295075
hyungdae kim 김형대,15,9.175748927206564,8.560865732565485
hyungjin park,10,7.209547211672774,7.045103523995931
hyungjun suh,73,4.8589721777407995,4.978026278439611
hyungsub choi,10,6.4907267691762796,6.565889895664935
hyunhee lee,4,6.350372392788668,6.5536189238184335
hyunho lee,5,6.432207314191077,6.574211731416662
hyunho park,3,5.5059567313262825,6.26236886714876
hyunjee kim,5,7.405184721208781,7.060700434925513
hyunju kim,276,6.5751145796143,6.57762528368953
hyunjung park,24,6.65748954854079,6.667614824420352
hyunjung shim,1,6.75804783833142,6.723188096923775
hyunmin wang,7,6.175460837116711,6.400775550252351
hyunn,10,5.516356683546329,5.916309838578301
hyunseok cho,83,6.520492725372661,6.531613374422069
hyunsik kim,2,9.06806724520894,7.388173604804159
hyunsoo kim,9,6.360100715506334,6.48728479876916
hyunsook jeoung 정현숙,5,7.3270025266049,7.021609337623573
hyunsook yoon,1,6.671673316793473,6.7087923433341174
hyunsun yoo,2,7.013847709828923,6.8012537375527256
hyunwook park 박현욱,2,5.706551826423004,6.427740628008176
i kyoung ha,4,7.013213910191922,6.848215153775436
ian ha,1,6.249976242259983,6.638509497578536
ik soo kaay,5,6.390509087413224,6.553362618027736
il jung,15,7.375020787995749,7.210319628157373
il mo jung,9,6.567058762183962,6.620329257347635
iljun choi,11,6.295481451868595,6.426961044610361
iljung kim,3,6.8828505998020635,6.778704067827178
im jihyun,1,5.9076520976607,6.5814554734786554
imhathai suwatthanasilp,5,6.490639228133112,6.60342768838768
imjibin,1,8.573573524852344,7.025775711343929
in dongwook,23,6.8774802015548175,6.848683049249002
in kyung kwon,15,6.973409249203572,6.909110974063241
in ran hwang,10,6.90885465922899,6.844641822366742
in song,14,7.2395599819303005,7.101837920538707
inae,1,5.559278888610768,6.523393271970334
inhee jang,34,7.079854716462937,7.033234387255156
inho baek,3,5.229678039346188,6.158764357656224
inhye jeong,2,6.549422290070123,6.668560760478782
injung kwon,17,5.803539027028275,6.010965645576905
inkyung kwon,11,6.619688517162274,6.649853401999765
isaac oz,7,6.719433242609963,6.718092786790081
ivie ives,232,5.789590841476934,5.809139898590127
jack kabangu,6,7.898146000718062,7.360905158865418
jack shure,1,8.007345501134074,6.931404374057551
jade kim,2,7.858116804408105,7.042473478861063
jae ho jung,2,6.674691452249084,6.7043519496727715
jae hyeon kim,22,6.599204645390683,6.620873442289121
jae sam lee,3,8.399732268824325,7.347534693710526
jae seong park,2,5.271234037268739,6.303364116821244
jae yeon jang,4,5.9269260259704115,6.365420538565875
jae youl jeoung,10,8.749629137230109,8.071824807700821
jae yun lee,5,9.224939171397338,7.970577660019792
jaebum joo,5,6.878242394053724,6.797229271347985
jaeha park,16,6.349589817624361,6.436881801200048
jaehee jang,10,6.208859553938703,6.377978418839884
jaehee kim,2,6.6969023520649476,6.710697921048732
jaehee yoo,19,6.881891214790109,6.847375576009305
jaeho jung,7,7.473368086389934,7.157888112328398
jaeho park,5,7.627140575620254,7.17167836213125
jaehyug choi 최재혁,29,6.950433047828909,6.915989386183812
jaehyuk han,64,6.9842477759378845,6.964825194249795
jaehyun yeon,1,6.6195592025056555,6.700106657619481
jaein park,5,5.935699904115523,6.325958026378885
jaeok lee,5,5.893975270658251,6.3050957096502485
jaewon kang,6,8.469872964725125,7.6727562301419985
jaeyeon leem,28,5.773461059604765,5.916302739761959
jaeyeon yoo,23,6.89780494812897,6.865378376792054
jaeyoon yoo,1,5.746952328081349,6.554672178548763
jaeyoun shin,5,6.4382325345737526,6.577224341607999
jaeyoung kang,11,7.238677726818454,7.075408483638389
jahyun koo,9,8.278888999871345,7.720791553003809
jai kwan kim,1,8.656955133791396,7.039672646167105
jamsan,57,7.104087572845689,7.072807619280895
jane nee,16,6.215897158449236,6.33502072754281
jang bae park,12,7.093047837989753,6.982214988181663
jang jun seok,13,7.737890475034517,7.454092051036664
jang kyungki,18,6.31102618778476,6.3991109618842135
jang seung keun,14,6.398379981793793,6.48202107833286
jang woo suck,2,7.201976578140084,6.855004842784486
jason ha,6,5.699444073057602,6.161613198323349
jay choi,2,7.207873685478521,6.856689730595468
jazoo yang,2,8.268556862735593,7.159742066954631
je in yun,3,5.477132798895237,6.251559892487117
je lee,2,7.3436617720634505,6.895486326762589
jeah hyuck,25,6.100785463981904,6.203357244758627
jeamin seung 승지민,7,7.699842407396987,7.289998132915845
jeeae yeom,25,5.9533592830385675,6.080502093972514
jeehye song,2,6.2027651498807295,6.569515863281813
jeeyoung lee,3,6.009529554505621,6.451208675841012
jennifer hur,10,6.870828328336692,6.819290935105211
jennifer lee,79,7.324415551248702,7.2882132058554605
jenny seongryung lee,25,5.210317726684657,5.461300797010922
jenny shin,7,5.962315092231792,6.276440532402815
jeon byeong sam,45,7.494627030737179,7.416785942527685
jeon byungtaek,2,6.58915282533475,6.679912341982962
jeon woong,4,6.990511863413911,6.83812535520743
jeong a lee,9,6.269728179828846,6.429188168690774
jeong ah lim,40,6.21696140876438,6.272434157639698
jeong bo young b 1973,6,7.424605284720287,7.102610222866631
jeong dayeon,2,4.377287262455143,6.047950752588788
jeong in weon,1,7.443898710732419,6.837496575657275
jeong jingab,5,8.477788259615071,7.597002204128659
jeong ok lee,3,6.838200975370432,6.761960458665316
jeong won ju,3,5.219325037436272,6.154881981940006
jeong yeon kim,5,6.407858725748337,6.562037437195292
jeong zik seong,2,8.166538381656613,7.130593929503495
jeongeun han,5,6.021085750652325,6.368650949647286
jeongeun im,1,6.034968168338862,6.602674818591683
jeongeun lee,2,6.240100533142279,6.580183115642256
jeonghee sohn,1,9.235658179960472,7.136123153861951
jeonghee son,25,6.708369202756472,6.709677027070768
jeonghu jang,1,6.642151646438554,6.703872064941631
jeongkeun nam,5,6.876968120164256,6.796592134403251
jeongkyu lee,4,7.715467760491197,7.160327976130669
jeongmo ahn,7,6.1632602394328675,6.393658534936776
jeongrock heo,78,6.218624922078445,6.24860029717265
jeongsoon kim,7,5.499040008712884,6.006196733683452
jeongwoo kim,11,5.807319212857877,6.091349505290492
jeongwoong lee,9,7.076173930607101,6.947617579905367
jeongyeon kim,4,6.766468155075263,6.738550373723587
jeongyoon oh,21,7.428764459640165,7.291735938294412
jeongyoon park,3,5.78924232860769,6.3686009661292875
jeremy yong,36,5.183189059296405,5.370143582387361
jess kim,4,5.079215507079941,5.988660307947888
jessup choi,7,5.577749617467079,6.052110672123399
ji eune kim,1,6.1025044205498915,6.613930860626854
ji hun choi,6,5.22415990296791,5.902367287365336
ji hun lee,3,6.174104995322112,6.5129244661471954
ji hwan lee,4,6.636438171742446,6.680759270020113
ji hyun chun,6,6.519400100481244,6.608861940554427
ji hyun jin,20,6.400673722044225,6.463782207363829
ji ii choi,5,8.482889144263197,7.599552646452722
ji ryeon kim,3,5.880406010335519,6.402787346777224
ji young,5,7.335199293809077,7.025707721225662
jiang lingyang,1,5.408168049153467,6.498208132060783
jieun choi,18,6.093135009116997,6.2285874307529205
jieun jung,7,6.3702377158736505,6.5143953961938985
jieun kim,20,6.7474047822123016,6.74116705549829
jieun lee,3,6.819215567385461,6.754840930670952
jihae lee,40,6.647738556277798,6.655347177651627
jihea kim,37,6.131226489483141,6.200868115573511
jihea yang,6,7.279037259314651,7.023209481736285
jihee yoo,23,6.297965192917468,6.372652863582608
jihi heo,1,6.177155421371541,6.626372694097128
jihoon ha,8,7.032762324444036,6.911013795289501
jihoon kim 김지훈,25,6.49586960307105,6.532594027332916
jihye,8,7.652630022555725,7.29247084028131
jihye park,1,6.277794876571277,6.643145936630418
jihyun im,3,5.946872810813982,6.427712396956647
jihyung song,5,7.87675007434686,7.2964831114945525
jimin han,5,6.531704056080267,6.623960102361257
jimo,7,6.166696668931448,6.395663118810947
jin choul chai,2,7.012958125046033,6.8009995704719
jin han,5,4.601427199709258,5.658821674175752
jin hee kim,5,6.793064512756957,6.754640330699601
jin kim,17,6.692359309883594,6.697781318692379
jin pul,18,6.432971426563412,6.494546366145768
jin seok heo,6,7.554863273481372,7.173660034918132
jin sook woo,5,7.476118923095985,7.096167535869116
jin taek,15,6.218509089691141,6.342935854428918
jin woo lee,6,8.107489362864385,7.475092447308867
jin yoo,4,5.782735265384839,6.301335756083399
jineui heo,53,6.665999119099643,6.670328173370557
jinhee choi,5,6.0899736544546546,6.403094901548451
jinhee hwang,3,5.672995315838319,6.325008336340773
jinho kee,78,6.654257574809814,6.657990019016587
jinhui lee,7,6.054265448347012,6.330078240136693
jinhyeok lee,6,6.47570939265651,6.585030645377299
jinhyung lee,14,6.3829888960830115,6.470680278335442
jinlee park,13,7.246782353277779,7.099402851990131
jinny suh,16,6.862501757706434,6.827671850786389
jinsoo youn,3,7.1999944655580155,6.89763301748566
jinu nam,1,6.94088024799108,6.753660165200386
jinyi koh,9,7.004433635220985,6.901498818585721
jinyong beom,3,6.145494461280846,6.502195515881721
jinyoup chris park,8,7.545019300638174,7.226248857562817
jion tak,3,7.014958252116446,6.828244437445071
jisong yang,6,7.263689815923035,7.014838148977222
jisoo yoo,4,6.117981262733119,6.4503339771270785
jisun kim,6,6.44585972330989,6.56874900755187
jisup kim,34,6.255654067858194,6.314700488471534
jiweon lee,5,5.90808293816893,6.312149543405589
jiwon choi,2,7.146680360283561,6.839205923396908
jiwon jang,92,6.343961099525689,6.363149504119326
jiwon yoon,25,6.244449156313916,6.323076988368638
jiwoo oh,5,5.656442637064416,6.186329392853331
jiyeon lee 이지연,13,6.881174500764674,6.835352736286222
jiyeon song,3,8.068410739573835,7.223289120241592
jiyoon kim,46,6.112598376104227,6.171776589098151
jiyoung lee,5,7.862024123767628,7.289120136204938
jiyoung son,3,5.645093478307521,6.314545147266724
jiyoung yoo,7,6.486023198410102,6.581936927673496
jiyoung yu,4,6.366718624441472,6.5608839156641245
jo jae,5,6.803227749628203,6.7597219491352245
joanna jung,7,7.23705787670011,7.020040490009333
john lee,2,7.629475027354491,6.977147256845745
johnny kim,45,5.323149342249218,5.462456022888521
jojo anavim,12,7.700430357551079,7.410955590224952
jonathan hadipranata,2,6.667635103460812,6.7023358500189785
jong in kang,3,6.571019572460836,6.6617674325742176
jong pyo kim,9,7.261872528100977,7.066995249722859
jong sook kim,10,8.328451066819362,7.79103942742699
jong tae choi,1,10.445793872508473,7.337812435953285
jong taek woo,1,6.909613526193667,6.748449044900816
jongbin lee 이종빈,31,8.235985839147268,8.024906715466015
jongheon bae,6,9.034487695619692,7.980727901539035
jonghwan jin,21,6.360449086873732,6.4288658295215235
jonghwan lee,7,6.615866681758992,6.657678959627014
jongwan jang,3,7.789935450924024,7.118860886997913
joo lee kang,1,6.933073086966425,6.7523589716962755
joo minseok,2,4.084016876432465,5.964159213725166
jooha sim,58,6.412101770303638,6.436237832076542
joohyun kang,1,6.485647299601231,6.677788007135411
joohyun kim,14,6.39404469257641,6.478826654698999
joon hwan kim,57,6.82504729755256,6.816270591995276
joong hyun park,199,6.488053083666269,6.493645315650975
joongok kim,1,6.300920419109323,6.647000193720093
jooyeon lee,43,6.62722155422264,6.636491824474682
jooyeon oh 오주연,5,7.335199293809078,7.025707721225662
josephine lee,2,6.310962724455256,6.600429456017392
joung eun shin,3,6.824373670043086,6.756775219167562
joung hwang,8,5.977157251501443,6.261410673478674
jourdain jongwon lee,2,6.743897485575397,6.724125102051717
joy,7,4.512630639264275,5.430791268171763
joy rock,12,8.186506336872982,7.754068046216884
ju chul kim,49,7.940084706469371,7.826763543707599
ju dong yoon,12,8.314312974858497,7.844284496559601
ju hang ryu,6,7.047517221357295,6.896925824668637
ju hyun you,14,5.895073798983424,6.1111638909989034
ju young kim,1,6.87638820499562,6.742911491367809
juae park,4,6.3446284190083295,6.551066046582728
jui lee,3,7.004858504049501,6.824457031919967
juli baker and summer,11,7.021541734954035,6.926127489231601
julie choi,4,6.8498608530352225,6.775613795039124
jun hyung park,1,6.248971651938305,6.638342065858256
jun kun choi,1,7.2463096818076735,6.804565070836484
jun sung back,5,6.867262911605858,6.791739530124052
jun yoshi,9,5.849686736487657,6.159161526542867
junesuk park,22,6.232924440801658,6.322422905216581
junewhan kim,3,6.933553971803778,6.7977178323278205
jung boram,36,6.400742709624325,6.439215080236267
jung eun,10,6.016630733886573,6.249825872138463
jung hee kim,3,8.524783360682912,7.394428853157496
jung hwan young,16,6.675680594518189,6.685331916928679
jung hyun park,9,6.3886555187639,6.505641458006167
jung jin,6,6.920724932949573,6.8277663946280605
jung jungyeob,20,7.583660653107575,7.4101717522145085
jung kwangmin,17,7.067319848653476,6.987523553196379
jung myunghee,2,6.453730076876958,6.641220128137879
jung ok kim,2,6.449680220601675,6.64006302634494
jung sung yoon,17,6.709038071363182,6.710669452562969
jung uk yang,2,8.341361010040988,7.18054325189903
jung yeonkyung,2,7.042765739000283,6.809516031601686
jungbin suh,4,8.699514748210191,7.597682192894666
jungdong lee,15,6.67979244123198,6.688898368084546
junghee park,10,6.5691580473947795,6.618177414477269
junghwabaek,11,6.867252175882057,6.820053417369616
junghyen kim,12,8.122993289898691,7.709235307176207
jungja kim,32,7.459251942479055,7.358841700068675
jungkee son,18,6.449365417316908,6.507376445865895
jungkeun shin,3,6.5142187417392465,6.6404671210536215
jungkum jang,6,7.178434966433226,6.968335503800962
jungmo kwon,2,6.518829059996554,6.659819837600621
jungmook jung 해청 정정묵,5,9.532423871145294,8.12432000989377
jungouk hong,12,8.228048664815717,7.783392042411755
jungsan,2,6.875878991872171,6.761834103850796
jungsook ahn,20,8.176160777331406,7.884171851593574
jungsu yu 유정수,5,6.116007243823871,6.4161116962330595
jungwan chae,47,5.788381743356643,5.87759659001872
jungwon bac,6,6.567703240409093,6.635209107787799
jungwon shelley bae,3,4.7643009308561,5.984247941972441
junho jung,6,4.8756104520053665,5.7122494050221295
junki min,1,6.286607938696532,6.644614780317961
junmin shin,12,6.1377502777650985,6.307887298611318
junseok kang,1,9.213343377235951,7.132404020074531
junseok mo,1,7.566311014772463,6.857898626330616
junsoo kim,62,6.557429738699043,6.569279470784356
junsung chang,14,7.011232752934908,6.933596804436839
junyoung kang,5,6.85464114333265,6.785428645987449
junyoung kim,1,5.84190103128763,6.5704969624164775
junyoung song,16,6.1339584354718575,6.27259122432195
juwon ju,5,5.839985941108693,6.27810104487547
juyoung park,6,5.748109558523864,6.188158008577674
jy kim,3,6.15972283431276,6.507531155768689
k hana,8,5.382215041813165,5.895292390593581
kai jun,19,8.379490682510571,8.032975154621337
kaia kim,5,5.901173529867996,6.3086948392551205
kama,2,5.391658826477727,6.3377711994523835
kana ji,13,6.4789088428739765,6.544827538920718
kang kukjin,4,8.394183480580304,7.461979407281382
kang lee,5,7.846024917575068,7.281120533108657
kang miro,16,6.651781501898816,6.667123084456775
kang rahee,2,6.838553137411823,6.751169574004982
kang yehsine,70,7.922985958711195,7.842534638039932
kang zi,13,6.893651985202263,6.84436425282448
kangnam cho,64,6.953328344277812,6.936146301115815
kangso lee,1,9.119043279039028,7.11668733704171
kangsoo lee,7,7.335199293809077,7.077289649989564
kangyoon lee,1,8.255702435000908,6.972797196368689
kangzi,5,6.429779558895339,6.5729978537687925
kapim lee 이갑임,28,7.084951987224413,7.029082920772569
karis choi,5,6.639821220605132,6.678018684623689
karis kim,218,7.840122554508202,7.814922859309414
kawon oh,11,6.915839397382095,6.853457132150893
kay yoon,2,8.749339538911903,7.297108545862149
kayoung choi,11,6.100040614868023,6.2925954691724675
kee tae kim,17,7.1781955449994115,7.0732002276455095
keetae kim,1,6.712892003711653,6.715662124487147
kelly kim 김서연,3,6.750503821476631,6.729074025955141
kenshi,9,6.090903442946143,6.31422940926618
kentaro hiroki,5,10.583249249596953,8.6497326991196
keunhyung park,10,5.70613578499839,6.042829239546341
keunjoong kim,30,8.20781496218057,7.994729417389382
keunwook ji,11,6.794520706893405,6.770050532439917
keything key,8,6.149575628151336,6.367514289878609
ki hoon kang,5,7.020356564898011,6.8682863567701276
ki yeon seo,1,6.8740544383978515,6.74252253026818
kim bokeun,1,6.045895545036455,6.604496048041281
kim bonghwan,2,8.686291125791671,7.279094713542081
kim byungjong,6,8.907135143932111,7.911262873345809
kim byungkwan,139,6.489612297825502,6.497480487089972
kim chae yeong,1,5.2022306040769735,6.463885224548034
kim chae yun,33,6.558585582226041,6.579326446228173
kim chang young,26,7.975764195075954,7.77261128436084
kim chong hak,2,9.771992685298951,7.589295159115591
kim chun hwan,4,8.00129258559297,7.287361231731457
kim deulnai 김들내,2,7.199188338952492,6.8542082030166025
kim dohee,4,8.841534030762613,7.660801874029076
kim en joong,11,8.083194164042963,7.656013534230239
kim eunsong,1,5.218605486497948,6.4666143716181965
kim geonil,3,7.361598342376416,6.95823447129256
kim greem,6,6.332213759339105,6.506760299931442
kim hak young,5,6.180016653652573,6.448116401147409
kim heejin,2,5.720252165603947,6.431655010631303
kim hongbin,96,6.676873628191167,6.678821277718448
kim hwan,36,7.16494245812811,7.1102197374591025
kim hyejin,3,7.11560861546665,6.865988323701398
kim hyun jung,2,6.143762743119183,6.552658032778514
kim jae hyeon,63,6.461401925960331,6.480138265863413
kim jeongyeon,7,6.523486569017642,6.6037905605278935
kim ji hoon,51,6.9421567056994675,6.921983441676501
kim jisu,3,6.101497955326797,6.485696826148953
kim jung ah,45,6.858965114812705,6.844690218195658
kim junghwa,2,5.718640936569676,6.431194659478655
kim junki,14,7.384419330215704,7.2085763876963735
kim kyoungmin,2,6.119034448717779,6.545592805806684
kim kyuri,2,5.944730947879045,6.495791805567046
kim man su,3,8.041056703349604,7.213031356657505
kim minchae,2,6.345729357136673,6.610362779640654
kim myoungjin,17,7.24964693032457,7.128412661760406
kim nam pyo,4,7.308440163917311,6.979426822097831
kim seoyoon,1,3.9617518250998245,6.257138761385176
kim sieun,2,6.132216559985147,6.549359123311646
kim sohyung,1,8.005873618516963,6.931159060288032
kim soo young,22,6.829436464385548,6.808469739247899
kim soonok,6,7.776742960039998,7.294685318495566
kim sori,2,6.923303295370623,6.7753839048503535
kim sung min,3,7.070274208479912,6.8489879210813704
kim sunggun,23,7.324149457622493,7.2155899381617346
kim sungheun,5,6.884527592862834,6.80037187075254
kim sungho,1,6.458276587525449,6.673226221789446
kim sunwoo,3,6.474387714255151,6.625530485747086
kim syyoung,6,10.200283908723774,8.616616745050353
kim tae joong,1,7.459251942479055,6.840055447615048
kim tae rin,5,6.262575932494773,6.48939604056851
kim tai kyun,3,7.047517221357296,6.84045405091039
kim tschang yeul,14,6.992055429911362,6.919466145366858
kim whanki,23,5.759662933050658,5.930476007263442
kim yohee,8,6.151336027737271,6.368597612700723
kim yong ik,10,6.857995895271154,6.810735979728184
kim yoori,6,6.537984285629156,6.618998768816923
kim young hun,4,7.517731099245773,7.072445015577147
kim young hwan,1,7.415920336074674,6.832833513214318
kim young jin,2,6.728062097860121,6.719600705561639
kim younggyu,22,6.158728696736865,6.26196711375638
kim yujun,15,6.977128417421069,6.911900350226364
kim yurim,2,6.287410601941019,6.593700278156182
kim25,57,7.476268015574547,7.4149735101767815
kimari,1,6.227891298173413,6.634828673564107
kimgari,4,6.072171726701825,6.429974183335393
kimtaeyean,1,6.8071318636085785,6.731368767803301
kingscribbler kingscribbler,2,5.051977586455618,6.240719416588924
kipum bae,10,6.819338109978503,6.784964122866417
kitti narod,2,7.950388165416847,7.06883672486356
kkeu jeokchill,5,6.328052732479978,6.522134440561112
ko byung jun,346,7.093037736659105,7.087669907769976
koh sang woo,1,6.807705841552275,6.731464430793918
kohei nawa,5,7.928171430827375,7.322193789734811
kong mi sook 공미숙,40,7.720763740210904,7.609147341147721
kongsak kampakdee,1,5.372408331754421,6.492248179160942
koo bohnchang,3,8.798454696065097,7.497055603925816
koo ja hyun,36,7.545467752653982,7.444339508262307
kow leong kiang,2,6.667366777139366,6.702259185355708
kowit wattanarach,1,5.99751761882106,6.596433060338716
kris kim,63,6.61673430526484,6.624049146689649
kungang,3,6.09248666116721,6.4823175908391075
kwak seungyong,18,7.739124755731648,7.516753319407866
kwan sun cheol,1,9.100641454719758,7.113620366321832
kwang soo cho,5,7.007109820541155,6.8616629845917005
kwang yeon song,33,7.28764204128003,7.212454423827691
kwon kisoo,1,8.01829613851552,6.9332294802877925
kwon oon,4,6.132526838926921,6.456798677657657
kyejin lee 이계진,8,6.3166828527838925,6.470349505037105
kyeonghoon oh,34,6.3047865406085215,6.357533926253871
kyong seob lee,21,7.253261598358238,7.149983627259009
kyoung bok lee,1,6.454382950128581,6.672577282223302
kyoung ju lee,2,5.299143659947206,6.311338294729377
kyoung soo lee,17,6.9864757910088215,6.925053145016418
kyoungwon kim,8,6.832015966868653,6.787477575243112
kyu bong kim,10,6.184327402180834,6.361623651001305
kyu hak lee,2,8.077544212016875,7.1051670238921405
kyukun kang,13,5.922040835112799,6.142645088870979
kyumin hwang,55,6.585446762373222,6.596344211228975
kyung ah kim,2,6.451698384757913,6.640639644675294
kyung chai ryu,2,8.307303219318047,7.170812454549618
kyung hyun kim,12,7.201195130939562,7.058554253793293
kyung moon,6,6.720521462047408,6.718564501408698
kyung park,4,6.940242386578474,6.815783365502792
kyunghee cho,80,7.102826780288574,7.080084978427025
kyunghee jee,10,6.94624949799269,6.8695717148758755
kyunghee seo,5,6.349589817624361,6.532902983133303
kyunghwa park,7,6.060193948694845,6.333536532006263
kyungme kim 김경미,19,7.021402855709314,6.957822291737009
kyungmin lee,5,7.541869304735645,7.129042726688946
kyuri kim,21,5.798971888806132,5.975365015697692
l gallery,1,6.934670733141802,6.752625246058838
l park,1,6.377655726906436,6.659789411686279
la kitki,10,6.140647224385972,6.332503532471397
lacey kim,256,6.345316686809046,6.3524220404840115
laila lee,11,7.5390898116706975,7.281941791974306
lee,8,3.7287027385467315,4.877746357814237
lee ayoung,2,6.844177790276713,6.752776617680666
lee bae,30,7.4865306365862665,7.37648570973712
lee changheon,9,6.803320260845254,6.77221164934418
lee changhyo,4,7.047527325618841,6.863465560631844
lee dong youb,1,8.853544662383054,7.0724375675990485
lee eu,15,7.285719236545706,7.143343464569841
lee eun,1,7.521082742169391,6.85036058089677
lee haehyun,6,6.469793512586481,6.581803801702739
lee hyo youn,121,7.042736998184306,7.029779821615177
lee jaesam,2,6.544528999043027,6.667162677328184
lee jeoung in,1,5.9828064843648665,6.593981204596016
lee ji hyun,20,6.216384657918258,6.316350956063056
lee jiyoung 이지영,2,6.988439334757967,6.793994201818166
lee k,3,6.7036984848525165,6.711522024721098
lee kang so,2,8.081161907412064,7.106200651147908
lee kiyoung,21,7.991978830198148,7.74663985297586
lee koz,1,6.0499126157246845,6.605165559822653
lee kun yong,2,7.848769059647896,7.0398026946438605
lee kyoungmi,7,8.087035470717701,7.515860753186263
lee lum,1,6.132676816060787,6.618959593212003
lee mijung,1,8.385021418307756,6.994350360253165
lee min ho,12,6.298768645156323,6.421547322652183
lee mong,2,5.748177899739191,6.439633791812802
lee pearl,19,5.886104031450157,6.059044055865175
lee sang heon,1,8.25149002568323,6.9720951281490775
lee sang sun,23,7.229838778151251,7.138120451453214
lee sang yong,30,7.798706641427641,7.644065142458299
lee sara,3,6.67810082901673,6.701922903782678
lee sejun,2,6.813323833856501,6.743961201560604
lee seoung ku,5,6.703673989957778,6.709945069300012
lee seung chul,13,6.752914706060942,6.742720662333527
lee seungmin,2,6.478734351645379,6.648364206643142
lee soo hong,11,8.695237320362413,8.076793204199861
lee soodong,1,6.836208127690088,6.736214811816886
lee sujin b 1983,26,7.329784416924492,7.230821793008001
lee sukju,1,8.257910593486153,6.973165222782897
lee toll,4,6.439546790150256,6.593251989312473
lee ufan,31,8.788983896531382,8.501099487102335
lee wongi,2,6.769785479758683,6.731521671818371
lee woohyun,3,6.201064312435656,6.523034210064775
lee woojun,16,5.782919795214926,6.005133212697621
lee yerim,1,6.923643733180045,6.750787412731879
lee yimchoon,25,7.172472853791817,7.096430069600221
lee youmee,5,6.74758965982655,6.731902904234398
leeeu,7,7.18944469588336,6.992266134532895
leegoc,5,6.1678586957566495,6.442037422199448
leeyunh ee,11,7.064374338423718,6.955574904117008
leo,47,8.142127389576128,8.005020539486331
lightground myungkyu kang,3,8.63158390843042,7.434479058562811
lillodoodle,8,6.073586710036725,6.320751878731157
lim hong,9,6.583311618226531,6.630777521946429
lim won hee,1,6.206765174226836,6.631307652906345
lindsay,2,6.1950248180354945,6.56730433989746
lookha bark,40,6.575404661524992,6.591050382315798
louise yang,5,5.772503643927108,6.244359896284677
lucas dupuy,2,7.043887453306716,6.809836521403524
lucy sson,6,6.77635460890391,6.749018945148609
luke lee,9,7.304069093284399,7.094121613055059
luke park,7,5.56848585650711,6.046706811563417
lynn yang,77,6.504666285418166,6.5175656673220725
mackerel safranski,4,8.397228191929763,7.463332612325587
maeng eun hee,8,7.180110436957862,7.001689556836471
man hee kim,7,7.113766606898496,6.948120582625059
man seop kim,11,5.796950949548664,6.084221324265409
man soo lee 이만수,15,7.44820210629247,7.265205616879913
mannan,5,5.857274609843261,6.2867453792427535
mansoon kim,2,6.1514862733554665,6.554864755703166
mao,3,6.185290447583672,6.517119010745281
margaret kim,3,6.767215256203137,6.73534081397758
maria chang,2,7.93768231077064,7.06520648067893
marina lyu,5,5.308180744659964,6.012198446651105
marina ogai,49,6.449680220601676,6.4743594731980245
mary pakinee,2,8.175289564797817,7.133094267543838
masi lee,4,5.61299337117017,6.225894914210212
matthew anderson,35,6.608100512775863,6.62161496725916
matthew antezzo,1,8.419493510339233,7.000095708925078
matthew stone,4,7.804324411487833,7.199819821018063
max ernst,1,6.471037627369868,6.675353061763516
mee ha,2,6.594190089652521,6.6813515603594675
meeya seo,16,6.789517418942275,6.772064735537506
melody park,23,6.614364635909524,6.632552406040368
mi rang park,4,7.366162376635209,7.005081138861341
mi young um,7,6.803593023484433,6.767185992300189
mia kim,214,6.771396897093824,6.770137062654291
miae kim,45,7.1876560077789,7.140512021865233
michelle sakhai,21,7.583926140132952,7.417058834077047
mihee hong,108,7.0343121927836325,7.020237146582687
mihyun kim,59,6.3890867310207895,6.414643716772465
mijeong choi,10,6.166285461839385,6.349595690773672
mikyung lee 이미경,17,7.668602171660929,7.452150802793046
mimi an,1,5.875238787449911,6.57605325511019
min ahn,2,6.8369235615617825,6.750703980904971
min byung hun,1,8.502804453964139,7.013980866195895
min joo kim,2,7.053786834370891,6.812664915993287
min kim,10,6.681433130689438,6.693027470007041
mina lee,4,6.11532186993411,6.449152024771964
minchae kang,7,6.351339317992602,6.5033713307632866
mingyoung ji,4,7.10510834833546,6.889057126283674
minhee hur,7,7.406618323847804,7.118950750845488
minhee jung,9,6.59536640748025,6.63852702932382
minho kwon,2,8.20070836424412,7.140356781671353
minhui jeong,12,6.749892277071961,6.739987533416162
minhyeok jang,4,7.057023043176106,6.867685879546183
minjae kim,4,5.3781667548221845,6.121527529166664
minjae p,2,7.61123142674433,6.971934799528555
minji ku,8,6.433640771274416,6.542323608723581
minji ryu,5,5.867034468729805,6.291625308686025
minju kang,24,6.59770525960966,6.61813817151183
minjung yoo,1,4.630594022654119,6.368612460977559
minki kang,4,8.27898109289191,7.410778346086541
minkyeong ju,4,6.540070488822995,6.637929188722579
minkyung jo,4,7.021459220787788,6.851879736262487
minkyung kim,1,7.2869971919911976,6.811346322533738
minkyung sin,12,5.968707559985365,6.188563027237389
minseo park,2,6.878477929036287,6.762576657326258
minseok jang,8,7.182825424573789,7.003360318446273
minseok kang,28,6.51446654068755,6.5450346631049285
minsong kim,30,6.58555101415863,6.604217461942004
minsoo kang,5,6.257167712840987,6.486691930741617
minyoung kim,5,7.826654849772764,7.271435499207504
minzo king,41,7.858447437573624,7.734291862689778
mira park,8,6.722876171854797,6.720314624465354
mira song,1,6.8555913959249635,6.739445356522698
miran park 박미란,10,8.01913150262692,7.584826384632028
miran yoon,3,9.978710973773715,7.939651708066547
miro kim,3,6.262351142077098,6.546016771180316
mirza cizmic,2,6.814291558687804,6.7442376943695495
miseon jeon 전미선,6,7.660772717049296,7.231428822318819
miseon kang,1,6.581027411411357,6.693684692437098
miseon yoon,1,6.6389537435545165,6.703339081127624
misol lee,6,6.190891571804875,6.429675470367315
misoung lim,4,5.461199964913909,6.158431178096318
mit jai inn,2,7.604631760782086,6.9700491806822
miyoun leone,5,7.063248781624306,6.889732465133276
moah son 손모아,6,6.9763926671349745,6.858130613274643
molly kim,19,6.539188477789892,6.5760692425507985
momo kim,35,6.789006526205794,6.7799077290103495
mond,7,6.569308708057207,6.630520141634307
mooa kang,3,6.938155288097321,6.799443325937899
mooa 무아,23,6.623629522733134,6.640162848788333
moohyun jo,3,6.4420550452964545,6.613405734887574
moon beom,3,7.949244868733784,7.178601918676573
moon eunchae,5,6.006642558357573,6.36142935349991
moon kyuhwa,4,8.225256808625748,7.3869008864126915
moonhee cho,8,5.634922624498718,6.0508047491693056
moonsun kim,3,6.434794771863567,6.610683132350242
morae shin,1,5.842267959322971,6.570558117089033
mori ju,11,6.036984073211344,6.249244096783501
mothfly,1,5.486452893207412,6.511255606069774
mu ri,1,6.311722415705027,6.648800526486043
muhamad zaim,3,5.418467967678499,6.229560580780841
muklay,2,6.922545364454773,6.7751673531601115
munja lee,10,6.7575079682482375,6.743744028379573
myeonghyeon an,28,6.3283060546816365,6.387080311342335
myeongjin choi,20,6.131089352694273,6.2481147118838685
myonghi kang,3,9.280734785388422,7.6779106374220625
myoung jo,6,5.920005306917557,6.281919325883325
myoung sung jang,10,7.198190689958388,7.037532509519674
myung soon lee,1,7.297009056688445,6.813014966649946
myung sun ju,9,7.7111808640418165,7.355836322827685
myungmi lee,1,7.700492618738572,6.880262226991634
myungsoo yi,12,6.860558557982329,6.818104908176422
n5bra,2,7.113487975980995,6.829722385024746
na hyun kim,2,5.9582985369979955,6.499668259601031
na ri kim,3,7.70760579801482,7.0879872671569615
nahwoe park,12,5.590061249817399,5.92128327888353
nahyun hwang,4,7.063853704632702,6.870721729082449
nahyun lee,4,7.076819114166176,6.876484133319548
nakjin sung,22,6.338936977994138,6.408803491077121
nakrob moonmanas,5,6.585956114386118,6.651086131514182
nam han wool,2,7.0660451621332445,6.816167295353959
nam hijo,2,8.155852583763064,7.127540844391051
nam jeeyeon,17,6.440104960078591,6.502857502933967
nam jong hyun,25,7.472648124018404,7.346576128122377
nam june paik,25,9.671685938478802,9.179107640172708
nam kim,5,7.877558467746947,7.296887308194596
nam kyoung kim,15,6.5242690775927485,6.572255845355123
nam kyung min,2,7.725907238653537,7.004699317216901
nam sang woon,22,7.766411039172159,7.571930503888842
nam tchun mo,5,8.460840254865104,7.588528201753675
nam young hwa,16,7.458140586008349,7.281491910444991
namjoo kim,15,7.272805929017894,7.133658483923982
nampyo kim,5,7.251437357203763,6.983826752923005
namyoung kim,6,7.24193846416779,7.002973775292543
nara park,11,6.435602692284401,6.523294397396228
nari choi,1,7.302140689906656,6.8138702388529815
nari gu,4,5.399576867905754,6.131043134981583
naru h,6,7.872815665533082,7.347088612400884
naryoung kim,3,5.959888687593307,6.432593350748894
natagon khamkayprong,2,5.09494944292102,6.2529970898647536
nattiwut choomanowat,1,5.951064191081134,6.58869082238206
nature haan,12,5.8766694115554765,6.12359492246335
nedo yoo,13,6.480864693122881,6.546240097433816
nelin mu,2,6.061399110687779,6.529125566369542
niam mawornkanong,3,7.173479277831467,6.887689822088204
nina park,2,6.150431505901431,6.554563393573441
noel park,94,6.371457453382712,6.388869508698851
noh jun,28,8.879592575598146,8.551808268483615
nohvan 노반,6,6.474799839974004,6.584534525732296
none z,65,6.077521477694639,6.123142525619468
nonsenso,10,6.065250153575942,6.282238818598044
oh gil suk 오길석,11,6.902975055809147,6.84461289731949
oh jieun,7,6.987188172630047,6.87428316263513
oh wonbae,24,8.944886834519306,8.560633267988779
oh you kyeong,1,8.268074153698766,6.974859149484999
ohsamchil,10,5.767941847018249,6.084033280892915
ok young choi,1,5.736034314657212,6.55285250964474
orkis studio,4,6.343411742266743,6.550525301364244
oseong lee,7,6.464797572668962,6.5695553126578305
ouchul hwang,120,7.90539636199405,7.857829153459979
pablo daniel,5,8.399620217728906,7.557918183185576
pakpoom silaphan,9,9.766111707446292,8.676863293587704
panchat yodmanee,1,6.498253485641115,6.679889038142058
panmook kim,22,6.941155313320831,6.899499912454426
park hojung,15,6.067168853182921,6.229430677047753
park hyung jin b 1974,6,7.299059635281226,7.034130777718053
park ki ill,2,7.101806546991768,6.826384833884966
park kyoungho,37,6.479209162177943,6.5074242796141695
park kyung ryul,5,7.844924099808379,7.280570124225312
park kyunghwa,11,5.980447622886999,6.210375287185514
park sangnam,35,7.696738291166752,7.574173023351188
park sebin,11,6.3104758472401254,6.4372696914282885
park seo bo,21,8.190139451021848,7.906692662102694
park seo yeon,5,6.47570939265651,6.595962770649379
park shiny,2,6.3383758938029935,6.608261790116745
park sung nam,3,9.22056826215944,7.655348191211194
park sungsu,1,7.203019178712449,6.797349986987281
park taehong,9,6.577892451748598,6.627293772067758
park young hak,10,7.576421459422961,7.28968635582939
parkha,9,5.978526136233528,6.241986854950928
paul gadd,15,7.871040222342954,7.582334203917776
pawarest doe choksaen,1,5.644342047238062,6.537570465074882
pawarisa wangkhomfu,1,5.533530014646001,6.519101792976206
peter ravn,2,6.1172360600259355,6.545078980466157
phatcharaphan raiva,6,7.912148459077837,7.368542863425295
phi long le,3,9.18590505229048,7.642349487510334
phil yong song,29,7.826870908097105,7.663539325824331
pilgrim studio,3,4.5836639807671276,5.916509085689077
pilhyun yun 윤필현,39,6.272783499806948,6.323173573538231
pogoby official,27,5.617476922386624,5.789154926489065
pollawat samidee,1,5.335462610095851,6.486090558884514
prae pupityastaporn,1,8.021152961117824,6.933705617388175
praiva raiva,6,8.972422727667215,7.946874282655866
purume hong,3,7.879263147697365,7.152358773287916
qwaya,11,6.62949170275718,6.656593092096263
r dam,2,5.702387493623115,6.4265508186367795
rachata siriyakul,1,6.13931724070029,6.6200663306519205
rahee kang,57,7.119906908888183,7.087351202416737
rakeum rhee,10,6.765083487423244,6.748794374496244
ranyoung lee,2,6.0583328145460325,6.528249481757614
rhee gyeol,2,6.077012354955656,6.53358649330322
richard prince,3,10.986108258457646,8.317425689823022
rike seo,2,5.659777418281533,6.414376511396328
rimm chae,17,8.987196820661973,8.4710648497484
rirkrit tiravanija,2,8.51475212170321,7.2300835695168075
rizal hasan,1,5.377641867655022,6.493120435144376
ro un lee,13,5.309033080988102,5.699917266447587
ro z,1,6.265751572933814,6.6411387193575075
rodel tapaya,3,7.847946386068209,7.140614987676982
roger shepherd,12,5.908321489718408,6.145937565872479
roh jungyun,1,6.973744126697353,6.759137478318098
rokkan kim,8,6.853156029171197,6.80048684435237
ronnie kim,6,6.088726633477396,6.37394914037051
ros kamolros,3,7.696521806144355,7.083830770205537
rosa cho,6,6.849094911314709,6.7886954737363165
rouge ame,4,5.470147302594712,6.162407772621119
rreonsu choi,21,5.9453430179710605,6.093587850792442
ruis luiz,10,6.2986125195659834,6.437813729258071
ryan lee,2,7.592934289892905,6.966707046142434
ryu ayoung,8,6.334744444420764,6.481464330659795
ryu hoimin,24,6.92098170856301,6.885677301680119
ryu seung ju,10,5.524015375427389,5.921415633165675
s meya,5,7.516067361975049,7.116141755308647
sa hara,31,6.079853552433816,6.168237246351654
sabin son,5,6.247277155590789,6.4817466521165175
saebyeok jo,9,5.229998122570559,5.760790274739018
saehyun paik,1,7.219884623022603,6.800160894372305
saerom jeong,6,6.263446265311935,6.469250757734804
saewon lee,6,6.090404494962886,6.374864337544414
saeyeon kim,4,6.257827665911835,6.512487934095397
sahapap lertsamatijit,1,5.97981711727442,6.593482976747609
sambypen,7,7.316776703293078,7.066543138855231
samuel almansa,18,7.108425974444288,7.023162968835149
sang eun lee,2,5.394698192974282,6.33863958987997
sang geun cho,52,6.71135768652482,6.711783867412312
sang ha yoon,9,6.192430508915942,6.379496808818193
sang ho byeon,5,7.158146849695134,6.93718149916869
sang min lee,3,6.377925980546674,6.589357335606406
sang oktabu kim,11,10.737795696384941,9.481052087715348
sang sam park,11,8.277224188299533,7.789409175906631
sangduck kim,3,6.076261526661245,6.476233165399371
sanggyun lee,9,5.82878578803636,6.145725202538462
sanghee ahn,190,6.5250536990531645,6.52995530032468
sanghee cho,39,6.6232334791156715,6.633799691561873
sanghee jung,7,5.959164883089352,6.2746029104030585
sangho lee,12,6.807204091299451,6.780442931694391
sanghwan byun,17,6.40065895645615,6.472376500134808
sangjin lee,3,7.90595725829774,7.162369064763057
sangjun lee,5,6.343853395772426,6.530034772207335
sangjune won,5,6.752928123566761,6.734572136104504
sangmyun lee 이상면,10,6.47570939265651,6.5558783113184225
sangsun lee,5,7.124478262493422,6.920347205567834
sangun ho,20,7.51679111692343,7.356676123267193
sangwon chun,9,6.649517676985386,6.673338559719979
sangyong lee,3,7.747084969720165,7.102791956546466
sangyoon yi,4,6.213067169988417,6.4925943803516555
sarah soh,6,6.878001565127194,6.804462739452219
se rin park,28,6.190118007311332,6.269829846906925
see ji ui,2,5.6417893803951795,6.409237072000228
sehee kim,11,6.756368940929028,6.743821193339409
sejeong kang,6,8.394075271342576,7.631412033751517
sejin hong,19,6.382041042722394,6.451660856455696
semi cho,1,6.065994080353654,6.607845803927481
semi yh,15,6.93822942756158,6.882726107831746
sena hwang,1,6.136757412669772,6.619639692646834
seo buwon,38,6.434345997226579,6.467121596228401
seo gi hwan 서기환,83,7.186779288690804,7.160042746642591
seo hyun kim,3,6.213608598089108,6.527738317184819
seo in jung,9,6.37811463798408,6.498865177504854
seo jiin,16,7.695858322572398,7.462610185922363
seo sook yang,2,7.940124547014838,7.065904262462987
seo yeon lee,4,5.8633580013392965,6.3371680831742685
seo yeon lim,1,5.59123048841737,6.528718538604767
seo yeongyeong,93,7.591938383638014,7.547258677770883
seo young park,2,5.468807736223277,6.359813745093969
seobo park 박서보,1,9.935035910271054,7.252686108913714
seohyun kim,3,6.213608598089108,6.527738317184819
seohyun lim,2,6.0416664655367,6.523487667754948
seohyun oh,5,6.605684469078257,6.660950308860251
seok cheol ji,1,8.460996659789782,7.007012900500169
seok cho,1,6.185049296180647,6.627688339898647
seok gyu i,5,6.8579545033067815,6.787085325974513
seok ho kim,12,6.872164333879434,6.8262972205743795
seok young kim,22,7.236998435634022,7.140557271376286
seokgyeom kim,5,6.602150081995232,6.65918311531874
seokwoo chung,8,6.701916443308986,6.707416329975624
seokyoung lee,49,6.4209445314200195,6.448284495977633
seokyung cho,11,6.651484920848487,6.671713429534037
seon wha jo,14,6.765144138559847,6.752268351739426
seon yoo,31,7.047075232399823,7.0011225818779375
seong joon hong,4,7.783125811447997,7.190398221000357
seongbin gam,15,7.6790802406061065,7.438364217615141
seongeun moon,14,6.8756669644306365,6.833706223433691
seonggwang yun,11,5.749029241152018,6.051275149742715
seonghee huh,3,6.64864266660369,6.6908760928777875
seongse yi,10,7.016331490748907,6.916293043380021
seongyeon jo,41,7.270660772671505,7.210395052668325
seonmi kang,128,6.8063399268586355,6.802951814895613
seontae hwang,11,8.372253689477756,7.854741957966659
seonyoung park,5,5.956567805434755,6.336391977038501
seoyeon kim,2,6.3426857494696405,6.609493177450074
seoyoung jo,25,6.061050479796462,6.170244757937426
seula yi,33,6.913581743719455,6.887612586472454
seund ja rhee,11,7.70971959806782,7.399249770122328
seung eui hyun,3,6.557380137191933,6.6566526443483784
seung ha,5,6.796460871305888,6.756338509974067
seung lee,5,7.283515232676386,6.999865690659317
seung wan ha,39,6.6544746332476885,6.661490714542524
seung yean cho,73,6.338959761804464,6.3631428635248355
seungcheol ok,5,7.779885115070524,7.248050631856385
seunghan lim,5,6.516241417507537,6.616228783074891
seunghee ku,1,6.621514789900383,6.700432588851935
seungho jang,64,6.67848938535025,6.681223208777207
seunghun sim,6,4.743829794979533,5.640369046644403
seunghwan kim,139,6.643045804075282,6.645586441039413
seunghwan yoo,1,10.316811216924071,7.316315326689217
seungjin choi,4,5.348191953081019,6.108205395059479
seungjoon choi,13,6.292093111275836,6.409905066099839
seungju eom,5,5.4409414008034505,6.078578774722848
seungmin han,4,6.398602357532592,6.575054463704622
seungwon yang,30,7.2338735083978545,7.159922457004196
seungwoo kang,1,6.403199268229742,6.664046668573495
seungyeon jeong,30,6.468895296987752,6.504226847224108
seungyeon kim,7,6.86838361103953,6.804980501707328
seungyeon moon,22,6.574095448698438,6.600414096836181
seungyoon choi,163,6.181971688488376,6.197871821231051
seyoon jung,2,7.276554750547526,6.876312892043755
shawn oh,6,6.530531746698912,6.614933747582246
sheean kim,20,10.659950970924024,9.871204006467668
shigematsu,2,6.582874081567943,6.678118415192445
shim bongmin,13,6.794890132167664,6.773036247855048
shin changyong,15,6.890513472547632,6.846939141571285
shin hong gwon,1,6.975248587560518,6.759388221795291
shin insoo,7,7.389069003721806,7.108713647438655
shin sangwon,22,6.028646189115639,6.155973959398344
shin seung hun,15,6.497470884438023,6.552157200489079
shin seungjae,1,6.907755278982137,6.748139337032228
shin young inn,1,6.364759394181306,6.6576400228987564
shine l si in yang,13,7.133252140638536,7.0174088095284555
shinjung ryu,4,9.087934071454372,7.770313003225413
shinoh nam,2,6.829493346995729,6.748581062457527
shiny park,11,6.447768948376326,6.531658698459426
shuto okayasu,3,6.3909349595597,6.594235702736292
si hyunkim,47,5.274996608549528,5.41357541048152
sieun kim,34,6.239819939853666,6.3008963768778425
siho im,1,6.316174443059314,6.64954253104509
sijong kim,10,6.733426284163539,6.727689572323109
sim jaewon,11,7.384679351072446,7.175784600313008
sinn 김진언,17,7.486883881141141,7.311732123755028
sinyoung wang,2,6.5269966616128405,6.6621534380624166
siso,1,5.9540463321896056,6.589187845900139
siwoo lee,4,5.775381256840421,6.2980673078414355
siyeong kim,17,6.078991609540925,6.223815368427588
siyoung yang,11,6.684490962013533,6.694405082835006
sj park,7,6.339650475721804,6.496552839438654
so bac,7,6.588576432960318,6.641759647827787
so hee myers,1,7.25515658613554,6.806039554891129
so hyun jeon,2,5.763501709357824,6.444012023132411
so jeong kim,12,6.034204108896752,6.234795885292486
so youn lee,2,6.14423980747826,6.5527943368811075
sohyun park,10,6.30249821009051,6.440404189607756
soilart jo dojoong,14,7.96149677560979,7.633791347460437
sojin park,1,5.521460917862246,6.517090276845579
sojung kim,82,6.59703877375558,6.603888048174354
solbi shin,4,7.486701129721228,7.058653918010682
somin kim,5,6.649351415730743,6.682783782186495
somin sung 성소민,3,6.418908561934922,6.604725803627
son hongmi,2,6.346473879398099,6.610575500286775
song e yoon,15,7.495952244031978,7.301018220184545
song hyeong noh,1,8.849327026438853,7.071734628275014
song lee,31,6.571578856591746,6.5916673693765375
song yu jeong,7,8.006367567650248,7.468804476396914
songfeel 송필,9,8.513275753831433,7.871468751978152
songwon han,1,4.861905240297856,6.407164330584848
soo hee choi,3,7.366519864467657,6.960080042076775
soo hee kim,8,7.332294104682301,7.095341044666895
soo ji jang,2,6.828684783235651,6.748350044240362
soo lee,14,6.9509570015439515,6.889183092885608
soo yeon kwon,16,6.12644626631015,6.266867666865411
soobin cho,25,6.878359891009746,6.851335933948495
sooin ahn,16,6.122560741511461,6.263907267018792
soojin kim,53,6.786946839848129,6.780849366468311
soojung jung,1,6.9595063440345815,6.7567645145409685
soojung song,8,7.038989712160275,6.91484603388411
sook hee lee,51,6.447972267633483,6.471922614152122
sookyung gheem,2,4.6114007357387266,6.114840316384098
sooman moon,8,7.079015888416667,6.939477526964966
soon up chang,4,8.995188643190865,7.729092812886076
soonhaeng lee,6,5.685554960896935,6.154037318962986
soonhow,2,6.509432336005985,6.657135059317601
soonjae,19,6.249009525139524,6.346344238369258
soonok kwun 권순옥,20,7.31113812072563,7.192153726308954
soonyong hong,7,6.295625330802748,6.470871504902539
sooyeon hong,1,8.171447318009694,6.9587546768701545
sooyoung chung,1,6.9421567056994675,6.753872908151783
sophie an,26,6.6664641838563865,6.674488694305719
sori choi,27,8.06570226091279,7.854845055870517
sou a kwon,3,6.084898227769045,6.479471928314796
sou kim heungsou kim,1,9.152742880192847,7.122303937234013
soyeon kim,4,7.256610624133447,6.95639147108278
soyeong kim,44,6.087149797242391,6.151340241262785
soyeun park,74,7.029141259291333,7.009335872541391
soyoon choi,12,6.815387287907118,6.786219305770391
soyoun jeong,2,7.7604670292134195,7.014573543091153
soyoung jeon,3,6.3856118494851515,6.592239536458336
soyoung kwon,12,6.931765698115927,6.868368771800139
soyung lee,44,6.449680220601675,6.476877764279284
spencer brockley,6,8.452631152228822,7.663351605144015
spiv,4,6.371112088591639,6.562836566397532
stella park,10,5.839241089487571,6.131566109205796
stella sujin,5,7.651494245658143,7.183855197150194
stepper,10,6.441381417786982,6.532992994738737
stepper studio,42,6.627309168371735,6.636767357762214
su hyun kim,68,7.483884515743651,7.431304490599719
su jin kim,4,7.203131605310685,6.932623018272663
su mi lim,3,6.392863399489413,6.594958867709934
su min son,29,7.109251945375773,7.0514525635031955
sua han,5,6.4029102205904795,6.559563184616363
suah choi,3,5.432384595721874,6.234779316297107
suh hee sun,24,7.152069093232106,7.07692203382006
suh se ok,3,8.060847269407205,7.220452818929106
suhyang seo,32,6.5782686690991765,6.59691022038878
suhyun kim 김수현,5,6.531911374418316,6.62406376153028
suin choi,1,6.937271514841857,6.753058709675514
sujeng ga,9,6.258008530054786,6.421654108121737
sujeong kim,5,6.3156302124814205,6.515923180561833
sujin lee,2,6.844861153899073,6.752971864429911
sujin park,8,5.3327697945659125,5.864864546133733
suk chuljoo,6,8.008997835367744,7.421369795947063
suma,2,6.3533081120564985,6.612528138189176
sumin park 박수민,5,5.977075809655883,6.346645979149065
sumin son,23,7.042736998184306,6.984429703623225
summer kang,7,4.198428620171537,5.247506757034333
sun hwa cho,20,6.744689761990813,6.738995039321099
sun hwa lee,3,7.375108584402931,6.963300812052504
sun jeong kim,7,7.402923129592722,7.116795220863357
sun jung lee,5,6.313548046277096,6.514882097459671
sun kim,1,6.399766536551345,6.663474546627096
sun me,17,6.859195184985122,6.8266999494526495
sun mee kang,4,6.526667749939416,6.631972415885433
sun young moon,1,6.845379420802132,6.737743360668894
suna kim,5,6.8586179626299,6.787417055636072
sundoo kim,12,7.938360557701943,7.578906319743209
sung byunghee,5,7.637149338058563,7.176682743350405
sung neung kyung,2,9.533382289554574,7.521120760331483
sung suh,2,7.465122389359629,6.930189360275784
sung tae kim,17,6.797190935449283,6.778787574811319
sung won kwon,48,6.84035250624442,6.828641529112139
sung yeon hyun,5,6.751380139787326,6.733798144214786
sungchan hong,4,8.106629817933225,7.334177779438237
sungeun been 빈성은,8,6.72688733286933,6.722783031243528
sunghee kim,26,7.201480231107997,7.123211830710295
sunghoon yang,1,7.16530025701368,6.7910635000374855
sungju ham,52,6.42940793237163,6.454566547833964
sungmi lee,10,6.62137667852981,6.652989835233956
sungmin cheon,1,6.013889782778599,6.5991617543316385
sungmin jo,6,7.154249210584325,6.955143273337925
sungmin kwon,19,8.89657889304293,8.442336654626121
sungone jung,38,7.2161653040998885,7.158031681372257
sungpil chae,8,8.308821595223492,7.69628103884609
sungsil yun,3,5.875583770775977,6.4009790069423955
sungwon lee,2,5.670994340882847,6.4175813464252744
sungwon moon,56,7.397085270128432,7.341276325744319
sunmi kim,1,8.090932800938399,6.945335590691605
sunny jung,4,6.391001874136659,6.571676471084207
sunrise no9,6,8.234357728696184,7.544293374126212
sunsook hur,10,7.029880883236135,6.925325971704838
sunsook hwang,3,6.919344481851775,6.79238927359582
sunwon chang,1,5.129125101195873,6.451700974067851
sunwoo kim,102,6.3002207143502975,6.319659753335903
sunyoung moon,2,6.68135694551844,6.706256376321158
sunyoung park,2,6.313117205768865,6.6010450221069945
sunyun you,4,6.711611288353159,6.714169544069318
surim hong,6,6.320439819565618,6.500338150964086
surrea,4,7.615258539908668,7.115790544760655
suyeon kim,1,11.651757251066796,7.5388063323796715
suzy yoo,19,6.204382626557521,6.311014610325173
sweet kim,26,6.937060225792984,6.901440213349316
sy lee,14,6.013489297969481,6.198417416567577
sylbee kim,6,10.86773267753232,8.980679709855014
tae ho kim,2,9.875316675569433,7.618816299192871
tae hwa kim,9,7.144680969810942,6.99165781939355
tae hyun lee,11,7.0327976562817485,6.933865935144404
tae hyunyoung,5,5.9292793363126,6.322747742477423
tae kim,249,8.064722235390072,8.03817683998165
tae kyun lim,7,5.978526136233528,6.2858969747371605
tae ryang lee,10,7.268544879432364,7.084435302502325
tae wook lee,3,6.736690607835584,6.723894070839748
taedong lee,18,6.158580131045421,6.279805352262122
taehoon park,34,6.100175749677415,6.17915528800624
taehun kwon,21,6.233248913522637,6.3261272279687155
taehwa park,29,6.735234233165421,6.73243745602966
taeil kim,197,7.048634621732421,7.040406441705437
taein yun,6,6.781505823137854,6.751828698367123
taekgeun song,44,6.543743924303409,6.561343130868597
taerin kim,16,6.515705670982851,6.563446260901755
taeseok ju 주태석,4,8.793568425669083,7.6394838273208405
taeseung ku,3,6.669368498255233,6.6986482797471165
taesoo lee,10,8.072145946716862,7.620169347358656
taeyang hong,45,7.557579023281283,7.47344273581738
taher jaoui,5,6.974446653480809,6.845331401061529
tania marmolejo,1,8.03387797014143,6.935826452225444
teo,10,5.523295053846395,5.920935418778345
teresia huwon yoo,10,7.056416812961139,6.943016591521508
than sok,3,6.134068297521317,6.497910704471898
the jack,8,6.5077636085524055,6.587937662433114
theresia massawe,15,6.188592611218909,6.320498495574744
theyoohwa korea,6,10.215215440741755,8.62476121706016
tina kim,2,5.823582192385006,6.461177875425891
tina kobets,3,7.031891903454214,6.834594556696734
tith kanitha,4,7.538314676479834,7.081593272125619
tobias ryuu,2,5.787688047356563,6.450922405417765
tommy seo,23,6.28654744445859,6.3632739987771005
tomohiro todoroki,2,7.724892643441427,7.004409432870584
tomotoshi hoshino,9,7.77624953751301,7.39766618434488
tos suntus,1,6.118159024710302,6.616539961320256
toshiyuki shibakawa,3,8.678937689845537,7.45223672659348
tracey dingashe,2,7.412160334945205,6.915057344728806
ttodoa,11,6.491459855168488,6.561696196879037
tulsi patel,2,8.12445342442122,7.118569656007667
uah young,6,6.352855517399862,6.518019440691855
ubatsat,21,6.909365093646035,6.872221065760692
udomsak krisanamis,3,7.437960431377071,6.986870254667806
uj kim,3,5.94908196360878,6.428540829254697
ul o,1,8.133691489875721,6.952462038847826
uptempo,1,2.3752077325315764,5.992714745957135
vakki,44,6.812181629277722,6.802389233294511
valentina li,5,7.436315276980247,7.076265712811247
valeriia kapitulska park lia,34,6.045675770172889,6.131642485361269
vanessa su,5,6.973508499861191,6.844862324251719
viann lee,1,6.871001571817748,6.742013719171497
viktor jan,1,6.492336817256636,6.6789029267446445
viriya chotpanyavisut,3,5.7593945546490914,6.357408050894813
wal chirachaisakul,9,6.076263258478798,6.3048178621086
wanki min,22,5.975889335338072,6.1129868933573634
warawut tourawong,1,5.768506990400466,6.5582646222686165
weesung bae,1,6.307231404666391,6.64805202464627
wheedong kim,6,6.70226015518035,6.708603788572121
wichuda khuntijit,13,5.448804199821971,5.80086307449427
william kentridge,1,7.267031004620926,6.8080186246386925
winter gyeoul kim,60,6.735144994519524,6.733688929452041
won jeong cho,122,6.832015966868653,6.827456918906983
wona lhi,3,6.5162787956136965,6.64123964125654
wondeuk cho,31,6.432752816148154,6.472122723439
wongi sul,1,7.469224635566881,6.841717563129685
wonhae hwang,2,7.199688820871609,6.854351197850635
wonmi seo,16,7.419556931960303,7.252094840694099
wonwoo lee,3,8.274247012805848,7.300477722703597
woo jeong su,27,7.090395727196266,7.0319301680472
woo kukwon,4,7.228106665553707,6.9437230450473395
woo young choi,3,6.297772339682961,6.559299720282514
woo young choi 최우영,2,6.1469448655078684,6.553567210603853
wooin park,2,6.036384213059723,6.521978452761525
woojae jeong,4,6.903274149320382,6.799353037832528
woojin kim,2,8.752360322621865,7.297971626922137
woojin lee,3,6.6108613572577895,6.676708101873075
woojung son,70,6.737156692731679,6.73576065645905
wook kyung choi,1,11.234643517030364,7.469287376706933
wookyung jeong,3,7.298198337394108,6.934459469424194
woolim lee,4,7.023615165076672,6.852837933724214
woongjoo seo,11,7.130778064641952,7.001227465892043
woori bai,25,6.4871474170905,6.525325539015792
wu yiman,7,6.500081638068801,6.5901376841410695
wy park,2,6.133147985122724,6.549625244779526
xian kim,2,6.770541008875776,6.731737537280397
xiyao wang,1,7.8230335686850765,6.900685718649385
xooang choi,47,8.717551435696345,8.525115350402682
yang hee kim,89,6.44662475583497,6.460964723537485
yang hyun jun,1,7.676125880779672,6.876201103998484
yang jazoo,7,7.826654849772764,7.363972057635048
yang jung soo 양정수,15,7.450208402582735,7.266710339097614
yang sojeong,2,6.639495219042825,6.694295883042412
yang woon chul,5,7.117563278828905,6.916889713735576
yang yunsil,2,5.9099076779387385,6.485842299869816
yanghee chang,2,7.206189027267658,6.856208399678079
yasuhiro hara,3,7.660276549883854,7.070238799107849
yearyung yoo 유예령,4,6.7521821146150875,6.732201022407954
yebin chang,5,7.576460749505264,7.146338449073755
yeesookyung,1,11.481434797878858,7.5104192568483485
yeeun moon,2,5.94983703487993,6.497250687567299
yehyun lee,6,5.8285861357430475,6.232054323424501
yejee yoon,6,5.418573169438728,6.008410887258509
yeji jun,14,7.0149601280410865,6.936343291357181
yeji lee,11,5.636398588951582,5.973841576354915
yeji seo,7,6.011667254425501,6.305229293682477
yeji seok,13,5.8210715611793,6.069722835474563
yejin oh,7,5.741740217576311,6.147771855520451
yejin shin,10,6.840164817107551,6.798848594285783
yejin yoon,5,6.350717829184802,6.533466988913524
yejoo lee,13,6.627421568300127,6.652086729506271
yeju kwon,12,6.277422242256744,6.406479273546598
yejun ryu,2,8.148478770416183,7.125434040577657
yelim park,20,5.87311116573305,6.041732162314889
yeol lee,2,9.024547895832798,7.375739504982404
yeon do kim,5,5.831121897032803,6.273669022837525
yeon gyeong seo,11,6.85036510553685,6.808443556507287
yeon hwa kwak,8,6.361827920539956,6.498131085194682
yeon yeon jung,19,6.55052179540354,6.58504145232827
yeongok kim,217,6.871621660622132,6.868121536478442
yeongyeong seo,1,5.804893785110089,6.564329088053554
yeonhong kim,94,5.994136620935952,6.030605283951421
yeonhui lee,5,6.547492966150029,6.631854557396139
yeonjae chung,6,5.831960555478869,6.233894916007676
yeonkyung park,8,6.7400089982630575,6.730857902255053
yeonsoo kim,4,6.385423015517674,6.569196978364658
yeonsoo kim 김연수,13,6.73108573561953,6.726955294792507
yeounwoo yang,6,6.938133689666308,6.837262080109915
yeowoon kim,1,7.164579363074013,6.790943351047541
yerang hwang,19,6.875772233129086,6.842531382194328
yerim choi,5,4.660301244537571,5.688258696589909
yerim lee,3,6.845566637953915,6.764722582134122
yerin kim,6,4.557782778051649,5.5388888555928295
yerin shin 신예린,5,6.882549071427842,6.799382610035044
yerin yu,2,5.890695119384973,6.480352997425882
yesang lee,3,6.281661286801203,6.553258075451855
yeseul cheon,4,7.167257206674248,6.9166788411009135
yesung and benjamin prevost kim,19,7.747853505489711,7.532929056146489
yeun song,5,8.095443822068262,7.405829985355254
yewon choi,5,7.144584425988626,6.930400287315436
yewon seo,5,5.692397529789638,6.204306839215942
yihyun kim,3,4.700436266764791,5.960298692938201
yim yena,1,6.687380978120737,6.711410286888661
yiseo,12,5.210588696361922,5.6534202999737815
yislow,21,6.45449369753069,6.504824938129066
yk jang,5,6.514699675250501,6.615457911946374
yohahn diko,79,5.9902430130585245,6.033455699700412
yomahon,6,5.797236612980219,6.214954583735686
yona oh,44,6.270550172207713,6.316026292252054
yong eun lee,1,6.3180588498328305,6.649856598840677
yong sang yoo,1,7.575178212426238,6.859376492606245
yongchul kim b 1982,6,8.747161401677545,7.824004468479682
yongho park,102,6.377501512694254,6.393329299420796
yonghyeon yang,3,6.313548046277095,6.565215610255315
yongju jang,2,7.255156586135541,6.870199130783187
yongseok oh b 1974,1,7.577185932924767,6.859711112689332
yoo choong yeul,1,7.491314332666066,6.845399179312882
yoo geun taek,6,8.881806769014535,7.89744739611804
yoo mi seon,34,8.247505940858645,8.051186736728337
yoo suntai,44,8.263588117483636,8.10569301862227
yoo suzy,38,6.212075347789682,6.270696371144632
yoo youngkuk,4,6.978673346211448,6.832863792006336
yoojin hong,3,6.56839680283215,6.66078389396346
yoojin kim,20,6.492943343293962,6.5375979043636185
yoomi ha,1,5.977075809655883,6.59302609214452
yoomi kim,9,5.293498080112087,5.801611676015716
yoon a kim,11,6.219007274835725,6.3743850479002635
yoon dong chun,26,8.231864429306647,7.987405029199486
yoon hyun jin,1,6.502290170873973,6.680561819014201
yoon hyup,1,7.449938187084232,6.838503155049243
yoon jong seok,2,7.344473281359836,6.895718186561558
yoon junghee,13,8.668743089543439,8.126374494848664
yoon jungho,4,5.557473778900761,6.201219539868252
yoon suk one,35,6.624565006102419,6.636021398919897
yoonkyung kim,61,6.660333387279168,6.664566929806674
yoonzoo jung,8,6.301868934378013,6.461233247556565
you hyeonkyeong,4,7.135962126869168,6.9027699167431
youjeong kang,8,6.815848392309519,6.777528298591337
youkyoung min,9,6.980604639548233,6.88618017851038
youn ji hyun,3,5.746957779518645,6.352744260220896
youn miock,7,6.674401592597102,6.691824324282578
youn sung park,8,7.781488218809114,7.371768191821857
youn yeoreum,2,6.497543597644056,6.653738276928478
young eun kang,1,6.527746014609743,6.68480445963683
young hak lee,2,9.454998423421014,7.498725370007608
young hee lee,12,7.112185872148542,6.995724188764337
young hwa kim,7,6.755054925732525,6.738872101944909
young ja kim,28,8.019099885979493,7.821693259110213
young jae,7,6.595380593939985,6.645728741732594
young jun han,9,6.198833329967341,6.383612908065522
young lee,5,7.3209393124411015,7.018577730541674
young min baek,1,7.5660883283704905,6.857861511930287
young park,186,7.150389380978973,7.139023589556547
young rim choi,1,9.028717462423948,7.10163303427253
young soon kim,9,6.53851143430829,6.601977403713275
young sung kim,61,8.941457553325796,8.772878659031589
youngb yune,4,7.819857719964624,7.206723513674414
youngeun jang,1,6.677580500641022,6.709776873975375
younghwan park,7,6.421655330853094,6.544389004931908
youngjin han,3,6.260041661020962,6.545150715784264
youngjin jun,131,6.771205652897892,6.769183979947318
youngjin jun 전영진,41,6.7768522620295535,6.77026138013963
youngjin kim,2,5.962380310820455,6.500834480693164
youngjoo an,4,6.650288385028576,6.686914920369504
youngju joung,2,8.491929361051447,7.223562780759161
youngmi choi,5,7.008025211403654,6.86212068002295
youngmi kim,2,6.9100302824966,6.771591615457775
youngnam cho,34,8.180444903152688,7.992723267959042
youngran kim,7,6.59405752962726,6.644956954216838
youngseon you,67,6.4852767258951225,6.501314185808117
youngshin you,2,6.0420972835648366,6.523610758620129
youngsoo kim,62,6.702776960872035,6.703779885332499
youngwhoon go,2,6.769444165539159,6.731424153469936
youngwook choi 최영욱,3,8.360847121025543,7.3329527632859826
younju jung,10,6.534173110470352,6.594854123194316
younkyung cho,4,7.54786788493916,7.085839142551986
youyeong seo,21,6.487362665918704,6.531372951057847
youyoung oh,5,5.831121897032803,6.273669022837525
yu jae jang,3,5.725789630361545,6.344806204286983
yu rim kang,1,7.037841955833878,6.769820449840851
yuin,3,5.603587103994265,6.298980256899253
yuji lee,2,6.7175371381269136,6.716593574209294
yujin ju,9,6.884515716010286,6.824408727664557
yujin l,37,6.380079161641261,6.420095469617569
yuli choi,10,6.781914316796761,6.760014927411922
yumi han,1,6.1426913777783305,6.620628686831594
yumi jang,6,6.225426175003438,6.448512526657442
yun hyong keun,3,7.671679452822534,7.074514887709855
yun jeong choi,5,6.0690412786877594,6.392628713665003
yun woo seung,3,7.9298700650066465,7.171336367278896
yung tae won,3,7.352034661112029,6.954648090818415
yunju park,5,5.929967731669434,6.32309194015584
yunjung choi,10,6.411926444347603,6.51335634577915
yunseob kim,19,6.325620627511366,6.406994694413633
yunsung lee,7,6.624810306814624,6.662896074242799
yura seo,14,7.600781693887687,7.36800128724415
yurim seong,64,6.300842892745083,6.330942404041979
yuseong choe,8,6.098753202738822,6.336238951163216
yutaka hashimoto,3,7.116610436141128,6.866364006454327
yuui gim,72,7.010785886890856,6.991657981809778
yuya saito,3,6.6861456383444935,6.704939707280589
yuyeol byeon,2,6.054283711352555,6.527092595130905
yuyun hwang,4,6.973409249203574,6.83052419333617
yuzu kim,5,5.3799619618786245,6.048089055260435
yyth,2,6.594405214645376,6.681413024643141
zain,2,6.244229301966534,6.581362763877757
zaycoke,2,6.8476106740188865,6.753757441607001
zen forest hyer yung,3,6.990034785943934,6.818898137630379
zenakim 젠아킴,7,6.13122648948314,6.374972180799435
zeyah ren,5,6.385868707856722,6.551042428249484
zhanna kan,34,6.92304635949705,6.896529665797717
zikseong jeong,66,7.777032046088117,7.7023267011975625
zin lim,47,7.466138177773592,7.394030290357117
zinna kim,17,6.398379981793793,6.4706154742593505
zinna yoo,215,6.464911915197174,6.4706233750481985
zong hyuk kim,5,5.05964287320295,5.887929510922598
zzozzi,9,4.757835533199158,5.4572571815716895
가이 야나이,12,9.753025062965882,8.859845970517753
게오르그 바젤리츠,1,10.324474347044633,7.317592515042644
김윤신,3,9.272514990184408,7.6748282142205575
김주리,5,6.5203523136923796,6.618284231167313
대쉴 맨리,1,8.325079156475235,6.984359983281077
데이비드 살레,3,9.839968248618206,7.887623186133231
도미닉 체임버스,1,8.075012302764568,6.9426821743293
동훈 이,22,6.18980540120086,6.287288872949265
딩이,19,8.665426600596048,8.25934108977234
루시 레이븐,1,7.942045014863213,6.920520959679074
루이 르 킴,1,10.626331365944022,7.3679020181925425
리우웨이,1,9.69040261829113,7.211913893583727
리자 루,1,10.28242112830703,7.310583645253043
마고 월로위츠,2,8.836178265816566,7.321919610692051
마리아 타니구치,3,7.928020524906241,7.170642789741244
마사코 미키,2,8.37110215412254,7.189040721636616
마샤 융비르스,4,10.344910295901919,8.328969102979878
매카서 비니온,5,10.234020064882111,8.475118106762178
맨디 엘 사예,2,8.489725377075985,7.2229330710518855
메건 루니,1,8.914737949531848,7.082636448790513
묘빈 김,6,6.656824432525729,6.683820667124146
박경화 kyung hwa park,2,5.5434398245810215,6.3811371989104675
빌리 장제와,1,9.049752463831942,7.105138867840529
사라 커닝햄,2,9.246932983946351,7.439278101586276
샘 폴스,2,8.776134197525947,7.304764162609018
세이디 바네티,1,9.14895443788263,7.12167253018231
순이지,31,6.385752354626021,6.431650103794941
쉬라제 후쉬아리,1,10.08289340445752,7.277329024611459
스기모토 히로시,1,9.931916413732006,7.252166192823872
아리아나 파파데메트로풀로스,1,8.323987393944112,6.984178022859223
아츠시 카가,5,10.41764729448741,8.566931721564828
안나박,1,7.711786578506453,6.882144553619614
알렉스 프레이저,1,7.969460980230954,6.925090287240365
엠버 토플리세크,7,8.449676155914407,7.72740115288434
영곤 김,4,6.908596668197205,6.801718601777783
옌 페이밍,1,9.534439230248509,7.185919995576623
오종,2,6.466519284735181,6.644874187525942
올리버 비어,2,8.76725041951763,7.302225940320928
올리비에 밀라구,5,10.630455083127883,8.673335615885065
우쟈루,4,8.63923669473369,7.57089194690511
이동혁,3,7.435275033097607,6.985863230313006
이미 크뇌벨,1,9.081127575087326,7.110368053049759
이진주,3,8.508304243998992,7.388249184401026
이케무라 레이코,1,9.14029873644271,7.120229913275657
임노식,4,5.861411418859785,6.336302935405596
정수정,5,7.824046010856293,7.2701310797492695
제이디 차,2,8.495319274985832,7.224531327597556
조안 스나이더,3,9.933425306378213,7.922669582793234
조이솝,4,6.519879144384017,6.628955257860811
주디 시카고,3,8.59301608054884,7.420016123107219
주연수,9,7.482654743746091,7.208926674066147
줄리 버팔로헤드,1,8.079510050096207,6.943431798884572
쥘 드 발랭쿠르,1,8.972798760684006,7.092313250649206
카데르 아티아,3,10.928966936396492,8.295997694050088
캐서린 오피,1,9.063260633910952,7.107390229520363
캐서린 와그너,1,7.890925010669109,6.912000958980056
코린 폰 레부자,7,7.919356190660617,7.418047839819629
클레어 로하스,3,10.45414663457261,8.117940080866132
태미 응우옌,1,9.230062003223406,7.135190457739107
테레시타 페르난데즈,1,10.687468863039685,7.378091601041819
토드 그레이,2,8.54919796625273,7.239925239388099
토머스 프리드먼,1,9.800165668038781,7.230207735208335
필립 티미슐,6,7.646381087512958,7.223578842571726
