영문명,한글명,출처
Kimreeaa Gallery,김리아갤러리,v3_hardcode
Art Sohyang,아트소향,v3_hardcode
BHAK,BHAK(비에이치에이케이),v3_hardcode
Gallery Planet,갤러리 플래닛,v3_hardcode
CHOI&CHOI,초이앤초이 갤러리,v3_hardcode
CYLINDER,실린더,v3_hardcode
Leehwaik Gallery,이화익갤러리,v3_hardcode
SPACE Willing N Dealing,스페이스 윌링앤딜링,v3_hardcode
ThisWeekendRoom,디스위켄드룸,v3_hardcode
FOUNDRY SEOUL,파운드리 서울,v3_hardcode
Artside Gallery,아트사이드 갤러리,v3_hardcode
Art Spoon,아트스푼,top30_review
Gallery Grimson,갤러리 그림손,top30_review
Suppoment Gallery,써포먼트 갤러리,top30_review
Keumsan Gallery,금산갤러리,top30_review
The Trinity Gallery,더 트리니티 갤러리,top30_review
MOOWOOSOO Gallery,무우수갤러리,top30_review
Objecthood,오브제후드,top30_review
Art in Dongsan,아트인동산,top30_review
GalleryMEME,갤러리밈,top30_review
Gallery Playlist,갤러리 플레이리스트,top30_review
Galerie GAIA,갤러리 가이아,top30_review
Kuns Gallery,쿤스 갤러리,top30_review
art.ness,아트니스,top30_review
THEO,띠오,top30_review
Genuine Global Company,제뉴인글로벌컴퍼니,top30_review
LYNN Fine Art Gallery,린파인아트 갤러리,top30_review
IdeelArt,아이딜아트,top30_review
Space776,스페이스776,top30_review
CDA,씨디에이,top30_review
Dohing Art,도잉아트,top30_review
Gallery We,갤러리위,top30_review
Combineworks Seoul,컴바인웍스 갤러리,top30_review
AVO,에이뷔오,top30_review
UARTSPACE,유아트스페이스,top30_review
galerie bruno massa,갤러리 브루노 마사,top30_review
Art Works Paris Seoul Gallery,아트웍스 파리 서울 갤러리,top30_review
ROY Gallery,로이갤러리,top30_review
SPACE SO,스페이스 소,top30_review
oaoa,오에이오에이,top30_review
Gallery Ichon,이촌화랑,top30_review
Thaddaeus Ropac,타데우스 로팍 서울,alias_normalization
Jarilager Gallery,야리 라거,alias_normalization
GALLERY KICHE,갤러리 기체,alias_normalization
