작가명,작품명,actual_krw,predicted_krw,ape,ratio,ho,career_stage,support_type
염지애,Ordinary People II,4040960.0,5840437.651123718,0.4453094440736158,1.4453094440736158,50,2,paper
양민희,Coastal Yellow-2501,1154560.0,2324431.0478042727,1.0132613703958848,2.0132613703958846,8,3,canvas
염지애,Floating Time,793760.0,1792314.5225322754,1.2580055968205446,2.2580055968205444,6,2,paper
안나박,Touch and Go,144320000.0,4993715.234727204,0.9653983146152494,0.03460168538475058,80,3,paper
박윤지,Where you stayed,21648000.0,6889762.237850851,0.6817367776306886,0.3182632223693113,80,3,paper
전희경,Where Gravity Meets Time,17318400.0,10478672.425427947,0.3949399236980352,0.6050600763019648,80,4,canvas
송지혜,Sommer in der WG,15327270.0,9265527.318034684,0.3954874339634727,0.6045125660365274,120,3,linen
주연수,Greeting Room,107254500.0,4303415.595060643,0.9598765963660205,0.04012340363397939,50,3,linen
이소연,Nestled,14432000.0,2093430.931276553,0.8549451960035648,0.14505480399643522,10,3,canvas
정서현(Seona Jeong),Dear.,5620000.0,2081539.2306319545,0.6296193539800793,0.3703806460199207,40,1,canvas
이효선,The Things I Long For Are Behind the Mountain,4185280.0,3512443.608470618,0.16076257539026834,0.8392374246097317,40,3,canvas
조무현,Not yet titled,3319360.0,2391640.8703725445,0.27948734985884494,0.7205126501411551,40,1,canvas
남유연,Blue Suggestion,1082400.0,821465.099505949,0.24107067673138494,0.7589293232686151,4,3,canvas
Abang,Mooood triplet,2400000.0,5026539.62599009,1.0943915108292042,2.094391510829204,40,3,canvas
권소영,Entangled Flow,5441700.0,4472670.86462428,0.17807470742152645,0.8219252925784736,25,4,paper
김윤섭,Contemporary art and a lion,9541500.0,5495015.146608325,0.4240931565678012,0.5759068434321988,50,4,canvas
최지은,sister,8800000.0,6134962.036981926,0.30284522307023565,0.6971547769297644,100,1,canvas
양현모,Flexible Forms 08.08,14000000.0,9917976.391323868,0.29157311490543797,0.708426885094562,100,2,canvas
윤성광,This Card Is Maxed Out...?.........,3600000.0,3598218.8562653926,0.00049476214850205,0.9995052378514979,60,1,canvas
이민우,Pure,7500000.0,8139036.254962558,0.08520483399500772,1.0852048339950078,50,3,canvas
나혜원,Winter Cowboy,1350000.0,1447679.9781464303,0.07235553936772618,1.0723555393677262,12,2,canvas
김찬송,Nuance,9823300.0,8156503.682406762,0.16967783917759188,0.8303221608224082,100,4,canvas
이아현,Pretty soft exterior,3259300.0,4128656.9276071345,0.26673117773974,1.2667311777397399,60,2,canvas
현승의,Time of the Night,8000000.0,4125576.755318061,0.48430290558524236,0.5156970944147576,60,2,paper
조서영,Book and Night,837060.0,670446.9599628914,0.1990455164947657,0.8009544835052342,4,1,canvas
정진아,"Landscape Elements, 2024",4200000.0,3510264.7818419132,0.16422267099002066,0.8357773290099794,30,3,canvas
임재연,Eros and Art Nouveau pattern,1977180.0,2402723.0929153804,0.21522728983470416,1.215227289834704,30,1,canvas
홍성화,Serenity_22 (평온_22),2597760.0,3096661.686827525,0.19205072324907807,1.192050723249078,15,3,canvas
박니나,While waiting for water to boil,8659200.0,5316901.303541891,0.3859823882642864,0.6140176117357136,60,2,canvas
전영진,Painting on painting,13854720.0,6762934.280024652,0.5118678486447469,0.4881321513552531,80,4,canvas
김율,Curious Eyes,3175040.0,4739447.625517214,0.4927206036828556,1.4927206036828555,30,2,canvas
최승윤,The Inflection Point of Time-2023-2,28864000.0,18320638.671850264,0.3652772078765845,0.6347227921234154,200,4,canvas
이슬아,Going home,3150000.0,1906743.0724535307,0.39468473890364103,0.6053152610963589,15,3,other
박세빈,Refiner’s fire,4329600.0,3058750.11465224,0.2935259343467664,0.7064740656532336,40,2,other
김지윤,Forest beyond the Window,2000000.0,2687033.3684752667,0.3435166842376334,1.3435166842376334,25,2,canvas
박정원,A Rainforest,4000000.0,2589111.7562946416,0.35272206092633956,0.6472779390736604,25,2,canvas
김한나,Calmly,1659680.0,965234.9949683514,0.41842102395139336,0.5815789760486066,2,3,canvas
김민주,Silicone Dream,6130910.0,2960857.333482399,0.5170607082011645,0.4829392917988356,20,2,canvas
김지훈,Dancing Line 230911,8659200.0,4695597.786674837,0.45773307156840853,0.5422669284315914,30,3,canvas
서지인,Rainbow Saunter,533980.0,1012048.956734362,0.8952937502048053,1.8952937502048053,3,2,canvas
박장배,Twilight Flowers,5484160.0,3946553.091574921,0.28037236485169637,0.7196276351483036,25,2,silk
정보영,flowing&pause_2026,4040960.0,2223281.4674889767,0.44981354245303673,0.5501864575469633,10,4,canvas
정보영,Flowing and Pause,44739200.0,19489265.499981225,0.5643805544135517,0.4356194455864482,120,4,canvas
정연지,Sunlit Plaza,4329600.0,2684776.7350401,0.37990189970433763,0.6200981002956624,30,2,canvas
김희조,Subtlety,5772800.0,1430734.1028877893,0.7521594195385621,0.247840580461438,12,2,canvas
백향목,Something Unsaid,28100000.0,9163755.67624768,0.6738876983541752,0.32611230164582494,100,2,canvas
배준현,조화를 키우는 사람 Gardener,6700780.0,10045317.06909244,0.49912652991031486,1.499126529910315,80,2,linen
김바르,Peace flower,2164800.0,2259995.548347631,0.043974292473961105,1.043974292473961,8,3,canvas
키미작,Dance With Me Tonight,10102400.0,9457111.70849847,0.06387475169281849,0.9361252483071815,50,3,linen
이세준,Overwhelming Cosmic Loneliness,20000000.0,18199577.306696795,0.09002113466516025,0.9099788653348397,200,3,canvas
현서,달의 산책,1800000.0,2248915.0810428034,0.24939726724600186,1.2493972672460019,15,2,canvas
서민정,널뛰기 (Hurdler),3200000.0,2613514.591721132,0.18327669008714628,0.8167233099128537,40,2,canvas
이예란,비밀을 지키면 떠나지 않겠다고 약속했잖아,900000.0,1289332.431295062,0.4325915903278466,1.4325915903278466,10,2,canvas
문형태,Four-leaf Clover,20000000.0,5106765.142360203,0.7446617428819898,0.25533825711801017,40,4,canvas
김현수,내일의 기다림,6600000.0,4785578.226045223,0.27491238999314804,0.725087610006852,50,3,paper
원나래,Banana Flowers(Instagram plants),2200000.0,2890596.2517475486,0.3139073871579766,1.3139073871579767,25,2,paper
김민석,Still Life,3000000.0,3497714.2580862055,0.1659047526954018,1.1659047526954018,50,2,canvas
황소영,색을 묻다,600000.0,837202.3382258274,0.3953372303763791,1.3953372303763791,6,1,other
류아영,희망의 빛(boy),1100000.0,1538497.8333135515,0.3986343939214105,1.3986343939214105,8,2,canvas
김수민,늦여름 습기,380000.0,694153.7490566191,0.8267203922542609,1.8267203922542607,4,1,other
김옥정,별과 별과 별,600000.0,1080652.679604086,0.8010877993401435,1.8010877993401435,6,2,paper
노한솔,굳-보이,4200000.0,8050612.016735936,0.9168123849371275,1.9168123849371275,80,2,paper
이채민,Hiding,2500000.0,3509608.156031955,0.403843262412782,1.4038432624127821,50,2,canvas
나빈,자두 (Triptych),1450000.0,1297010.532866255,0.1055099773336173,0.8944900226663827,3,3,canvas
태우,와유산수(臥遊山水)_가수청호도(家守 靑虎圖),4000000.0,3014273.4127379726,0.24643164681550686,0.7535683531844931,15,4,canvas
김제언,Guardian,3000000.0,2097090.1106979628,0.3009699631006791,0.699030036899321,15,3,canvas
임희조,마실,1200000.0,982583.4641428824,0.18118044654759802,0.818819553452402,6,2,canvas
김명진,몽유산수66,900000.0,3043648.205145699,2.381831339050777,3.381831339050777,10,3,canvas
최민혜,Two Image Hunters with Orchid,3800000.0,3078432.6987106875,0.18988613191824014,0.8101138680817599,40,2,canvas
로지박,사물 속에 담긴 사유,1600000.0,2636885.39581588,0.648053372384925,1.648053372384925,15,3,panel
풀림,부숴지는 구름 꽃,4000000.0,4248834.3419719115,0.06220858549297787,1.062208585492978,50,2,canvas
다안,From the silence,6000000.0,3910400.5922054327,0.3482665679657612,0.6517334320342388,50,2,canvas
정재인,기억 없는 심지,5200000.0,7612491.79400221,0.46394072961580957,1.4639407296158096,100,2,other
이준원,Totem,3000000.0,4482144.447973418,0.49404814932447266,1.4940481493244726,40,4,canvas
노보,Untitled,3000000.0,2730431.568395795,0.0898561438680684,0.9101438561319316,15,3,canvas
김수영,Farm,2000000.0,2931996.7223428795,0.4659983611714398,1.4659983611714398,30,2,canvas
슈니따 ,주지 않아도 자라는,1400000.0,1915650.93421294,0.36832209586638576,1.3683220958663858,20,2,paper
박산하,All this love,570000.0,1764084.2250171537,2.094884605293252,3.094884605293252,8,1,paper
한차연,해질녘 숲속에서,1200000.0,2308750.3424897967,0.9239586187414972,1.9239586187414972,10,1,canvas
김서울,Scalar and Vector No.14,28000000.0,12245126.673661942,0.5626740473692163,0.4373259526307836,120,2,canvas
김진희,Under the Same Roof,29000000.0,12414966.44457442,0.5718977088077787,0.4281022911922214,150,3,canvas
박신영,기억의 지층,7500000.0,4226244.735329031,0.4365007019561292,0.5634992980438708,25,2,paper
최지원,역전,22000000.0,7290554.984323784,0.6686111370761916,0.33138886292380837,120,2,canvas
순이지,SUGAR CANDY MOUNTAIN #12,9000000.0,3948846.3700689366,0.5612392922145626,0.4387607077854374,50,3,paper
이목하,얼굴벗기기,57728000.0,3598927.566296436,0.9376571582889337,0.062342841711066306,50,2,other
김정욱,untitled,79376000.0,15150664.640265113,0.8091278895350595,0.19087211046494043,80,3,paper
최혜경,Miracle Hole,43296000.0,11515379.588024918,0.7340313288057807,0.2659686711942193,100,3,canvas
최수인,Sweating bullets 1,15000000.0,8997348.106748184,0.40017679288345437,0.5998232071165456,80,2,canvas
홍성준,Layers of the air 58,10000000.0,5415804.184862187,0.45841958151378126,0.5415804184862187,50,3,canvas
유정현,Discontinuous_40_깊은 숲,18000000.0,17162356.59205015,0.04653574488610278,0.9534642551138972,100,4,canvas
정수정,Blue Beam,12000000.0,8904515.389757335,0.2579570508535554,0.7420429491464446,100,3,canvas
전현선,밤의 창문,20436360.0,8744048.09156289,0.5721328019489337,0.4278671980510663,100,2,canvas
권소진,푸른 알을 찾는 사람들,8000000.0,8902680.194443487,0.11283502430543584,1.112835024305436,100,3,canvas
이예린,Squeeze,1200000.0,1832268.8120228888,0.5268906766857406,1.5268906766857406,8,3,canvas
박신영,살과 숨,7500000.0,2548994.921524524,0.6601340104633967,0.33986598953660324,20,2,paper
루카스 카이저(Lucas Kaiser),Plug-in,8000000.0,2406886.1164362542,0.6991392354454682,0.30086076455453176,30,3,paper
남석우,A TRICK SHOW,500000.0,612936.4424344322,0.22587288486886445,1.2258728848688645,2,1,canvas
남석우,a musical instrument that can be handled,1600000.0,2400137.383743734,0.5000858648398339,1.5000858648398339,20,1,other
이시현,ama,3600000.0,4519510.755093024,0.2554196541925067,1.2554196541925067,80,1,canvas
이시현,untitled,800000.0,1240645.3852665855,0.5508067315832319,1.550806731583232,15,1,canvas
김도훈,Camouflage 132,13800000.0,9294231.253882805,0.3265049816026953,0.6734950183973047,100,3,canvas
윤필현,Perfume For Transparent People,5195520.0,3478637.847506641,0.33045434383725963,0.6695456561627404,50,2,canvas
KUN,Bear in the car 3,23091200.0,11140012.397036394,0.5175645961649289,0.4824354038350711,60,3,paper
하정우,무제,60000000.0,22627796.93693648,0.6228700510510586,0.3771299489489413,100,3,canvas
장헝,Story NO.3,28864000.0,2351423.9953749795,0.9185343682311884,0.08146563176881165,8,3,canvas
김기라,A fire in the house,4500000.0,5987296.926783997,0.3305104281742215,1.3305104281742215,40,4,paper
김기라,Modernity,1500000.0,1423132.937826631,0.05124470811557941,0.9487552918844206,5,4,paper
김기라,20세기 #02 영웅들_괴물,4000000.0,3714536.431657052,0.07136589208573697,0.928634107914263,25,4,paper
순재,24-50-3,6000000.0,3596819.945392269,0.4005300091012885,0.5994699908987116,50,1,canvas
순재,24-100-1,10000000.0,7481072.035145247,0.25189279648547525,0.7481072035145248,100,1,canvas
시즈,Sugar Dice Mornings,1800000.0,1883966.885246412,0.04664826958133994,1.04664826958134,12,2,canvas
시즈,Tempest in a fleeting moment,9600000.0,6467699.364549696,0.32628131619274,0.6737186838072601,80,2,canvas
주연수,A figure wearing layers of memory,6825320.0,1973406.2908782284,0.710869777405568,0.28913022259443194,15,3,linen
주연수,Dedicated to Bergson; Wanderer,19500900.0,9000715.948977515,0.5384461256158682,0.46155387438413176,150,3,linen
서도이,"오, 사랑",300000.0,499491.5867192887,0.6649719557309625,1.6649719557309623,2,2,paper
오승경,Mystifying Light,6500000.0,3931306.665406288,0.39518358993749414,0.6048164100625059,50,3,canvas
박한지,Crazy flower 20,3000000.0,3710165.07986553,0.23672169328851003,1.2367216932885101,20,3,canvas
정지윤,그리운 자리2,1500000.0,1585127.9710632784,0.056751980708852255,1.0567519807088523,8,2,paper
정상희,반영의 숨,1100000.0,2817943.9868881367,1.561767260807397,2.561767260807397,15,3,canvas
이펄,연결된 모든 길의 하나의 나무로 이루어질 때,2400000.0,4367490.860380515,0.8197878584918814,1.8197878584918814,60,2,paper
이재복,where’s my cap,2000000.0,1274128.234661579,0.36293588266921056,0.6370641173307895,10,3,canvas
이유지,염원의 쉼터 7,1400000.0,1335345.918217033,0.046181486987833635,0.9538185130121664,10,2,canvas
이다연,살짝,1200000.0,1391654.7799856418,0.15971231665470154,1.1597123166547014,15,2,canvas
조정은,"Honey, a lovely place isn't it",1000000.0,1207209.5870824584,0.20720958708245843,1.2072095870824584,10,2,canvas
Jooha Sim,Our summer garden Painting,2503950.0,2508623.4524690188,0.0018664320250079889,1.001866432025008,20,3,paper
Jooha Sim,I Want You To Bloom A Flower In Your Fantasy Painting,11329120.0,7464902.288594398,0.34108719047954317,0.6589128095204568,100,3,paper
로지박,Fragments of Thought Painting,3788400.0,4013684.751725205,0.05946699179738286,1.059466991797383,40,3,paper
김미현,Cinderella's dream Painting,3102880.0,3896418.98756718,0.25574272532846254,1.2557427253284625,40,2,canvas
김미현,Before sunrise Painting,828400.0,1227721.22105125,0.48203913695225725,1.4820391369522572,4,2,canvas
홍순용(Soonyong Hong),The move in balance (no.2022-42) Painting,3939940.0,4519833.40773028,0.14718330932204055,1.1471833093220405,40,3,canvas
성낙진,Plastic bag girl 2 Painting,1808329.6,2400960.4616125403,0.3277228120429706,1.3277228120429705,10,3,canvas
성낙진,"If You Know What State I’m In, That’s a Relief Painting",16705040.0,15289552.450901646,0.08473416101358355,0.9152658389864164,100,3,canvas
아리라최,Siesta Painting,5528900.2,4741931.640396787,0.14233726982505732,0.8576627301749427,40,4,canvas
박한지,Line mountain Painting,8118000.0,7075213.084216041,0.12845367279920664,0.8715463272007934,50,3,canvas
서도이,엉망진창 원더랜드,5000000.0,6802525.784993632,0.3605051569987264,1.3605051569987263,100,2,canvas
양민희,Coastal Red-2507,10000000.0,13962112.743037378,0.3962112743037378,1.3962112743037378,100,3,canvas
김희조,hope,14432000.0,7051357.819988605,0.5114081333156455,0.48859186668435456,100,2,canvas
김재이,coco & jelly,2250000.0,7252774.290892486,2.2234552403966608,3.2234552403966608,25,3,canvas
이주희,오래도록 시선이 머문,4983369.600000001,5296560.197769289,0.06284715421655426,1.0628471542165543,50,3,paper
박지은,A little talk-Paris,5000000.0,2372261.7433895087,0.5255476513220982,0.47445234867790176,15,3,paper
유재연,The Lake,1800000.0,779691.0181880234,0.566838323228876,0.4331616767711241,3,3,canvas
김봄이,인생은 저 사람처럼,400000.0,766360.1506729913,0.9159003766824783,1.9159003766824783,2,2,silk
이은정,"HITCH, KNOTS, FRICTION",45000000.0,13168057.159653325,0.7073765075632594,0.2926234924367406,500,2,canvas
이은정,UMWELT,4500000.0,3500416.3784044804,0.22212969368789323,0.7778703063121067,60,2,canvas
정재희,inner sight,1500000.0,3142329.2123494786,1.0948861415663191,2.094886141566319,20,2,other
서예지,꿈 속의 왕국,500000.0,1168487.524139627,1.3369750482792542,2.336975048279254,0,3,paper
황현승,untitled,1800000.0,2704100.7499425863,0.502278194412548,1.5022781944125478,12,3,paper
조이스진,여기 뭐가 있지?,3800000.0,3875450.966899517,0.019855517605136052,1.019855517605136,30,2,canvas
진희원,신기루,2000000.0,15059082.280550836,6.529541140275418,7.529541140275418,100,3,canvas
박소희,CUT 01,1500000.0,1603241.9477034907,0.06882796513566049,1.0688279651356605,10,2,silk
