artist_name_ko,medium_category,support_category,depth_cm,width_cm,height_cm,log_area,estimated_ho,orientation,price_krw_unified,ln_price_krw_unified
송유정,other,other,0.0,91.0,73.0,8.80131894766524,30.24,landscape,4140000.0,15.236206345801495
송유정,other,other,0.0,38.0,18.0,6.52795791762255,3.4,landscape,2622000.0,14.779447943305785
송유정,other,other,50.0,65.0,50.0,8.086410275323782,13.57,landscape,6900000.0,15.747031969567487
송유정,other,other,11.0,35.0,20.0,6.551080335043404,3.48,landscape,1380000.0,14.137594057133388
송유정,other,other,32.0,23.0,23.0,6.270988431858299,2.48,square,2622000.0,14.779447943305785
황재원,other,other,31.0,16.0,16.0,5.545177444479562,0.04,square,2760000.0,14.830741237693331
송유정,other,other,15.0,38.0,18.0,6.52795791762255,3.4,landscape,4830000.0,15.390357025628756
최은영,other,other,20.0,20.0,20.0,5.991464547107982,1.4,square,1145400.0,13.951264478941894
송유정,other,other,30.0,28.0,28.0,6.664409020350408,3.88,square,2760000.0,14.830741237693331
황재원,other,other,51.0,19.0,40.5,6.645740953278934,3.81,portrait,4347000.0,15.284996509970927
송유정,other,other,15.0,29.0,17.0,6.20050917404269,2.22,landscape,4140000.0,15.236206345801495
정은아,other,other,2.0,15.0,25.0,5.926926025970411,1.16,portrait,317400.0,12.667918087074446
송유정,other,other,23.0,40.0,23.0,6.824373670043086,4.79,landscape,2760000.0,14.830741237693331
류주항,pigment,other,0.0,30.0,30.0,6.802394763324311,4.65,square,1035000.0,13.849911984681606
민병헌,other,other,0.0,30.0,28.0,6.733401891837359,4.22,square,4140000.0,15.236206345801495
류주항,pigment,other,0.0,30.0,30.0,6.802394763324311,4.65,square,1035000.0,13.849911984681606
류주항,pigment,other,0.0,30.0,30.0,6.802394763324311,4.65,square,1035000.0,13.849911984681606
류주항,pigment,other,0.0,30.0,30.0,6.802394763324311,4.65,square,1035000.0,13.849911984681606
류주항,pigment,linen,4.0,109.0,163.0,9.785098083035908,86.04,portrait,6624000.0,15.706209975047232
류주항,pigment,other,0.0,30.0,30.0,6.802394763324311,4.65,square,1035000.0,13.849911984681606
옥승철,other,other,0.0,50.0,50.0,7.824046010856292,10.29,square,1738800.0,14.368705778096777
해선즈와,pigment,paper,0.0,53.0,41.0,7.683863980256429,9.31,landscape,1500000.0,14.22097566607244
정화백,acrylic,paper,0.0,24.0,32.0,6.643789733147672,3.81,portrait,1104000.0,13.914450505819175
유예령,mixed,other,0.0,90.9,72.7,8.796101385722906,30.0,landscape,5520000.0,15.52388841825328
류주항,pigment,linen,0.0,109.0,163.0,9.785098083035908,86.04,portrait,6624000.0,15.706209975047232
안이쿠느,acrylic,canvas,5.0,91.0,72.7,8.797200891056324,30.05,landscape,8280000.0,15.929353526361442
정연연,mixed,canvas,3.0,53.0,41.0,7.683863980256429,9.31,landscape,1380000.0,14.137594057133388
정연연,mixed,canvas,3.0,53.0,20.0,6.966024187106113,5.31,landscape,1104000.0,13.914450505819175
안이쿠느,acrylic,canvas,5.0,91.0,72.7,8.797200891056324,30.05,landscape,8280000.0,15.929353526361442
정연연,mixed,canvas,3.0,124.5,32.3,8.299372946133373,17.99,landscape,4692000.0,15.361369488755503
정연연,mixed,canvas,3.0,72.7,90.9,8.796101385722906,30.0,portrait,4140000.0,15.236206345801495
윤미란,other,paper,0.0,40.0,40.0,7.377758908227872,7.41,square,34500000.0,17.356469882001587
정연연,mixed,canvas,3.0,30.0,160.0,8.476371196895983,22.4,portrait,6900000.0,15.747031969567487
정연연,mixed,canvas,3.0,91.0,116.8,9.271322576910975,50.0,portrait,6900000.0,15.747031969567487
정연연,mixed,canvas,3.0,90.9,65.1,8.685684550397957,27.5,landscape,4140000.0,15.236206345801495
정화백,acrylic,canvas,0.0,65.1,90.9,8.685684550397957,27.5,portrait,3174000.0,14.97050318006849
해선즈와,pigment,paper,0.0,162.0,130.0,9.955130785687968,99.69,landscape,7000000.0,15.761420707019589
정연연,mixed,canvas,3.0,60.6,90.9,8.614054894258702,26.02,portrait,3450000.0,15.053884789007542
정연연,mixed,canvas,3.0,30.0,160.0,8.476371196895983,22.4,portrait,6900000.0,15.747031969567487
정연연,mixed,canvas,3.0,60.6,90.9,8.614054894258702,26.02,portrait,4140000.0,15.236206345801495
류주항,pigment,linen,0.0,82.0,137.0,9.326700173092378,53.01,portrait,5244000.0,15.472595123865728
정연연,mixed,canvas,3.0,91.0,38.0,8.148445666243235,15.04,landscape,3174000.0,14.97050318006849
유예령,mixed,other,0.0,72.7,60.6,8.390636277614743,20.0,landscape,3864000.0,15.167213474314543
정연연,mixed,canvas,3.0,90.9,72.7,8.796101385722906,30.0,landscape,4140000.0,15.236206345801495
정연연,mixed,canvas,3.0,41.0,53.0,7.683863980256429,9.31,portrait,1380000.0,14.137594057133388
정화백,acrylic,canvas,0.0,53.0,72.7,8.256633298091595,17.11,portrait,2208000.0,14.607597686379124
정연연,mixed,canvas,3.0,53.0,41.0,7.683863980256429,9.31,landscape,1380000.0,14.137594057133388
정연연,mixed,canvas,3.0,90.9,65.1,8.685684550397957,27.5,landscape,4140000.0,15.236206345801495
신정은,other,other,5.0,72.5,60.0,8.37793112408273,19.71,landscape,3174000.0,14.97050318006849
안이쿠느,acrylic,canvas,5.0,91.0,72.7,8.797200891056324,30.05,landscape,8280000.0,15.929353526361442
민김,oil,canvas,0.0,97.0,130.0,9.442245428958966,59.86,portrait,16560000.0,16.62250070692139
정연연,mixed,canvas,3.0,53.0,72.7,8.256633298091595,17.11,portrait,2760000.0,14.830741237693331
정연연,mixed,canvas,3.0,53.0,41.0,7.683863980256429,9.31,landscape,1380000.0,14.137594057133388
정연연,mixed,canvas,3.0,53.0,41.0,7.683863980256429,9.31,landscape,1380000.0,14.137594057133388
신정은,other,panel,2.5,60.0,30.0,7.495541943884256,8.22,landscape,1656000.0,14.319915613927344
정연연,mixed,canvas,3.0,90.9,65.1,8.685684550397957,27.5,landscape,4140000.0,15.236206345801495
정연연,mixed,canvas,3.0,91.0,116.8,9.271322576910975,50.0,portrait,6900000.0,15.747031969567487
정연연,mixed,canvas,3.0,53.0,41.0,7.683863980256429,9.31,landscape,1380000.0,14.137594057133388
유예령,mixed,other,0.0,90.9,72.7,8.796101385722906,30.0,landscape,5520000.0,15.52388841825328
정연연,mixed,canvas,3.0,130.0,162.2,9.956364592136897,99.8,portrait,13800000.0,16.440179150127435
정연연,mixed,canvas,3.0,91.0,116.8,9.271322576910975,50.0,portrait,6900000.0,15.747031969567487
민김,oil,canvas,0.0,97.0,130.0,9.442245428958966,59.86,portrait,16560000.0,16.62250070692139
정연연,mixed,canvas,3.0,130.0,130.0,9.735068900911164,82.44,square,13800000.0,16.440179150127435
정연연,mixed,canvas,3.0,53.0,20.0,6.966024187106113,5.31,landscape,1380000.0,14.137594057133388
정연연,mixed,canvas,2025.0,72.7,53.0,8.256633298091595,17.11,landscape,2760000.0,14.830741237693331
윤미란,other,paper,0.0,40.0,40.0,7.377758908227872,7.41,square,34500000.0,17.356469882001587
정산,mixed,other,0.0,149.9,94.0,9.553263187378557,67.91,landscape,13057560.0,16.384877834342344
정연연,mixed,canvas,3.0,60.6,90.9,8.614054894258702,26.02,portrait,4140000.0,15.236206345801495
정연연,mixed,canvas,3.0,60.6,90.9,8.614054894258702,26.02,portrait,3588000.0,15.093105502160824
정연연,mixed,canvas,3.0,30.0,160.0,8.476371196895983,22.4,portrait,6900000.0,15.747031969567487
정연연,mixed,canvas,3.0,200.0,200.0,10.596634733096073,147.53,square,27600000.0,17.133326330687378
정연재,acrylic,canvas,0.0,154.0,30.0,8.438149984075784,21.3,landscape,3657000.0,15.112153697131518
안창홍,pencil,paper,0.0,52.0,36.0,7.534762657037537,8.43,landscape,6762000.0,15.726829262249968
최인아,oil,canvas,0.0,193.9,130.3,10.137182046379406,120.0,landscape,4140000.0,15.236206345801495
옥승철,oil,canvas,0.0,150.0,150.0,10.021270588192513,106.61,square,53820000.0,17.801155703263035
허제니퍼,oil,canvas,3.3,116.8,72.7,9.0468044549336,41.78,landscape,4692000.0,15.361369488755503
민김,oil,canvas,0.0,130.0,97.0,9.442245428958966,59.86,landscape,9936000.0,16.111675083155397
양희성,oil,canvas,0.0,33.4,53.0,7.478847813534776,8.13,portrait,572700.0,13.258117298381949
신복현,oil,canvas,0.0,162.0,130.0,9.955130785687968,99.69,landscape,4140000.0,15.236206345801495
양희성,oil,canvas,0.0,89.4,145.5,9.473296768791016,62.01,portrait,4119300.0,15.231193803977952
최은영,oil,canvas,2.0,46.0,55.0,7.835974581721566,10.38,portrait,1145400.0,13.951264478941894
민김,oil,linen,3.5,160.0,160.0,10.150347630467651,120.63,square,11592000.0,16.265825762982654
김케에태,oil,canvas,0.0,91.0,91.0,9.0217190130337,40.97,square,8280000.0,15.929353526361442
허제니퍼,oil,canvas,4.5,45.5,53.0,7.788004239509027,10.0,portrait,2346000.0,14.668222308195558
김케에태,oil,canvas,0.0,100.2,80.3,8.99293780960348,40.06,landscape,11040000.0,16.217035598813222
허제니퍼,oil,canvas,3.5,72.5,60.5,8.386229926897425,19.9,landscape,3312000.0,15.013062794487288
민김,oil,canvas,0.0,116.0,91.0,9.264449697623215,49.72,landscape,8418000.0,15.945882828312651
김케에태,oil,canvas,0.0,91.0,72.7,8.797200891056324,30.05,landscape,8280000.0,15.929353526361442
최은영,oil,canvas,2.0,55.0,46.0,7.835974581721566,10.38,landscape,1145400.0,13.951264478941894
김케에태,oil,canvas,0.0,112.0,163.0,9.812249072101856,88.07,portrait,27600000.0,17.133326330687378
민김,oil,linen,0.0,200.0,170.0,10.4341158035983,136.32,landscape,17940000.0,16.702543414594924
김케에태,oil,canvas,0.0,116.5,83.0,9.176731880802354,46.31,landscape,11040000.0,16.217035598813222
김케에태,oil,canvas,0.0,130.5,194.0,10.139231385826076,120.1,portrait,33120000.0,17.315647887481333
양희성,oil,canvas,0.0,161.0,130.5,9.95277759174721,99.49,landscape,5147400.0,15.454002290789113
허제니퍼,oil,canvas,4.5,53.5,45.5,7.797393979858866,10.07,landscape,2346000.0,14.668222308195558
송인,oil,paper,0.0,73.0,60.6,8.39475433422366,20.11,landscape,5520000.0,15.52388841825328
김케에태,oil,canvas,0.0,92.0,72.7,8.808129961588515,30.56,landscape,8280000.0,15.929353526361442
양희성,oil,canvas,0.0,33.4,53.0,7.478847813534776,8.13,portrait,572700.0,13.258117298381949
양희성,oil,canvas,0.0,72.5,61.0,8.394460426033941,20.1,landscape,1145400.0,13.951264478941894
최은영,oil,canvas,2.0,45.0,53.0,7.776954403322442,9.92,portrait,1145400.0,13.951264478941894
양희성,oil,canvas,0.0,33.4,53.0,7.478847813534776,8.13,portrait,572700.0,13.258117298381949
최은영,oil,canvas,2.0,46.0,55.0,7.835974581721566,10.38,portrait,1145400.0,13.951264478941894
민김,oil,linen,4.0,200.0,170.0,10.4341158035983,136.32,landscape,13800000.0,16.440179150127435
민김,oil,linen,3.0,115.0,115.0,9.4898642567265,63.19,square,7728000.0,15.86036065487449
송인,oil,paper,0.0,73.0,60.6,8.39475433422366,20.11,landscape,5520000.0,15.52388841825328
허제니퍼,oil,canvas,4.5,53.5,45.5,7.797393979858866,10.07,landscape,2346000.0,14.668222308195558
허제니퍼,oil,canvas,4.5,53.0,45.5,7.788004239509027,10.0,landscape,2346000.0,14.668222308195558
정현숙,oil,canvas,0.0,120.0,120.0,9.574983485564092,69.59,square,24288000.0,17.005492959177495
양희성,oil,canvas,0.0,53.0,45.5,7.788004239509027,10.0,landscape,572700.0,13.258117298381949
양희성,oil,canvas,0.0,53.0,45.5,7.788004239509027,10.0,landscape,572700.0,13.258117298381949
송인,oil,paper,0.0,120.0,120.0,9.574983485564092,69.59,square,22080000.0,16.91018277937317
김케에태,oil,canvas,0.0,145.0,145.0,9.953467484841148,99.55,square,27600000.0,17.133326330687378
양희성,oil,canvas,0.0,161.0,130.5,9.95277759174721,99.49,landscape,5147400.0,15.454002290789113
김케에태,oil,canvas,0.0,116.5,91.0,9.268750779522604,49.89,landscape,13800000.0,16.440179150127435
허제니퍼,oil,canvas,4.5,53.5,45.5,7.797393979858866,10.07,landscape,2346000.0,14.668222308195558
송인,oil,paper,0.0,73.0,60.6,8.39475433422366,20.11,landscape,5520000.0,15.52388841825328
윤여름,oil,canvas,0.0,130.3,162.2,9.958669625812112,100.0,portrait,13241100.0,16.39883618659305
양희성,oil,canvas,0.0,53.3,45.5,7.793648657128704,10.04,landscape,572700.0,13.258117298381949
송인,oil,paper,0.0,194.0,130.0,10.135392609518911,119.78,landscape,33120000.0,17.315647887481333
김케에태,oil,canvas,0.0,91.0,72.7,8.797200891056324,30.05,landscape,8280000.0,15.929353526361442
민김,oil,linen,4.0,200.0,170.0,10.4341158035983,136.32,landscape,13800000.0,16.440179150127435
민김,oil,canvas,0.0,116.0,91.0,9.264449697623215,49.72,landscape,8418000.0,15.945882828312651
송인,oil,paper,0.0,122.2,122.2,9.61131809347499,72.5,square,22080000.0,16.91018277937317
송인,oil,paper,0.0,194.0,390.0,11.23400489818702,200.0,portrait,138000000.0,18.74276424312148
허제니퍼,oil,canvas,4.5,53.0,45.5,7.788004239509027,10.0,landscape,2346000.0,14.668222308195558
민김,oil,canvas,0.0,112.0,145.5,9.698674957906642,79.92,portrait,20700000.0,16.8456442582356
최은영,oil,canvas,1.5,60.0,45.0,7.90100705199242,10.93,landscape,1145400.0,13.951264478941894
김케에태,oil,canvas,0.0,117.0,80.3,9.147943555750471,45.25,landscape,13800000.0,16.440179150127435
허제니퍼,oil,canvas,3.5,72.5,60.5,8.386229926897425,19.9,landscape,3312000.0,15.013062794487288
김케에태,oil,canvas,0.0,116.5,91.0,9.268750779522604,49.89,landscape,13800000.0,16.440179150127435
김케에태,oil,canvas,0.0,80.3,100.0,8.990939806940807,40.0,portrait,11040000.0,16.217035598813222
양희성,oil,canvas,0.0,45.3,27.5,7.127493037161514,5.84,landscape,572700.0,13.258117298381949
최은영,oil,canvas,2.0,53.0,45.0,7.776954403322442,9.92,landscape,1145400.0,13.951264478941894
민김,oil,linen,4.0,200.0,170.0,10.4341158035983,136.32,landscape,13800000.0,16.440179150127435
정현숙,oil,canvas,0.0,90.0,90.0,8.99961934066053,40.27,square,27600000.0,17.133326330687378
김케에태,oil,canvas,0.0,130.0,97.0,9.442245428958966,59.86,landscape,16560000.0,16.62250070692139
정다연,oil,panel,0.0,72.7,90.9,8.796101385722906,30.0,portrait,690000.0,13.444446876573442
양희성,oil,canvas,0.0,72.1,60.6,8.382348937366173,19.81,landscape,1145400.0,13.951264478941894
정현숙,oil,canvas,0.0,120.0,120.0,9.574983485564092,69.59,square,24288000.0,17.005492959177495
송인,oil,paper,0.0,73.0,60.5,8.393102806185187,20.07,landscape,5520000.0,15.52388841825328
고은희,oil,canvas,0.0,72.2,53.3,8.25537637707058,17.08,landscape,4692000.0,15.361369488755503
송인,oil,paper,0.0,70.5,67.5,8.467740307696706,22.15,square,5520000.0,15.52388841825328
김케에태,oil,canvas,0.0,130.0,162.0,9.955130785687968,99.69,portrait,27600000.0,17.133326330687378
송인,oil,paper,0.0,162.4,95.2,9.646042369524896,75.37,landscape,24840000.0,17.027965815029553
송인,oil,paper,0.0,162.4,95.2,9.646042369524896,75.37,landscape,24840000.0,17.027965815029553
김중옥,oil,canvas,0.0,45.0,53.0,7.776954403322442,9.92,portrait,1300000.0,14.077874822431763
김케에태,oil,canvas,0.0,140.0,180.0,10.134599273499514,119.68,portrait,33120000.0,17.315647887481333
문지영,oil,canvas,0.0,72.7,60.6,8.390636277614743,20.0,landscape,2000000.0,14.50865773852422
송인,oil,paper,0.0,120.0,120.0,9.574983485564092,69.59,square,22080000.0,16.91018277937317
옥승철,acrylic,canvas,0.0,90.0,90.0,8.99961934066053,40.27,square,31740000.0,17.273088273062537
옥승철,acrylic,canvas,0.0,90.0,90.0,8.99961934066053,40.27,square,31740000.0,17.273088273062537
헤요,acrylic,linen,0.0,27.3,22.0,6.39792915554923,3.0,landscape,600000.0,13.304684934198283
임수미,acrylic,canvas,1.5,33.4,24.2,6.694908533145296,4.0,landscape,483000.0,13.087771932634707
임수미,acrylic,canvas,1.5,33.4,24.2,6.694908533145296,4.0,landscape,483000.0,13.087771932634707
이재열,acrylic,canvas,3.0,73.0,63.0,8.433594167539924,21.18,landscape,4140000.0,15.236206345801495
신복현,acrylic,panel,0.0,160.2,130.3,9.946262518765058,98.92,landscape,9108000.0,16.024663706165768
신복현,acrylic,panel,0.0,160.2,130.3,9.946262518765058,98.92,landscape,9108000.0,16.024663706165768
이동기,acrylic,canvas,0.0,30.0,50.0,7.313220387090301,6.94,portrait,13248000.0,16.399357155607177
안정모,acrylic,canvas,1.5,22.0,27.3,6.39792915554923,3.0,portrait,345000.0,12.751299696013495
이성미,acrylic,canvas,5.0,45.5,53.0,7.788004239509027,10.0,portrait,1380000.0,14.137594057133388
이성미,acrylic,canvas,3.0,90.9,72.7,8.796101385722906,30.0,landscape,4140000.0,15.236206345801495
이성미,acrylic,canvas,3.0,60.6,90.9,8.614054894258702,26.02,portrait,4140000.0,15.236206345801495
정연재,acrylic,canvas,0.0,62.0,126.0,8.96341629199657,38.47,portrait,2415000.0,14.69720984506881
이성미,acrylic,canvas,0.0,80.3,116.8,9.146232691346842,45.19,portrait,7038000.0,15.766834596863667
안정모,acrylic,canvas,2.0,60.6,72.7,8.390636277614743,20.0,portrait,2208000.0,14.607597686379124
안정모,acrylic,canvas,2.0,45.5,53.0,7.788004239509027,10.0,portrait,1145400.0,13.951264478941894
박다예,acrylic,panel,11.0,25.0,25.0,6.437751649736401,3.12,square,800000.0,13.592367006650065
이성미,acrylic,canvas,2.0,22.0,34.8,6.640659840138745,3.79,portrait,703800.0,13.464249503869622
헤요,acrylic,canvas,0.0,91.0,73.0,8.80131894766524,30.24,landscape,3036000.0,14.926051417497655
정화백,acrylic,canvas,0.0,90.9,72.2,8.789200047082213,29.84,landscape,3174000.0,14.97050318006849
송효섭,acrylic,canvas,0.0,62.8,91.2,8.65300997055444,26.81,portrait,1242000.0,14.03223354147556
이성미,acrylic,canvas,3.0,80.3,116.8,9.146232691346842,45.19,portrait,7038000.0,15.766834596863667
최나리,acrylic,canvas,5.0,61.0,61.0,8.221747728346623,16.42,square,5520000.0,15.52388841825328
안정모,acrylic,canvas,1.5,24.2,33.0,6.682860194629121,3.95,portrait,455400.0,13.028931432611776
정화백,acrylic,canvas,0.0,53.0,40.9,7.681421976600878,9.29,landscape,2346000.0,14.668222308195558
정현숙,acrylic,canvas,0.0,130.0,130.0,9.735068900911164,82.44,square,4416000.0,15.300744866939068
신복현,acrylic,canvas,2.5,162.0,130.0,9.955130785687968,99.69,landscape,6624000.0,15.706209975047232
안정모,acrylic,canvas,1.5,24.2,33.0,6.682860194629121,3.95,portrait,455400.0,13.028931432611776
정화백,acrylic,canvas,0.0,60.6,40.9,7.815424956124024,10.22,landscape,2070000.0,14.543059165241552
정화백,acrylic,paper,0.0,30.0,20.0,6.396929655216146,3.0,landscape,1104000.0,13.914450505819175
정연재,acrylic,canvas,0.0,62.0,126.0,8.96341629199657,38.47,portrait,2415000.0,14.69720984506881
정현숙,acrylic,canvas,0.0,150.0,150.0,10.021270588192513,106.61,square,33120000.0,17.315647887481333
이성미,acrylic,canvas,5.0,60.6,60.6,8.208589786150538,16.16,square,2760000.0,14.830741237693331
안정모,acrylic,canvas,2.0,45.5,53.0,7.788004239509027,10.0,portrait,1145400.0,13.951264478941894
정화백,acrylic,paper,0.0,31.0,24.0,6.612041034833092,3.69,landscape,1104000.0,13.914450505819175
정현숙,acrylic,canvas,0.0,140.0,140.0,9.883284845218608,93.64,square,29808000.0,17.210287371823508
안정모,acrylic,canvas,2.0,45.5,53.0,7.788004239509027,10.0,portrait,1145400.0,13.951264478941894
정희경,acrylic,canvas,0.0,36.8,36.8,7.210995690349771,6.25,square,8970000.0,16.00939623403498
정현숙,acrylic,canvas,0.0,130.0,160.0,9.94270826568941,98.61,portrait,37536000.0,17.440811030435338
안정모,acrylic,canvas,1.5,22.0,27.3,6.39792915554923,3.0,portrait,345000.0,12.751299696013495
정희경,acrylic,canvas,0.0,37.0,37.0,7.221835825288449,6.32,square,1380000.0,14.137594057133388
최나리,acrylic,canvas,5.0,61.0,61.0,8.221747728346623,16.42,square,5520000.0,15.52388841825328
안정모,acrylic,canvas,2.0,45.5,53.0,7.788004239509027,10.0,portrait,1145400.0,13.951264478941894
신복현,acrylic,panel,3.5,162.0,130.0,9.955130785687968,99.69,landscape,7590000.0,15.842342149371811
정화백,acrylic,canvas,0.0,37.9,45.5,7.452663438045286,8.0,portrait,1656000.0,14.319915613927344
이성미,acrylic,canvas,2.0,22.0,34.8,6.640659840138745,3.79,portrait,703800.0,13.464249503869622
정화백,acrylic,canvas,0.0,100.0,80.3,8.990939806940807,40.0,landscape,3726000.0,15.13084583014367
이피,ink,paper,6.0,156.0,206.5,10.380156419650625,132.98,portrait,19044000.0,16.762262649296545
세에지의,ink,paper,0.0,175.0,120.0,9.95227771670556,99.44,landscape,5520000.0,15.52388841825328
김민주,ink,paper,0.0,26.5,45.0,7.083807222762497,5.69,portrait,1380000.0,14.137594057133388
신복현,mixed,panel,0.0,160.2,130.3,9.946262518765058,98.92,landscape,9108000.0,16.024663706165768
신복현,mixed,panel,0.0,160.2,130.3,9.946262518765058,98.92,landscape,9108000.0,16.024663706165768
신복현,mixed,panel,0.0,162.2,130.3,9.958669625812112,100.0,landscape,9108000.0,16.024663706165768
신복현,mixed,panel,0.0,162.2,130.3,9.958669625812112,100.0,landscape,9108000.0,16.024663706165768
유정수,other,paper,0.0,72.7,61.0,8.397215248712785,20.18,landscape,1987200.0,14.502237170721296
유정수,other,paper,0.0,72.7,61.0,8.397215248712785,20.18,landscape,1987200.0,14.502237170721296
유정수,other,paper,0.0,53.0,65.0,8.144679183447758,14.96,portrait,1656000.0,14.319915613927344
유정수,other,paper,0.0,60.5,60.5,8.205286730073592,16.1,square,1766400.0,14.384454135064914
유정수,other,paper,0.0,60.5,60.5,8.205286730073592,16.1,square,1766400.0,14.384454135064914
유정수,other,paper,0.0,72.5,60.5,8.386229926897425,19.9,landscape,1987200.0,14.502237170721296
이성미,mixed,canvas,3.0,65.1,90.9,8.685684550397957,27.5,portrait,4140000.0,15.236206345801495
이피,other,paper,3.0,46.0,40.0,7.517520850603031,8.34,landscape,759000.0,13.539757056377766
이피,other,paper,3.0,29.5,38.0,7.02197642307216,5.49,portrait,552000.0,13.221303325259232
이피,other,paper,3.0,29.5,38.0,7.02197642307216,5.49,portrait,552000.0,13.221303325259232
정현숙,other,canvas,0.0,64.0,66.0,8.348537825386098,19.05,square,6624000.0,15.706209975047232
송인,other,paper,0.0,195.0,50.0,9.185022563991891,46.62,landscape,16560000.0,16.62250070692139
김미현,oil,canvas,3.0,45.5,45.5,7.63542465191381,9.01,square,1080540.0,13.892971474142051
김미현,oil,canvas,2.8,31.9,31.9,6.925212019581598,5.19,square,792120.0,13.582468174470815
김철성,oil,canvas,4.0,50.0,50.0,7.824046010856292,10.29,square,3394800.0,15.03775540707766
김미현,oil,canvas,3.8,60.7,60.7,8.211887396130905,16.23,square,2152800.0,14.582279878394834
김미현,oil,canvas,3.0,100.0,72.7,8.891511570527564,34.65,landscape,3912300.0,15.179635994313102
양승욱,oil,canvas,2.5,50.8,45.7,7.749994652484595,9.74,landscape,4512600.0,15.32238404204255
양승욱,oil,canvas,2.5,50.8,45.7,7.749994652484595,9.74,landscape,4512600.0,15.32238404204255
양승욱,oil,canvas,2.5,50.8,45.7,7.749994652484595,9.74,landscape,4077900.0,15.221092707991447
김미현,oil,canvas,3.8,80.0,80.0,8.764053269347762,29.25,square,4261440.0,15.265117689295916
양승욱,oil,canvas,2.5,50.8,45.7,7.749994652484595,9.74,landscape,4512600.0,15.32238404204255
양승욱,oil,canvas,2.5,50.8,45.7,7.749994652484595,9.74,landscape,3063600.0,14.935101253017576
양승욱,oil,canvas,2.5,40.6,30.5,7.121494750221053,5.82,landscape,1573200.0,14.26862231953979
김미현,oil,canvas,2.5,45.5,45.5,7.63542465191381,9.01,square,1283400.0,14.065023364298552
김나르영,acrylic,canvas,2.5,27.4,34.8,6.860160400174453,5.01,portrait,471960.0,13.064649515213857
김나르영,acrylic,canvas,2.5,53.3,65.0,8.150323601067436,15.07,portrait,1105380.0,13.915699725219609
김미현,oil,canvas,2.5,22.9,22.9,6.262273821120388,2.45,square,361560.0,12.798183281912348
김미현,oil,canvas,2.5,72.7,72.7,8.572682769078947,25.21,square,3146400.0,14.961769500099736
김미현,oil,canvas,2.5,22.9,22.9,6.262273821120388,2.45,square,361560.0,12.798183281912348
김미현,oil,canvas,2.5,22.9,22.9,6.262273821120388,2.45,square,361560.0,12.798183281912348
김미현,oil,canvas,2.5,22.9,22.9,6.262273821120388,2.45,square,361560.0,12.798183281912348
김미현,oil,canvas,2.5,22.9,22.9,6.262273821120388,2.45,square,361560.0,12.798183281912348
김미현,oil,canvas,2.5,22.9,22.9,6.262273821120388,2.45,square,361560.0,12.798183281912348
이문자,acrylic,canvas,3.0,72.6,90.9,8.794724923014183,29.97,portrait,5678700.0,15.55223289126242
양승욱,oil,canvas,2.5,50.8,45.7,7.749994652484595,9.74,landscape,4077900.0,15.221092707991447
양승욱,oil,canvas,2.5,50.8,45.7,7.749994652484595,9.74,landscape,4077900.0,15.221092707991447
양승욱,oil,panel,2.5,50.8,45.7,7.749994652484595,9.74,landscape,4512600.0,15.32238404204255
양승욱,oil,canvas,2.5,69.8,30.0,7.646831391430482,9.08,landscape,4077900.0,15.221092707991447
양승욱,oil,canvas,2.5,50.8,63.5,8.078936260483083,13.4,portrait,7438200.0,15.822139442054294
양승욱,oil,panel,2.5,71.1,58.4,8.331403226643376,18.67,landscape,8914800.0,16.0032233749279
이문자,acrylic,canvas,3.0,60.7,72.6,8.390908619896203,20.01,portrait,4202100.0,15.251094958295248
이문자,acrylic,canvas,3.0,72.6,90.9,8.794724923014183,29.97,portrait,5678700.0,15.55223289126242
양승욱,oil,canvas,2.5,50.8,45.7,7.749994652484595,9.74,landscape,4512600.0,15.32238404204255
양승욱,oil,canvas,2.5,50.8,45.7,7.749994652484595,9.74,landscape,4512600.0,15.32238404204255
신예진,acrylic,canvas,3.0,162.2,130.3,9.958669625812112,100.0,landscape,18802500.0,16.749500397682695
이문자,acrylic,canvas,3.0,72.6,90.9,8.794724923014183,29.97,portrait,5678700.0,15.55223289126242
이문자,acrylic,canvas,3.0,72.6,90.9,8.794724923014183,29.97,portrait,5678700.0,15.55223289126242
이문자,acrylic,canvas,3.0,72.6,90.9,8.794724923014183,29.97,portrait,5678700.0,15.55223289126242
이문자,acrylic,canvas,3.0,60.7,72.6,8.390908619896203,20.01,portrait,4202100.0,15.251094958295248
신예진,acrylic,canvas,3.0,100.0,80.3,8.990939806940807,40.0,landscape,7548600.0,15.836872673567278
신예진,acrylic,canvas,4.0,72.7,90.9,8.796101385722906,30.0,portrait,6141000.0,15.630498153311535
신예진,acrylic,canvas,2.0,53.0,65.2,8.14775138248473,15.03,portrait,2960100.0,14.900733609513368
신예진,acrylic,canvas,4.0,72.7,90.9,8.796101385722906,30.0,portrait,6141000.0,15.630498153311535
신예진,acrylic,canvas,4.0,100.0,80.3,8.990939806940807,40.0,landscape,7631400.0,15.84778187266763
신예진,acrylic,canvas,2.5,60.6,72.7,8.390636277614743,20.0,portrait,3988200.0,15.198850559257728
강민석,acrylic,canvas,3.0,130.3,80.3,9.255609105083517,49.36,landscape,5947800.0,15.598531961249044
강민석,acrylic,canvas,3.0,130.4,70.0,9.119101891541913,44.23,landscape,5906400.0,15.591547066727092
강민석,acrylic,canvas,3.0,100.0,53.0,8.575462099540212,25.26,landscape,3939900.0,15.18666590024136
김미현,oil,canvas,2.5,22.9,22.9,6.262273821120388,2.45,square,361560.0,12.798183281912348
강민석,acrylic,canvas,3.0,91.0,50.2,8.426874533214534,20.99,landscape,3939900.0,15.18666590024136
강민석,acrylic,canvas,3.0,91.0,72.2,8.79029955241563,29.86,landscape,3939900.0,15.18666590024136
강민석,acrylic,canvas,3.0,91.0,72.5,8.794446068377479,29.96,landscape,3939900.0,15.18666590024136
김미현,oil,canvas,2.5,22.9,22.9,6.262273821120388,2.45,square,361560.0,12.798183281912348
김미현,oil,canvas,4.0,30.0,30.0,6.802394763324311,4.65,square,456780.0,13.031957153528314
김미현,oil,other,3.0,30.0,30.0,6.802394763324311,4.65,square,444360.0,13.00439032369566
김미현,oil,canvas,3.8,39.9,39.9,7.372752647791636,7.38,square,848700.0,13.651461045957769
오카원,oil,canvas,2.5,100.1,64.8,8.777475289679403,29.56,landscape,6099600.0,15.623733753222997
오카원,oil,canvas,1.8,37.8,45.5,7.450021428582446,7.98,portrait,2394300.0,14.68860147053221
김미현,oil,canvas,4.6,80.3,80.3,8.771539241905431,29.42,square,3546600.0,15.081499956040515
백준성,oil,canvas,2.0,53.0,65.1,8.146216462766645,15.0,portrait,3313380.0,15.013479374372505
김미현,oil,canvas,2.5,72.6,72.6,8.5699298436615,25.16,square,3291300.0,15.006793181473691
김미현,oil,canvas,2.5,60.7,72.6,8.390908619896203,20.01,portrait,2394300.0,14.68860147053221
백준성,oil,canvas,3.0,130.3,130.3,9.7396789682616,82.77,square,19227540.0,16.771854184264843
김미현,oil,canvas,2.5,72.6,72.6,8.5699298436615,25.16,square,3291300.0,15.006793181473691
백준성,oil,canvas,2.0,45.5,53.0,7.788004239509027,10.0,portrait,2238360.0,14.621254012826608
백준성,oil,canvas,2.0,53.0,65.1,8.146216462766645,15.0,portrait,3312000.0,15.013062794487288
양승욱,oil,canvas,2.5,50.8,45.7,7.749994652484595,9.74,landscape,3788100.0,15.14737513209488
양승욱,oil,panel,2.5,61.0,50.8,8.038770218757747,12.49,landscape,6713700.0,15.719660772771356
양승욱,oil,canvas,2.5,45.7,50.8,7.749994652484595,9.74,portrait,3788100.0,15.14737513209488
양승욱,oil,canvas,2.5,50.8,45.7,7.749994652484595,9.74,landscape,4512600.0,15.32238404204255
김미현,oil,canvas,2.5,72.6,72.6,8.5699298436615,25.16,square,2421900.0,14.700062914051216
김미현,oil,panel,3.0,16.5,24.1,5.985572221403144,1.38,portrait,292560.0,12.586425052823262
김미현,oil,panel,3.0,16.5,24.1,5.985572221403144,1.38,portrait,292560.0,12.586425052823262
김미현,oil,panel,3.0,16.5,24.1,5.985572221403144,1.38,portrait,292560.0,12.586425052823262
김미현,oil,canvas,2.5,60.7,72.6,8.390908619896203,20.01,portrait,2394300.0,14.68860147053221
김미현,oil,panel,3.0,16.5,24.1,5.985572221403144,1.38,portrait,292560.0,12.586425052823262
김택기,other,paper,0.3,50.8,50.8,7.855792709168872,10.55,square,834900.0,13.635067236182092
김택기,other,paper,0.3,50.8,50.8,7.855792709168872,10.55,square,834900.0,13.635067236182092
김미현,oil,canvas,3.8,39.9,39.9,7.372752647791636,7.38,square,848700.0,13.651461045957769
김미현,oil,canvas,4.6,72.6,90.9,8.794724923014183,29.97,portrait,2967000.0,14.90306189927296
김미현,oil,canvas,2.3,53.1,80.3,8.357946549200609,19.26,portrait,2032740.0,14.52489519461388
김미현,oil,canvas,4.6,72.6,90.9,8.794724923014183,29.97,portrait,2967000.0,14.90306189927296
김미현,oil,canvas,3.8,45.5,45.5,7.63542465191381,9.01,square,745200.0,13.52140791770957
김택기,other,paper,0.3,50.8,50.8,7.855792709168872,10.55,square,834900.0,13.635067236182092
김택기,other,paper,0.3,50.8,50.8,7.855792709168872,10.55,square,834900.0,13.635067236182092
김택기,other,paper,0.3,50.8,50.8,7.855792709168872,10.55,square,834900.0,13.635067236182092
김택기,other,paper,0.3,50.8,50.8,7.855792709168872,10.55,square,834900.0,13.635067236182092
김택기,other,paper,0.3,50.8,50.8,7.855792709168872,10.55,square,834900.0,13.635067236182092
김택기,other,paper,0.3,50.8,50.8,7.855792709168872,10.55,square,834900.0,13.635067236182092
김택기,other,paper,0.3,50.8,50.8,7.855792709168872,10.55,square,834900.0,13.635067236182092
김택기,other,paper,0.3,50.8,50.8,7.855792709168872,10.55,square,834900.0,13.635067236182092
김택기,other,paper,0.3,50.8,50.8,7.855792709168872,10.55,square,834900.0,13.635067236182092
김택기,other,paper,0.3,50.8,50.8,7.855792709168872,10.55,square,834900.0,13.635067236182092
강민석,acrylic,canvas,2.1,72.6,53.0,8.255256835382871,17.08,landscape,2670300.0,14.797701383615133
강민석,acrylic,canvas,2.1,72.6,53.0,8.255256835382871,17.08,landscape,2670300.0,14.797701383615133
민병희,ink,paper,0.1,67.8,199.9,9.514379436452703,64.98,portrait,7452000.0,15.823993010703616
강민석,acrylic,canvas,2.1,41.0,41.0,7.427144133408616,7.79,square,906660.0,13.71752279663586
강민석,acrylic,canvas,2.5,155.0,89.6,9.538780436900131,66.8,landscape,14986800.0,16.522680371639176
김형주,oil,canvas,2.3,33.8,53.0,7.4907527160410945,8.19,portrait,3944040.0,15.187716136641065
김형주,oil,canvas,2.3,33.4,45.5,7.326268225939559,7.03,portrait,3176760.0,14.971372367433078
김형주,oil,canvas,2.5,27.2,46.4,7.140516432534161,5.89,portrait,3171240.0,14.969633236559952
민병희,ink,paper,0.1,49.8,30.0,7.309212365692763,6.91,landscape,572700.0,13.258117298381949
강민석,acrylic,canvas,2.0,65.0,35.0,7.729735331385051,9.6,landscape,1469700.0,14.200568856294776
강민석,other,metal,13.0,13.0,21.8,5.64685932725658,0.29,portrait,1587000.0,14.277355999508544
김형주,pencil,paper,0.1,29.7,42.0,7.128816664092022,5.85,portrait,931500.0,13.74455146902378
변상호,acrylic,canvas,4.0,81.0,81.0,8.788898309344878,29.83,square,6141000.0,15.630498153311535
민병희,ink,paper,2.5,43.2,68.6,7.994133029981904,11.79,portrait,3118800.0,14.952958870417582
민병희,ink,paper,2.54,44.96,68.58,8.033774152620209,12.38,portrait,4554000.0,15.331516525605824
민병희,ink,paper,0.1,45.0,64.8,7.977968093128549,11.63,portrait,3036000.0,14.926051417497655
민병희,ink,paper,1.8,53.3,33.8,7.496397133660772,8.22,landscape,5292300.0,15.481763491952607
민병희,ink,paper,0.1,67.8,45.0,8.02322468471667,12.15,landscape,1628400.0,14.30310849561096
민병희,ink,paper,0.1,67.8,129.5,9.080243076085942,42.89,portrait,7465800.0,15.825843149991778
민병희,ink,paper,0.25,33.78,33.78,7.039737822759308,5.54,square,600300.0,13.305184809239934
민병희,ink,paper,1.8,67.8,39.9,7.902938518842167,10.95,landscape,6768900.0,15.727849150150714
민병희,ink,paper,0.1,67.8,79.8,8.596085699402114,25.66,portrait,6003000.0,15.60776990223398
민병희,ink,paper,2.0,45.0,67.8,8.02322468471667,12.15,portrait,4595400.0,15.34056636112574
민병희,ink,paper,0.1,67.0,33.0,7.701200180857446,9.42,landscape,3801900.0,15.151011499738264
민병희,other,paper,2.0,45.0,67.8,8.02322468471667,12.15,portrait,5319900.0,15.48696506414868
민병희,ink,paper,2.5,33.8,33.8,7.040921604977946,5.55,square,3118800.0,14.952958870417582
민병희,ink,paper,2.0,52.0,74.0,8.255308811785596,17.08,portrait,7534800.0,15.8350428468902
민병희,ink,paper,0.1,33.8,33.8,7.040921604977946,5.55,square,1297200.0,14.0757186534153
민병희,ink,paper,0.1,33.8,33.8,7.040921604977946,5.55,square,455400.0,13.028931432611776
민병희,ink,paper,0.1,33.8,33.8,7.040921604977946,5.55,square,600300.0,13.305184809239934
민병희,ink,paper,0.1,33.8,33.8,7.040921604977946,5.55,square,600300.0,13.305184809239934
민병희,ink,paper,0.1,33.8,33.8,7.040921604977946,5.55,square,600300.0,13.305184809239934
민병희,ink,paper,0.25,65.02,113.03,8.902348185078399,35.21,portrait,5961600.0,15.600849459389408
민병희,ink,paper,0.1,33.8,33.8,7.040921604977946,5.55,square,703800.0,13.464249503869622
민병희,ink,paper,0.1,34.5,34.5,7.081918648074629,5.69,square,1366200.0,14.127543721279888
민병희,ink,paper,0.1,34.5,67.0,7.74565194342828,9.71,portrait,558900.0,13.233725845257789
민병희,ink,paper,0.1,34.5,60.0,7.635303886259415,9.01,portrait,558900.0,13.233725845257789
민병희,ink,paper,0.1,34.5,34.5,7.081918648074629,5.69,square,848700.0,13.651461045957769
민병희,ink,paper,0.1,45.0,64.0,7.965545573129992,11.51,portrait,5209500.0,15.465994439834375
민병희,ink,paper,0.1,55.5,69.5,8.257709773323135,17.13,portrait,5934000.0,15.596209079832905
민병희,ink,paper,2.0,55.5,70.0,8.264878262801748,17.28,portrait,5292300.0,15.481763491952607
민병희,ink,paper,0.1,40.0,70.0,7.937374696163295,11.26,portrait,1863000.0,14.437698649583725
민병희,ink,paper,0.1,41.0,67.0,7.918264686095274,11.08,portrait,3022200.0,14.921495600961796
박다예,oil,canvas,2.0,30.0,30.0,6.802394763324311,4.65,square,690000.0,13.444446876573442
민병희,ink,paper,2.0,42.0,40.0,7.426549072397305,7.79,square,1904400.0,14.4596775563025
신예진,acrylic,canvas,4.0,72.7,72.7,8.572682769078947,25.21,square,5809800.0,15.575056704827675
신예진,acrylic,canvas,4.0,100.0,80.3,8.990939806940807,40.0,landscape,7631400.0,15.84778187266763
민병희,watercolor,paper,2.0,42.0,62.0,7.86480400332846,10.62,portrait,4595400.0,15.34056636112574
민병희,ink,paper,0.1,45.5,45.5,7.63542465191381,9.01,square,1356540.0,14.120447898298416
민병희,ink,paper,0.1,49.0,68.0,8.111328003286733,14.16,portrait,2401200.0,14.691479170359823
강민석,acrylic,canvas,2.5,145.5,89.4,9.473296768791016,62.01,landscape,7162200.0,15.784327754311184
강민석,acrylic,canvas,2.4,162.2,130.3,9.958669625812112,100.0,landscape,16918800.0,16.643935987641452
양승욱,oil,panel,2.5,76.2,53.3,8.309297793864399,18.2,landscape,8190300.0,15.918461085195018
양승욱,oil,panel,2.5,76.2,53.3,8.309297793864399,18.2,landscape,6741300.0,15.723763342628134
양승욱,oil,panel,2.5,58.4,48.3,7.9447474504927085,11.32,landscape,5975400.0,15.603161599147786
양승욱,oil,canvas,2.5,90.9,72.6,8.794724923014183,29.97,landscape,10432800.0,16.16046524732483
양승욱,oil,canvas,2.5,90.9,72.6,8.794724923014183,29.97,landscape,8983800.0,16.010933513353866
양승욱,oil,panel,2.5,50.8,38.1,7.568110636717091,8.61,landscape,4498800.0,15.319321252512005
양승욱,oil,canvas,2.5,71.1,60.5,8.366730701845992,19.46,landscape,8914800.0,16.0032233749279
양승욱,oil,panel,2.5,64.8,50.8,8.099201957942665,13.87,landscape,6003000.0,15.60776990223398
양승욱,oil,other,2.5,73.7,53.3,8.27593913036709,17.5,landscape,6016800.0,15.61006611449433
양승욱,oil,panel,2.5,52.3,63.5,8.108036276969523,14.08,portrait,7452000.0,15.823993010703616
양승욱,oil,panel,2.5,60.5,50.3,8.02064844214249,12.09,landscape,4540200.0,15.328481621910669
양승욱,oil,canvas,2.5,52.1,44.4,7.7464044181975,9.71,landscape,4077900.0,15.221092707991447
양승욱,oil,panel,2.5,33.0,33.0,6.9930151229329605,5.4,square,3746700.0,15.136386010519288
양승욱,oil,canvas,3.8,113.8,53.3,8.710378852864029,28.03,landscape,6796500.0,15.73191833175744
양승욱,oil,canvas,3.8,113.8,53.3,8.710378852864029,28.03,landscape,6796500.0,15.73191833175744
강민석,acrylic,canvas,1.9,65.0,34.9,7.726874099104019,9.58,landscape,1469700.0,14.200568856294776
강민석,acrylic,canvas,2.5,90.9,50.2,8.425775027881116,20.96,landscape,2829000.0,14.855433850283704
강민석,acrylic,canvas,2.1,53.0,40.8,7.678973994962238,9.27,landscape,1397940.0,14.150510282399932
강민석,acrylic,canvas,2.9,27.4,27.4,6.621086026788049,3.72,square,492660.0,13.107574559930889
강민석,acrylic,canvas,2.0,41.0,41.0,7.427144133408616,7.79,square,891480.0,13.700638281933852
강민석,acrylic,canvas,2.0,72.7,60.6,8.390636277614743,20.0,landscape,3843300.0,15.161841930512637
강민석,acrylic,canvas,2.0,72.7,50.0,8.19836438996762,15.97,landscape,2743440.0,14.82472316536777
강민석,acrylic,canvas,2.5,130.5,60.3,8.970705330495887,38.87,landscape,5602800.0,15.53877703074703
강민석,acrylic,canvas,2.4,72.5,116.5,9.041477834866384,41.6,portrait,10460400.0,16.16310725678767
강민석,acrylic,canvas,2.1,33.5,33.5,7.0230908776620415,5.49,square,645840.0,13.378307074068896
민병희,ink,paper,0.1,68.0,68.0,8.439015410352214,21.33,square,5388900.0,15.499851840425036
강민석,acrylic,canvas,2.1,33.5,33.5,7.0230908776620415,5.49,square,645840.0,13.378307074068896
민병희,ink,paper,0.1,48.0,70.0,8.11969625295725,14.36,portrait,2007900.0,14.512599957756844
민병희,ink,paper,0.1,40.0,50.0,7.600902459542082,8.8,portrait,1573200.0,14.26862231953979
김형주,pencil,paper,0.1,21.0,29.7,6.4356694835320765,3.11,portrait,621000.0,13.339086360915616
김형주,pencil,paper,0.1,32.0,45.0,7.272398392570047,6.66,portrait,801780.0,13.59458953500316
민병희,ink,paper,0.1,34.0,60.0,7.620705086838262,8.92,portrait,558900.0,13.233725845257789
김혹융,acrylic,canvas,2.0,32.0,40.9,7.176865965848482,6.04,portrait,1312380.0,14.08735284069664
김혹융,acrylic,canvas,2.0,32.0,40.9,7.176865965848482,6.04,portrait,1312380.0,14.08735284069664
김혹융,acrylic,canvas,2.0,32.0,40.9,7.176865965848482,6.04,portrait,1312380.0,14.08735284069664
김혹융,acrylic,canvas,2.0,59.9,59.9,8.185353010242807,15.72,square,4264200.0,15.26576514804304
김혹융,acrylic,canvas,2.0,60.0,60.0,8.1886891244442,15.78,square,4264200.0,15.26576514804304
김미현,oil,canvas,4.6,72.7,72.7,8.572682769078947,25.21,square,2201100.0,14.604467793370196
김미현,oil,canvas,4.6,72.6,90.9,8.794724923014183,29.97,portrait,2967000.0,14.90306189927296
김미현,oil,canvas,3.8,60.7,60.7,8.211887396130905,16.23,square,1366200.0,14.127543721279888
김미현,oil,canvas,4.1,30.0,30.0,6.802394763324311,4.65,square,456780.0,13.031957153528314
김미현,oil,canvas,2.5,60.7,72.6,8.390908619896203,20.01,portrait,2394300.0,14.68860147053221
김미현,oil,canvas,2.5,45.5,45.5,7.63542465191381,9.01,square,876300.0,13.683463777043942
김미현,oil,canvas,3.8,45.0,59.9,7.899338994891724,10.92,portrait,941160.0,13.754868435994712
김미현,oil,canvas,3.8,45.0,59.9,7.899338994891724,10.92,portrait,941160.0,13.754868435994712
김미현,oil,canvas,4.1,30.0,30.0,6.802394763324311,4.65,square,456780.0,13.031957153528314
변상호,acrylic,canvas,3.0,120.0,120.0,9.574983485564092,69.59,square,23625600.0,16.977841427846982
변상호,acrylic,canvas,4.0,81.0,81.0,8.788898309344878,29.83,square,6141000.0,15.630498153311535
변상호,acrylic,canvas,4.0,81.0,81.0,8.788898309344878,29.83,square,6141000.0,15.630498153311535
변상호,acrylic,canvas,3.0,120.0,120.0,9.574983485564092,69.59,square,23625600.0,16.977841427846982
변상호,acrylic,canvas,4.0,81.0,81.0,8.788898309344878,29.83,square,6141000.0,15.630498153311535
변상호,acrylic,canvas,4.0,81.0,81.0,8.788898309344878,29.83,square,6141000.0,15.630498153311535
변상호,acrylic,canvas,4.0,81.0,81.0,8.788898309344878,29.83,square,6141000.0,15.630498153311535
변상호,acrylic,canvas,4.0,81.0,81.0,8.788898309344878,29.83,square,6141000.0,15.630498153311535
변상호,acrylic,canvas,4.0,81.0,81.0,8.788898309344878,29.83,square,6141000.0,15.630498153311535
변상호,acrylic,canvas,4.0,81.0,81.0,8.788898309344878,29.83,square,6141000.0,15.630498153311535
변상호,acrylic,canvas,4.0,81.0,81.0,8.788898309344878,29.83,square,6141000.0,15.630498153311535
변상호,acrylic,canvas,4.0,81.0,81.0,8.788898309344878,29.83,square,6141000.0,15.630498153311535
변상호,acrylic,canvas,3.0,120.0,120.0,9.574983485564092,69.59,square,23625600.0,16.977841427846982
변상호,acrylic,canvas,3.0,120.0,120.0,9.574983485564092,69.59,square,23625600.0,16.977841427846982
이문자,acrylic,canvas,3.0,72.6,90.9,8.794724923014183,29.97,portrait,4954200.0,15.415746259633575
변상호,acrylic,canvas,3.0,120.0,120.0,9.574983485564092,69.59,square,23625600.0,16.977841427846982
변상호,acrylic,canvas,3.0,120.0,120.0,9.574983485564092,69.59,square,23625600.0,16.977841427846982
변상호,acrylic,canvas,3.0,120.0,120.0,9.574983485564092,69.59,square,23625600.0,16.977841427846982
변상호,acrylic,canvas,3.0,120.0,120.0,9.574983485564092,69.59,square,23625600.0,16.977841427846982
변상호,acrylic,canvas,3.0,120.0,120.0,9.574983485564092,69.59,square,23625600.0,16.977841427846982
변상호,acrylic,canvas,3.0,120.0,120.0,9.574983485564092,69.59,square,23625600.0,16.977841427846982
변상호,acrylic,canvas,3.0,120.0,120.0,9.574983485564092,69.59,square,23625600.0,16.977841427846982
변상호,acrylic,canvas,4.0,81.0,81.0,8.788898309344878,29.83,square,6141000.0,15.630498153311535
변상호,acrylic,canvas,4.0,81.0,81.0,8.788898309344878,29.83,square,6141000.0,15.630498153311535
변상호,acrylic,canvas,3.0,53.0,45.0,7.776954403322442,9.92,landscape,3063600.0,14.935101253017576
민병희,acrylic,paper,0.1,75.0,93.0,8.850087606689566,32.58,portrait,7534800.0,15.8350428468902
민병희,ink,paper,0.1,39.0,50.0,7.575584651557793,8.66,portrait,2297700.0,14.647419180565796
민병희,ink,paper,0.1,67.3,129.5,9.072841117790274,42.64,portrait,7493400.0,15.829533191079232
민병희,watercolor,paper,3.0,54.0,54.0,7.977968093128549,11.63,square,3077400.0,14.939595642605417
김미현,oil,canvas,2.5,22.9,22.9,6.262273821120388,2.45,square,361560.0,12.798183281912348
김미현,oil,canvas,2.5,22.9,22.9,6.262273821120388,2.45,square,361560.0,12.798183281912348
김미현,oil,canvas,2.5,22.9,22.9,6.262273821120388,2.45,square,361560.0,12.798183281912348
김미현,oil,canvas,2.5,22.9,22.9,6.262273821120388,2.45,square,361560.0,12.798183281912348
김미현,oil,canvas,2.5,22.9,22.9,6.262273821120388,2.45,square,361560.0,12.798183281912348
김미현,oil,canvas,2.5,22.9,22.9,6.262273821120388,2.45,square,361560.0,12.798183281912348
김미현,oil,canvas,2.5,22.8,22.8,6.25352107192079,2.42,square,361560.0,12.798183281912348
김미현,oil,canvas,2.5,45.5,53.0,7.788004239509027,10.0,portrait,1179900.0,13.98094024708801
오카원,oil,canvas,1.8,72.9,90.9,8.798848640198045,30.13,portrait,4871400.0,15.398891928078593
김미현,oil,canvas,2.5,45.5,45.5,7.63542465191381,9.01,square,1370340.0,14.130569442196425
김미현,oil,canvas,2.5,45.5,45.5,7.63542465191381,9.01,square,1324800.0,14.096772062613132
김미현,oil,canvas,2.5,72.6,72.6,8.5699298436615,25.16,square,3291300.0,15.006793181473691
김미현,oil,canvas,3.8,39.9,39.9,7.372752647791636,7.38,square,848700.0,13.651461045957769
김미현,oil,canvas,3.8,39.9,39.9,7.372752647791636,7.38,square,848700.0,13.651461045957769
오카원,oil,canvas,2.5,37.8,45.5,7.450021428582446,7.98,portrait,3118800.0,14.952958870417582
유영주,acrylic,canvas,4.0,18.0,24.0,6.068425588244111,1.71,portrait,538200.0,13.195985517274943
민병희,ink,paper,0.25,33.78,33.78,7.039737822759308,5.54,square,717600.0,13.483667589726725
민병희,ink,paper,0.25,67.82,44.96,8.022630342282929,12.14,landscape,5009400.0,15.426826705410146
민병희,ink,paper,0.25,31.75,49.78,7.365506022278146,7.32,portrait,1545600.0,14.250922742440393
민병희,ink,paper,0.25,33.78,33.78,7.039737822759308,5.54,square,2925600.0,14.88901014581731
민병희,ink,paper,0.25,66.8,45.97,8.029692090360737,12.29,landscape,5009400.0,15.426826705410146
김민기,ink,paper,2.03,65.0,79.48,8.549892687579254,24.63,portrait,2732400.0,14.820690901839832
김민기,ink,paper,5.08,79.98,109.98,9.08207513449834,42.95,portrait,5326800.0,15.488261240610129
김민기,ink,paper,3.05,28.98,43.48,7.1389069991455445,5.88,portrait,869400.0,13.67555859753683
김론니에,other,paper,2.5,22.6,22.6,6.235899812556481,2.35,square,378120.0,12.84296688453932
김론니에,other,paper,2.5,22.6,22.6,6.235899812556481,2.35,square,378120.0,12.84296688453932
김론니에,other,paper,2.5,22.6,22.6,6.235899812556481,2.35,square,378120.0,12.84296688453932
김민기,acrylic,paper,2.5,23.0,32.5,6.616734305264841,3.71,portrait,841800.0,13.643297735318606
김민기,acrylic,paper,2.5,32.5,23.0,6.616734305264841,3.71,landscape,883200.0,13.691306954504968
김론니에,other,other,2.5,72.7,116.8,9.0468044549336,41.78,portrait,3767400.0,15.141895666330257
민병희,ink,paper,0.1,33.8,33.8,7.040921604977946,5.55,square,579600.0,13.270093489428664
김민기,acrylic,paper,2.0,27.5,39.5,6.990486676579602,5.39,portrait,1062600.0,13.87622929299898
김민기,ink,paper,2.0,27.5,39.5,6.990486676579602,5.39,portrait,1062600.0,13.87622929299898
김민기,acrylic,paper,2.0,27.5,39.5,6.990486676579602,5.39,portrait,1062600.0,13.87622929299898
김민기,ink,paper,2.0,27.5,39.5,6.990486676579602,5.39,portrait,1062600.0,13.87622929299898
민병희,ink,paper,0.1,34.5,34.5,7.081918648074629,5.69,square,855600.0,13.659558256190389
민병희,ink,paper,0.1,52.0,70.0,8.199738960630786,15.99,portrait,5009400.0,15.426826705410146
민병희,ink,paper,0.1,34.5,34.5,7.081918648074629,5.69,square,1269600.0,14.054212448194336
김민기,ink,paper,4.0,30.0,29.8,6.795705775173514,4.6,square,1186800.0,13.986771167398803
김민기,ink,paper,4.0,30.0,29.8,6.795705775173514,4.6,square,1186800.0,13.986771167398803
김민기,ink,paper,4.0,30.0,29.8,6.795705775173514,4.6,square,1186800.0,13.986771167398803
김민기,ink,paper,2.8,72.7,91.0,8.797200891056324,30.05,portrait,4319400.0,15.27862706168545
김민기,acrylic,paper,2.0,27.0,39.0,6.959398512133975,5.29,portrait,1173000.0,13.975075127635613
김민기,acrylic,paper,2.5,23.0,32.5,6.616734305264841,3.71,portrait,897000.0,13.706811141040934
김민기,acrylic,paper,2.5,23.0,32.5,6.616734305264841,3.71,portrait,897000.0,13.706811141040934
김민기,acrylic,paper,2.5,45.5,53.0,7.788004239509027,10.0,portrait,1628400.0,14.30310849561096
김민기,acrylic,paper,2.7,72.7,90.9,8.796101385722906,30.0,portrait,4319400.0,15.27862706168545
김민기,acrylic,paper,2.7,72.7,90.9,8.796101385722906,30.0,portrait,4319400.0,15.27862706168545
민병희,ink,paper,0.1,51.0,75.0,8.249313746260636,16.96,portrait,4305600.0,15.275427058954778
민병희,ink,paper,0.1,42.0,63.0,7.880804344674901,10.76,portrait,3601800.0,15.096944278467989
김철성,oil,canvas,2.0,20.0,20.0,5.991464547107982,1.4,square,841800.0,13.643297735318606
구나리,oil,canvas,2.8,90.9,116.8,9.27022307157756,49.96,portrait,2856600.0,14.865142664410666
구나리,oil,canvas,2.8,60.5,60.5,8.205286730073592,16.1,square,810060.0,13.604863597979346
구나리,oil,canvas,2.8,60.5,60.5,8.205286730073592,16.1,square,810060.0,13.604863597979346
강민석,acrylic,canvas,2.5,53.0,45.0,7.776954403322442,9.92,landscape,1269600.0,14.054212448194336
강민석,acrylic,canvas,2.2,52.9,41.0,7.681975405568561,9.29,landscape,1614600.0,14.294597805943052
강민석,acrylic,canvas,2.0,33.5,33.5,7.0230908776620415,5.49,square,634800.0,13.361065267634393
강민석,acrylic,canvas,2.0,41.0,41.0,7.427144133408616,7.79,square,634800.0,13.361065267634393
강민석,acrylic,canvas,2.0,41.0,41.0,7.427144133408616,7.79,square,759000.0,13.539757056377766
강민석,acrylic,canvas,2.4,122.0,65.0,8.978408314628894,39.3,landscape,8376600.0,15.940952662204792
강민석,acrylic,canvas,2.0,41.0,41.0,7.427144133408616,7.79,square,565800.0,13.245995937849605
강민석,acrylic,canvas,2.0,100.0,53.0,8.575462099540212,25.26,landscape,3712200.0,15.127135250747136
강민석,acrylic,canvas,2.4,72.7,91.0,8.797200891056324,30.05,portrait,4153800.0,15.239534135894171
강민석,acrylic,canvas,2.0,41.0,41.0,7.427144133408616,7.79,square,510600.0,13.14334178378952
카르라르,acrylic,paper,0.3,48.3,68.6,8.105724095390366,14.02,portrait,2967000.0,14.90306189927296
오카원,oil,canvas,2.5,37.8,45.5,7.450021428582446,7.98,portrait,2973900.0,14.9053847806891
오카원,oil,canvas,3.3,64.8,99.8,8.774473786675648,29.49,portrait,3215400.0,14.983462324710995
오카원,oil,canvas,1.8,40.9,52.8,7.677641253760972,9.27,portrait,2394300.0,14.68860147053221
오카원,oil,canvas,3.3,64.8,99.8,8.774473786675648,29.49,portrait,3215400.0,14.983462324710995
오카원,oil,canvas,1.8,45.5,52.8,7.784223516669121,9.97,portrait,2421900.0,14.700062914051216
이문자,acrylic,canvas,3.0,90.9,116.8,9.27022307157756,49.96,portrait,7617600.0,15.845971917422393
김미현,oil,canvas,2.5,72.6,60.7,8.390908619896203,20.01,landscape,2829000.0,14.855433850283704
김미현,oil,panel,3.0,16.5,24.1,5.985572221403144,1.38,portrait,292560.0,12.586425052823262
최체크크시,oil,canvas,2.0,31.8,31.8,6.918932579572262,5.17,square,1994100.0,14.505703378697785
김민기,ink,paper,3.5,57.0,69.0,8.27715777243181,17.53,portrait,1269600.0,14.054212448194336
김민기,acrylic,canvas,3.0,50.0,72.7,8.19836438996762,15.97,portrait,2635800.0,14.784697299191926
김론니에,other,paper,2.5,22.6,22.6,6.235899812556481,2.35,square,378120.0,12.84296688453932
민병희,ink,paper,0.1,34.0,35.0,7.081708586105575,5.68,square,855600.0,13.659558256190389
박영철,other,other,10.16,15.24,40.64,6.428676353528727,3.09,portrait,3049800.0,14.93058657266305
김혹융,oil,canvas,3.0,72.9,90.9,8.798848640198045,30.13,portrait,6230700.0,15.644999244002337
김혹융,acrylic,canvas,3.0,72.9,90.9,8.798848640198045,30.13,portrait,6230700.0,15.644999244002337
김미현,oil,canvas,2.5,72.6,60.7,8.390908619896203,20.01,landscape,2394300.0,14.68860147053221
강민석,acrylic,canvas,3.0,194.0,130.4,10.13846480855588,120.06,landscape,23970600.0,16.9923386373864
강민석,acrylic,canvas,3.0,194.0,130.4,10.13846480855588,120.06,landscape,23970600.0,16.9923386373864
강민석,acrylic,canvas,3.0,193.8,97.0,9.84153767796005,90.32,landscape,23818800.0,16.98598574278867
강민석,acrylic,canvas,3.0,155.0,89.5,9.537663742200056,66.72,landscape,13841400.0,16.443174659107232
강민석,acrylic,canvas,3.0,145.6,50.2,8.896878162460268,34.93,landscape,8961720.0,16.00847273081404
김민기,ink,paper,4.0,112.0,162.0,9.80609520652748,87.6,portrait,10391400.0,16.15648909894519
다니엘아체르,acrylic,canvas,1.0,30.0,40.0,7.090076835776092,5.71,portrait,1110900.0,13.920681055569814
이룩에,acrylic,other,3.0,72.7,53.0,8.256633298091595,17.11,landscape,5727000.0,15.560702391375994
이룩에,acrylic,other,3.0,72.7,53.0,8.256633298091595,17.11,landscape,5727000.0,15.560702391375994
이룩에,acrylic,canvas,3.0,72.7,53.0,8.256633298091595,17.11,landscape,5727000.0,15.560702391375994
이룩에,acrylic,other,3.0,60.6,50.0,8.016317898503415,12.0,landscape,4333200.0,15.281816857053547
이룩에,acrylic,other,3.0,72.7,60.6,8.390636277614743,20.0,landscape,5326800.0,15.488261240610129
이룩에,acrylic,other,3.0,72.7,60.6,8.390636277614743,20.0,landscape,5326800.0,15.488261240610129
이룩에,acrylic,other,3.0,72.7,60.6,8.390636277614743,20.0,landscape,5326800.0,15.488261240610129
이룩에,acrylic,other,3.0,72.7,53.0,8.256633298091595,17.11,landscape,5727000.0,15.560702391375994
이사라,oil,canvas,2.5,81.0,53.0,8.36474106822456,19.41,landscape,5050800.0,15.435057204546665
이사라,oil,canvas,3.0,162.0,112.0,9.80609520652748,87.6,landscape,14421000.0,16.48419603554421
이사라,oil,canvas,3.0,162.0,112.0,9.80609520652748,87.6,landscape,14421000.0,16.48419603554421
이사라,oil,canvas,2.5,81.0,53.0,8.36474106822456,19.41,landscape,5050800.0,15.435057204546665
이사라,oil,canvas,3.0,162.0,112.0,9.80609520652748,87.6,landscape,14421000.0,16.48419603554421
백종석,watercolor,paper,4.0,70.0,62.0,8.375629627094451,19.66,landscape,759000.0,13.539757056377766
신도원,other,paper,0.25,50.8,73.66,8.227356265601355,16.53,portrait,662400.0,13.403624882053188
신도원,other,paper,0.25,73.66,50.8,8.227356265601355,16.53,landscape,759000.0,13.539757056377766
신도원,other,paper,0.25,73.66,50.8,8.227356265601355,16.53,landscape,662400.0,13.403624882053188
전혜림,oil,canvas,2.54,50.8,43.18,7.693273779671097,9.37,landscape,1821600.0,14.415225793731668
전혜림,oil,canvas,3.81,50.8,101.6,8.548939889728818,24.6,portrait,2994600.0,14.912321224685757
이주연_A,acrylic,canvas,3.5,60.6,60.6,8.208589786150538,16.16,square,2415000.0,14.69720984506881
김케에태,oil,canvas,3.81,144.78,144.78,9.95043069772999,99.28,square,17250000.0,16.663322701441643
이주연_A,acrylic,canvas,3.5,60.6,60.6,8.208589786150538,16.16,square,2415000.0,14.69720984506881
이주연_A,acrylic,canvas,3.5,60.6,60.6,8.208589786150538,16.16,square,2415000.0,14.69720984506881
이주연_A,acrylic,canvas,3.5,60.6,60.6,8.208589786150538,16.16,square,2415000.0,14.69720984506881
이주연_A,acrylic,canvas,3.5,60.6,60.6,8.208589786150538,16.16,square,2415000.0,14.69720984506881
이주연_A,acrylic,canvas,3.5,60.6,60.6,8.208589786150538,16.16,square,2415000.0,14.69720984506881
이주연_A,acrylic,canvas,3.0,25.5,25.5,6.477356904328761,3.24,square,538200.0,13.195985517274943
이주연_A,acrylic,canvas,3.0,25.5,25.5,6.477356904328761,3.24,square,538200.0,13.195985517274943
이주연_A,acrylic,canvas,3.0,25.5,25.5,6.477356904328761,3.24,square,538200.0,13.195985517274943
이주연_A,acrylic,canvas,3.0,25.5,25.5,6.477356904328761,3.24,square,538200.0,13.195985517274943
이주연_A,acrylic,canvas,3.0,116.8,91.0,9.271322576910975,50.0,landscape,5478600.0,15.516360151832489
이주연_A,acrylic,canvas,2.0,53.0,45.5,7.788004239509027,10.0,landscape,1821600.0,14.415225793731668
이주연_A,acrylic,canvas,2.0,53.0,45.5,7.788004239509027,10.0,landscape,1821600.0,14.415225793731668
이주연_A,acrylic,canvas,2.0,53.0,45.5,7.788004239509027,10.0,landscape,1821600.0,14.415225793731668
이주연_A,acrylic,canvas,2.0,53.0,45.5,7.788004239509027,10.0,landscape,1821600.0,14.415225793731668
이주연_A,acrylic,canvas,2.0,53.0,45.5,7.788004239509027,10.0,landscape,1821600.0,14.415225793731668
이주연_A,acrylic,canvas,2.0,53.0,45.5,7.788004239509027,10.0,landscape,1821600.0,14.415225793731668
이주연_A,acrylic,canvas,3.0,25.5,25.5,6.477356904328761,3.24,square,538200.0,13.195985517274943
이주연_A,acrylic,canvas,2.0,53.0,45.5,7.788004239509027,10.0,landscape,1821600.0,14.415225793731668
이주연_A,acrylic,canvas,2.0,53.0,45.5,7.788004239509027,10.0,landscape,1821600.0,14.415225793731668
이주연_A,acrylic,canvas,2.0,53.0,45.5,7.788004239509027,10.0,landscape,1821600.0,14.415225793731668
이주연_A,acrylic,canvas,2.0,53.0,45.5,7.788004239509027,10.0,landscape,1821600.0,14.415225793731668
이주연_A,acrylic,canvas,2.0,53.0,45.5,7.788004239509027,10.0,landscape,1821600.0,14.415225793731668
이주연_A,acrylic,canvas,2.0,53.0,45.5,7.788004239509027,10.0,landscape,1821600.0,14.415225793731668
이주연_A,acrylic,canvas,2.0,53.0,45.5,7.788004239509027,10.0,landscape,1821600.0,14.415225793731668
이주연_A,acrylic,canvas,2.0,53.0,45.5,7.788004239509027,10.0,landscape,1821600.0,14.415225793731668
김철성,oil,canvas,2.5,72.7,52.0,8.237585103120901,16.73,landscape,4209000.0,15.252735647752708
마오,acrylic,canvas,1.78,19.81,29.46,6.369220271744943,2.88,portrait,750720.0,13.528788025007191
마오,acrylic,canvas,1.52,59.94,49.02,7.985572439988483,11.7,landscape,923220.0,13.73562283827948
김민기,ink,paper,4.0,130.0,162.0,9.955130785687968,99.69,portrait,10681200.0,16.18399574473502
김민기,acrylic,paper,4.0,97.0,162.0,9.662307313735766,76.75,portrait,10667400.0,16.18270291973272
김민기,ink,paper,4.0,97.0,162.0,9.662307313735766,76.75,portrait,10391400.0,16.15648909894519
김민기,acrylic,paper,4.0,162.0,130.0,9.955130785687968,99.69,landscape,10405200.0,16.157816239153252
김민기,ink,paper,4.0,112.0,162.0,9.80609520652748,87.6,portrait,10391400.0,16.15648909894519
김민기,ink,paper,4.0,113.0,162.5,9.818065820482133,88.51,portrait,10529400.0,16.169681902429755
김민기,ink,paper,4.0,113.0,162.5,9.818065820482133,88.51,portrait,10529400.0,16.169681902429755
김민기,acrylic,paper,4.0,43.0,52.0,7.71244383427499,9.49,portrait,2801400.0,14.845629850187084
김민기,acrylic,paper,4.0,43.0,52.0,7.71244383427499,9.49,portrait,2870400.0,14.869961950846614
김민기,acrylic,paper,4.0,45.0,53.0,7.776954403322442,9.92,portrait,2870400.0,14.869961950846614
김민기,acrylic,paper,4.0,45.0,53.0,7.776954403322442,9.92,portrait,2870400.0,14.869961950846614
김민기,acrylic,paper,4.0,31.5,80.0,7.832014180505469,10.35,portrait,2870400.0,14.869961950846614
김민기,acrylic,paper,4.0,31.5,80.0,7.832014180505469,10.35,portrait,2870400.0,14.869961950846614
김민기,ink,paper,2.5,55.0,79.5,8.383090206892756,19.83,portrait,2925600.0,14.88901014581731
김민기,ink,paper,2.5,55.0,79.5,8.383090206892756,19.83,portrait,2925600.0,14.88901014581731
김민기,ink,paper,3.0,65.5,85.0,8.624701399131522,26.23,portrait,2815200.0,14.850543864989511
김민기,ink,paper,2.5,79.0,109.5,9.065372401723575,42.39,portrait,6127200.0,15.628248433577522
김민기,ink,paper,2.5,75.0,105.5,8.976199066452432,39.17,portrait,6099600.0,15.623733753222997
김민기,ink,canvas,2.5,60.6,72.7,8.390636277614743,20.0,portrait,2594400.0,14.768865833975246
김민기,ink,paper,2.5,80.0,110.0,9.0825070004663,42.96,portrait,4498800.0,15.319321252512005
김민기,ink,paper,2.5,80.0,110.0,9.0825070004663,42.96,portrait,6127200.0,15.628248433577522
김민기,ink,paper,2.5,80.0,110.0,9.0825070004663,42.96,portrait,6127200.0,15.628248433577522
김지수,oil,canvas,3.81,60.96,60.96,8.220435822756782,16.39,square,2139000.0,14.575848988064545
오후이은,acrylic,canvas,1.5,45.01,45.01,7.613769374609682,8.88,square,717600.0,13.483667589726725
김지수,oil,canvas,3.81,139.7,68.58,9.16749821329769,45.97,landscape,4278000.0,15.268996168624488
오후이은,acrylic,canvas,1.5,59.99,70.0,8.342673123714361,18.92,portrait,786600.0,13.575475138979844
오후이은,acrylic,canvas,1.5,59.89,69.8,8.338143556044697,18.82,portrait,786600.0,13.575475138979844
오후이은,watercolor,canvas,2.29,73.66,88.9,8.786972053536777,29.78,portrait,869400.0,13.67555859753683
오후이은,acrylic,canvas,1.5,30.48,30.48,6.834141461636891,4.85,square,676200.0,13.424244169255925
오후이은,acrylic,canvas,0.99,31.98,41.99,7.2025422021019105,6.2,portrait,400200.0,12.89971970113177
오후이은,acrylic,canvas,1.52,45.72,45.72,7.6450716778532195,9.07,square,400200.0,12.89971970113177
김론니에,other,paper,3.0,45.3,53.0,7.78359894604111,9.97,portrait,1058460.0,13.872325579518506
김론니에,ink,paper,3.0,45.6,38.3,7.46535761270694,8.06,landscape,990840.0,13.806308347199474
김론니에,ink,paper,3.0,72.7,60.6,8.390636277614743,20.0,landscape,1697400.0,14.344608226517714
김보,oil,other,1.52,45.72,38.1,7.4627501210592655,8.05,landscape,331200.0,12.71047770149324
김보,oil,other,1.52,40.64,27.94,7.034812157099042,5.53,landscape,248400.0,12.42279562904146
김론니에,other,paper,3.0,50.5,70.0,8.170468578330674,15.44,portrait,1780200.0,14.392236275506969
김보,oil,canvas,1.52,33.02,45.72,7.319649277418592,6.99,portrait,262200.0,12.476862850311736
김론니에,other,paper,3.0,72.7,90.9,8.796101385722906,30.0,portrait,2773800.0,14.835728779204372
김론니에,other,paper,2.5,22.6,22.6,6.235899812556481,2.35,square,378120.0,12.84296688453932
김론니에,other,paper,2.5,116.8,91.0,9.271322576910975,50.0,landscape,4098600.0,15.226156009947996
오후이은,acrylic,canvas,1.27,43.18,43.18,7.530754850173323,8.41,square,400200.0,12.89971970113177
오후이은,other,canvas,1.27,20.32,20.32,6.023211245420562,1.53,square,510600.0,13.14334178378952
오후이은,acrylic,canvas,1.27,43.18,43.18,7.530754850173323,8.41,square,400200.0,12.89971970113177
오후이은,acrylic,canvas,1.27,43.18,43.18,7.530754850173323,8.41,square,400200.0,12.89971970113177
김론니에,ink,other,4.5,72.7,72.7,8.572682769078947,25.21,square,2525400.0,14.741910023986716
김론니에,other,other,2.5,100.0,80.3,8.990939806940807,40.0,landscape,3256800.0,14.996255676170906
김민기,acrylic,paper,1.5,21.8,31.0,6.51589717428019,3.36,portrait,841800.0,13.643297735318606
김민기,acrylic,paper,2.5,32.5,23.0,6.616734305264841,3.71,landscape,883200.0,13.691306954504968
민병희,ink,paper,0.1,70.0,90.0,8.748304912379623,28.88,portrait,4347000.0,15.284996509970927
김민기,acrylic,paper,2.0,27.0,39.0,6.959398512133975,5.29,portrait,1173000.0,13.975075127635613
김민기,ink,paper,4.0,89.5,145.5,9.474414711892356,62.09,portrait,9632400.0,16.08064297390767
김민기,acrylic,paper,2.5,23.0,32.5,6.616734305264841,3.71,portrait,897000.0,13.706811141040934
김민기,acrylic,paper,4.0,30.0,30.0,6.802394763324311,4.65,square,869400.0,13.67555859753683
김민기,acrylic,paper,2.5,45.5,53.0,7.788004239509027,10.0,portrait,1462800.0,14.195862965257364
안희라,acrylic,canvas,3.0,116.8,91.0,9.271322576910975,50.0,landscape,7962600.0,15.890266137653397
허은만,other,other,3.0,160.0,106.8,9.74613174175992,83.22,landscape,10391400.0,16.15648909894519
허은만,other,other,3.0,160.0,106.8,9.74613174175992,83.22,landscape,10391400.0,16.15648909894519
허은만,other,other,3.0,106.8,160.0,9.74613174175992,83.22,portrait,10391400.0,16.15648909894519
허은만,other,other,2.4,80.0,120.0,9.169518377455928,46.04,portrait,5271600.0,15.477844479751871
허은만,other,other,2.4,120.0,80.0,9.169518377455928,46.04,landscape,5271600.0,15.477844479751871
허은만,other,other,2.4,80.0,120.0,9.169518377455928,46.04,portrait,5271600.0,15.477844479751871
허은만,other,other,2.4,80.0,120.0,9.169518377455928,46.04,portrait,5271600.0,15.477844479751871
허은만,other,other,3.0,80.0,120.0,9.169518377455928,46.04,portrait,5175000.0,15.459349897115708
허은만,other,other,2.4,80.0,120.0,9.169518377455928,46.04,portrait,5271600.0,15.477844479751871
허은만,other,other,2.4,80.0,120.0,9.169518377455928,46.04,portrait,5271600.0,15.477844479751871
박영철,other,other,21.84,24.89,39.88,6.900341061473139,5.12,portrait,4402200.0,15.29761497393014
황명석,watercolor,paper,0.1,80.3,53.0,8.356061534504837,19.22,landscape,3961980.0,15.192254458272314
황명석,watercolor,paper,0.1,116.5,50.0,8.669914278433902,27.16,landscape,6734400.0,15.722739276998444
황명석,watercolor,paper,0.1,116.5,50.0,8.669914278433902,27.16,landscape,6734400.0,15.722739276998444
황명석,watercolor,paper,0.1,116.8,50.0,8.672486075822272,27.22,landscape,5718720.0,15.55925556209057
황명석,watercolor,paper,0.1,90.5,30.0,7.906547232368036,10.98,landscape,3447240.0,15.053084468836774
황명석,pastel,paper,0.1,90.0,30.0,7.90100705199242,10.93,landscape,3447240.0,15.053084468836774
황명석,pastel,paper,0.1,80.0,40.0,8.070906088787819,13.21,landscape,3447240.0,15.053084468836774
황명석,watercolor,paper,0.1,102.0,35.0,8.180320874773685,15.63,landscape,2645460.0,14.788355521196896
황명석,watercolor,paper,0.1,40.0,25.0,6.907755278982137,5.14,landscape,895620.0,13.70527149485534
황명석,watercolor,paper,0.1,51.0,35.0,7.487173694213739,8.18,landscape,1268220.0,14.053124900506935
강달예,oil,canvas,2.03,40.89,52.83,7.677964745552775,9.27,portrait,2097600.0,14.556304391991572
강달예,oil,canvas,2.03,40.89,52.83,7.677964745552775,9.27,portrait,2097600.0,14.556304391991572
강달예,oil,canvas,2.03,65.02,90.68,8.682031740515088,27.42,portrait,3995100.0,15.200579168158344
강달예,oil,canvas,2.03,40.89,52.83,7.677964745552775,9.27,portrait,2097600.0,14.556304391991572
강달예,oil,canvas,2.03,49.78,60.45,8.009429874000247,11.93,portrait,2263200.0,14.632290298969494
강달예,oil,canvas,2.03,52.83,72.64,8.252594945469262,17.03,portrait,2967000.0,14.90306189927296
강달예,oil,canvas,2.03,45.47,52.83,7.784131979013144,9.97,portrait,2097600.0,14.556304391991572
강달예,oil,canvas,2.03,65.02,90.68,8.682031740515088,27.42,portrait,3995100.0,15.200579168158344
강달예,oil,canvas,2.03,65.02,90.68,8.682031740515088,27.42,portrait,3995100.0,15.200579168158344
김선경,acrylic,canvas,2.0,31.8,41.0,7.173038356490439,6.02,portrait,1159200.0,13.96324066998861
황명석,watercolor,paper,0.1,46.0,61.0,7.939515260662406,11.28,portrait,1849200.0,14.430263671096208
황명석,watercolor,paper,0.1,23.0,30.0,6.536691597591305,3.43,portrait,1028100.0,13.84322299653081
황명석,pastel,paper,0.1,23.0,30.0,6.536691597591305,3.43,portrait,1028100.0,13.84322299653081
황명석,pastel,paper,0.1,46.0,61.0,7.939515260662406,11.28,portrait,1849200.0,14.430263671096208
황명석,watercolor,paper,0.1,61.0,46.0,7.939515260662406,11.28,landscape,1849200.0,14.430263671096208
황명석,watercolor,paper,0.1,61.0,46.0,7.939515260662406,11.28,landscape,1849200.0,14.430263671096208
황명석,watercolor,paper,0.1,61.0,46.0,7.939515260662406,11.28,landscape,1849200.0,14.430263671096208
황명석,watercolor,paper,0.1,61.0,46.0,7.939515260662406,11.28,landscape,1849200.0,14.430263671096208
황명석,watercolor,paper,0.1,61.0,46.0,7.939515260662406,11.28,landscape,1849200.0,14.430263671096208
황명석,watercolor,paper,0.1,61.0,23.0,7.246368080102461,6.48,landscape,1324800.0,14.096772062613132
허은만,other,panel,0.1,106.8,160.0,9.74613174175992,83.22,portrait,13013400.0,16.381490153778753
황명석,watercolor,paper,0.1,130.0,80.0,9.249561085129464,49.12,landscape,8024700.0,15.898034843104016
황명석,watercolor,paper,0.1,54.0,34.0,7.515344571180436,8.32,landscape,1446240.0,14.184477643032238
이주연_A,other,canvas,0.1,118.0,80.0,9.152711259139547,45.43,landscape,7245000.0,15.79582213373692
윤혜원,ink,paper,0.1,35.2,50.0,7.473069088032197,8.1,portrait,565800.0,13.245995937849605
윤혜원,watercolor,paper,0.1,35.2,50.0,7.473069088032197,8.1,portrait,565800.0,13.245995937849605
이상민,oil,canvas,2.03,90.68,65.02,8.682031740515088,27.42,landscape,3864000.0,15.167213474314543
이상민,oil,canvas,2.03,90.68,72.64,8.792852559932367,29.92,landscape,3877800.0,15.17077854047904
강달예,oil,canvas,1.78,114.3,50.8,8.666722925385201,27.1,landscape,2346000.0,14.668222308195558
강달예,acrylic,canvas,1.8,94.0,114.3,9.28212135307077,50.57,portrait,1407600.0,14.157396684429568
강달예,oil,canvas,1.78,35.56,50.8,7.49911776523014,8.24,portrait,2221800.0,14.61382823612976
강달예,acrylic,canvas,3.81,129.54,160.02,9.93928852117675,98.32,portrait,2760000.0,14.830741237693331
박동초느,other,paper,2.54,20.83,29.21,6.410905371672531,3.04,portrait,289800.0,12.57694630886872
박동초느,other,paper,2.54,20.83,29.21,6.410905371672531,3.04,portrait,289800.0,12.57694630886872
박동초느,other,paper,3.05,30.48,43.18,7.1824481559051065,6.07,portrait,303600.0,12.623466324503612
박동초느,other,paper,0.99,32.0,43.99,7.249698238160355,6.51,portrait,303600.0,12.623466324503612
권순영,pigment,paper,0.1,45.5,38.0,7.455298485683291,8.01,landscape,3271980.0,15.000905864216657
권순영,pigment,paper,0.1,37.3,35.0,7.174341388139183,6.02,square,2310120.0,14.65281002920067
권순영,pigment,paper,0.1,24.0,19.0,6.1224928095143865,1.94,landscape,2406720.0,14.693775382620176
권순영,pigment,paper,0.1,37.2,26.3,6.88587770046282,5.08,landscape,2886960.0,14.875714603336064
권순영,ink,paper,0.1,61.0,72.5,8.394460426033941,20.1,portrait,4812060.0,15.386635824826902
권순영,pigment,paper,0.1,37.4,26.2,6.887430115187537,5.09,landscape,2118300.0,14.566124438172547
권순영,pigment,paper,0.1,41.0,32.0,7.179307969504034,6.05,landscape,4042020.0,15.212255124978984
권순영,pigment,paper,0.1,45.7,27.3,7.128985000091073,5.85,landscape,3465180.0,15.058275137308836
권순영,pigment,paper,0.1,27.3,22.0,6.39792915554923,3.0,landscape,2695140.0,14.80696070902793
권순영,pigment,paper,0.1,25.5,35.0,6.794026513653794,4.59,portrait,3080160.0,14.940492101652453
권순영,ink,paper,0.1,61.0,72.5,8.394460426033941,20.1,portrait,4812060.0,15.386635824826902
권순영,pigment,paper,0.1,22.0,27.3,6.39792915554923,3.0,portrait,2886960.0,14.875714603336064
권순영,pigment,paper,0.1,37.5,26.5,6.901485665968542,5.12,landscape,3080160.0,14.940492101652453
권순영,pigment,paper,0.1,75.0,60.0,8.411832675758411,20.57,landscape,7699020.0,15.856603605996778
권순영,pigment,paper,0.1,91.0,72.5,8.794446068377479,29.96,landscape,4812060.0,15.386635824826902
정하슬린,oil,canvas,0.0,72.7,72.7,8.572682769078947,25.21,square,2739300.0,14.82321297127254
두엔차이프후찬아프후프라세르트,other,canvas,1.0,51.5,51.5,7.883163615339381,10.78,square,2406720.0,14.693775382620176
두엔차이프후찬아프후프라세르트,other,canvas,1.0,82.0,79.0,8.776167099731275,29.53,square,3945420.0,15.188065970473565
두엔차이프후찬아프후프라세르트,other,canvas,10.0,51.5,51.5,7.883163615339381,10.78,square,5870520.0,15.585453773911432
두엔차이프후찬아프후프라세르트,other,canvas,1.0,93.0,88.0,9.009936307631463,40.59,square,4908660.0,15.406511550099706
두엔차이프후찬아프후프라세르트,other,canvas,7.0,149.0,118.0,9.774630930411124,85.27,landscape,10585980.0,16.175041042110546
두엔차이프후찬아프후프라세르트,other,canvas,8.0,149.0,118.0,9.774630930411124,85.27,landscape,10585980.0,16.175041042110546
두엔차이프후찬아프후프라세르트,other,canvas,8.0,149.0,118.0,9.774630930411124,85.27,landscape,10585980.0,16.175041042110546
두엔차이프후찬아프후프라세르트,other,canvas,1.0,51.5,51.5,7.883163615339381,10.78,square,2406720.0,14.693775382620176
두엔차이프후찬아프후프라세르트,other,canvas,4.0,51.5,51.5,7.883163615339381,10.78,square,7602420.0,15.843977175623968
두엔차이프후찬아프후프라세르트,other,canvas,1.0,51.5,51.5,7.883163615339381,10.78,square,2406720.0,14.693775382620176
두엔차이프후찬아프후프라세르트,other,canvas,1.0,51.5,51.5,7.883163615339381,10.78,square,2406720.0,14.693775382620176
양희성,oil,canvas,0.0,60.6,72.1,8.382348937366173,19.81,portrait,1145400.0,13.951264478941894
양희성,oil,canvas,0.0,130.5,161.0,9.95277759174721,99.49,portrait,5147400.0,15.454002290789113
양희성,oil,canvas,0.0,145.5,89.4,9.473296768791016,62.01,landscape,4119300.0,15.231193803977952
양희성,oil,canvas,0.0,53.0,33.4,7.478847813534776,8.13,landscape,572700.0,13.258117298381949
양희성,oil,canvas,0.0,45.3,27.5,7.127493037161514,5.84,landscape,572700.0,13.258117298381949
양희성,oil,canvas,0.0,53.0,33.4,7.478847813534776,8.13,landscape,572700.0,13.258117298381949
양희성,oil,canvas,0.0,130.5,161.0,9.95277759174721,99.49,portrait,5147400.0,15.454002290789113
양희성,oil,canvas,0.0,97.0,130.3,9.444550462634185,60.0,portrait,3091200.0,14.944069923000336
양희성,oil,canvas,0.0,45.5,53.3,7.793648657128704,10.04,portrait,572700.0,13.258117298381949
양희성,oil,canvas,0.0,45.5,53.0,7.788004239509027,10.0,portrait,572700.0,13.258117298381949
양희성,oil,canvas,0.0,61.0,72.5,8.394460426033941,20.1,portrait,1145400.0,13.951264478941894
양희성,oil,canvas,0.0,45.5,53.0,7.788004239509027,10.0,portrait,572700.0,13.258117298381949
프하치아아프한라이바,watercolor,paper,1.0,115.0,160.0,9.820105943597078,88.66,portrait,45540000.0,17.634101618599868
프하치아아프한라이바,watercolor,paper,1.0,115.0,160.0,9.820105943597078,88.66,portrait,45540000.0,17.634101618599868
프하치아아프한라이바,watercolor,paper,1.0,115.0,115.0,9.4898642567265,63.19,square,39744000.0,17.497969444275288
프하치아아프한라이바,watercolor,paper,1.0,115.0,160.0,9.820105943597078,88.66,portrait,45540000.0,17.634101618599868
프하치아아프한라이바,watercolor,paper,1.0,115.0,115.0,9.4898642567265,63.19,square,43470000.0,17.587581602964974
박정윤,oil,canvas,0.0,72.7,72.7,8.572682769078947,25.21,square,1733280.0,14.365526125179397
박정윤,oil,canvas,0.0,91.0,116.8,9.271322576910975,50.0,portrait,2886960.0,14.875714603336064
엄승주,watercolor,other,0.2,100.0,65.1,8.781094735202615,29.64,landscape,1059840.0,13.873628511298923
엄승주,watercolor,other,0.2,72.7,115.0,9.031273512902724,41.27,portrait,1155060.0,13.959662848640724
엄승주,watercolor,other,2.0,27.3,45.5,7.124599028147819,5.83,portrait,289800.0,12.57694630886872
최예림,oil,canvas,0.0,61.0,74.0,8.414938957377482,20.66,portrait,914940.0,13.726613768337112
최예림,oil,canvas,0.0,33.4,24.3,6.699032250329157,4.02,landscape,578220.0,13.267709698073388
정연재,acrylic,canvas,3.0,126.0,62.0,8.96341629199657,38.47,landscape,2415000.0,14.69720984506881
정연재,acrylic,canvas,3.0,126.0,62.0,8.96341629199657,38.47,landscape,2415000.0,14.69720984506881
아보우드이아,mixed,other,1.0,40.0,57.8,7.7458682297922685,9.71,portrait,19320000.0,16.776651386748647
아보우드이아,mixed,other,3.0,122.0,150.0,9.814656338829511,88.25,portrait,103500000.0,18.455082170669694
유타카 하시모토,acrylic,canvas,0.0,80.3,100.0,8.990939806940807,40.0,portrait,8970000.0,16.00939623403498
유타카 하시모토,acrylic,canvas,0.0,112.0,145.5,9.698674957906642,79.92,portrait,11730000.0,16.27766022062966
로델탑아야,acrylic,canvas,3.0,152.4,193.0,10.289198832157432,127.75,portrait,82800000.0,18.23193861935549
로델탑아야,acrylic,canvas,4.0,243.8,182.9,10.705287772443992,168.33,landscape,103500000.0,18.455082170669694
코우레온그기안그,oil,canvas,0.0,220.0,220.0,10.787255092704724,189.68,square,34500000.0,17.356469882001587
피터라브느,other,paper,0.2,45.0,45.0,7.613324979540639,8.87,square,963240.0,13.778057880913623
아민타아샤,watercolor,paper,5.0,36.6,29.6,6.987822601737335,5.38,landscape,5244000.0,15.472595123865728
에베르고야,other,other,0.0,24.5,31.5,6.648660663382269,3.82,portrait,20208720.0,16.821624752391376
윌리엄켄트리드게,other,paper,0.0,48.0,62.0,7.998335395952982,11.83,portrait,3864000.0,15.167213474314543
왕엑스이야오,oil,canvas,4.0,150.0,190.0,10.257659366256744,126.04,portrait,66459420.0,18.012102093798774
