artist_name_raw,artist_name_ko
gallery hexagon,핵사곤갤러리
jeongrock heo,허정록
rebecca yunjeong lee,이윤정
yohahn diko,디코요한
chamy shin,신차미
Winter Gyeoul Kim,김겨울
stepper studio,스테퍼스튜디오
hye-jin stella kim,김혜진
gosce bang,방고세
hyeokeon kweon,권효근
sweet kim,김스윗
sheean kim,김시안
rreonsu choi,최련수
ina sinn,신이나
yesung and benjamin prevost-kim,김예성
onnury oh,오온누리
Byeori Yang,양벼리
Jinny Suh,서지니
Jae Youl Jeoung,정재율
Changyeol Gu,구창열
yoonjin jo,조윤진
dallrye kang,강달예
ryiwoo choi,최릴우
joam jeong,정조암
sunny jung,정서니
Gaeul Jeon,전가을
hannah kim,김한나
PARK KI ILL,박기일
economy park,박경제
hannah park,박한나
kyuyeol choi,최규열
shin young inn,인신영
